TIME_PERIOD,ACTIVITY,B1G,SAL,Produtividade_Trabalho,REF_AREA,Prod_Projetada_Contrafactual,Choque_Estrutural_Percentual
2015,A,277397.499,3929.4022999999997,70.59534194297184,BLOCO_OCDE,69.05461557233616,2.2311707303934503
2016,A,262132.944,4006.73,65.42316153072456,BLOCO_OCDE,68.4285260436186,-4.39197610507982
2017,A,280231.999,4085.1089,68.59841582191359,BLOCO_OCDE,67.80243651490105,1.1739685886326567
2018,A,281618.43700000003,4114.968,68.43757642829787,BLOCO_OCDE,67.17634698618372,1.8774903648356434
2019,A,277336.184,4204.7591,65.95768685059745,BLOCO_OCDE,66.55025745746616,-0.8904106903679931
2020,A,292193.463,4019.2321,72.69882796766078,BLOCO_OCDE,65.9241679287486,10.27644375615675
2021,A,322814.83900000004,3998.6979,80.72998937979287,BLOCO_OCDE,65.29807840003105,23.63302467374673
2022,A,409279.80882464803,4196.9217,97.51904802623505,BLOCO_OCDE,64.67198887131349,50.79024122836513
2023,A,390942.54550922196,4248.974099999999,92.00869111186675,BLOCO_OCDE,64.04589934259593,43.660549787413494
2024,A,39584.0,470.0752,84.20780334720912,BLOCO_OCDE,63.41980981387837,32.77839147474333
2025,A,38952.0,468.5187,83.13862392258835,BLOCO_OCDE,62.793720285160816,32.39958318289888
2015,A01,250799.773,2527.4,99.23232294057134,BLOCO_OCDE,95.25990957381941,4.170078876333161
2016,A01,234368.805,2614.7,89.63506520824569,BLOCO_OCDE,94.55716916522056,-5.205426516496525
2017,A01,253400.285,2737.0,92.58322433321155,BLOCO_OCDE,93.85442875662147,-1.3544426621639238
2018,A01,252948.40000000002,2674.7,94.57075559875875,BLOCO_OCDE,93.15168834802262,1.523394020980473
2019,A01,251609.243,2698.2,93.25077570232007,BLOCO_OCDE,92.44894793942376,0.8673195106792431
2020,A01,265414.89455942303,2646.9,100.27386548771129,BLOCO_OCDE,91.74620753082468,9.294834289495313
2021,A01,298894.731860836,2633.2,113.51007590036306,BLOCO_OCDE,91.04346712222582,24.67679394060842
2022,A01,347728.90785565,2300.7,151.14048239911767,BLOCO_OCDE,90.34072671362674,67.30049435867565
2023,A01,279975.257452535,2037.0,137.4448981112101,BLOCO_OCDE,89.63798630502788,53.33331746599119
2015,A01_02,271315.467,3702.4966013434005,73.27905902778058,BLOCO_OCDE,71.64049177464562,2.2872082708327524
2016,A01_02,255774.294,3775.58777800599,67.74423190210734,BLOCO_OCDE,70.84710861765961,-4.379680097175953
2017,A01_02,273896.5,3859.9633716569797,70.9583158252674,BLOCO_OCDE,70.0537254606736,1.291280882844137
2018,A01_02,272888.843806118,3886.99967292774,70.20552270861769,BLOCO_OCDE,69.2603423036876,1.3646776401793348
2019,A01_02,270523.503,3973.52454902464,68.08149783959533,BLOCO_OCDE,68.46695914670158,-0.5629887932956712
2020,A01_02,285999.78926715,3816.4904801580997,74.93790191644925,BLOCO_OCDE,67.67357598971557,10.73436096806477
2021,A01_02,317505.677378202,3794.39901207354,83.67746153420313,BLOCO_OCDE,66.88019283272956,25.115460930987908
2022,A01_02,366993.326277709,1965.9419366330899,186.6755672887414,BLOCO_OCDE,66.08680967574332,182.47023604962925
2023,A01_02,297312.93702694704,1630.23213082178,182.37460261384692,BLOCO_OCDE,65.29342651875731,179.3154109647697
2015,A02,20515.694000000003,1175.0966013434,17.458729755958743,BLOCO_OCDE,18.53498851514587,-5.806632997412764
2016,A02,21405.489,1160.88777800599,18.438895994552844,BLOCO_OCDE,17.976450341162945,2.572508168261556
2017,A02,20496.215,1122.96337165698,18.251899854718296,BLOCO_OCDE,17.41791216718002,4.788103646025554
2018,A02,21953.652000000002,1212.29967292774,18.10909669469866,BLOCO_OCDE,16.859373993197096,7.4126281438791075
2019,A02,18914.260000000002,1275.32454902464,14.830938535971496,BLOCO_OCDE,16.3008358192144,-9.01731236081944
2020,A02,20584.8947077266,1169.5904801581,17.600087429699347,BLOCO_OCDE,15.742297645231474,11.80126196528002
2021,A02,18610.9455173661,1161.19901207354,16.027352179823804,BLOCO_OCDE,15.18375947124855,5.555888251342855
2022,A02,19264.4184220589,531.24193663309,36.26298508011832,BLOCO_OCDE,14.625221297265853,147.94828292203408
2023,A02,17337.6795744119,501.23213082178,34.590120042756304,BLOCO_OCDE,14.066683123282928,145.9010396381457
2015,A03,6082.733,92.9033986565958,65.47374033628154,BLOCO_OCDE,64.51457974829054,1.4867346136846038
2016,A03,6358.251,102.9122219940145,61.783244757554684,BLOCO_OCDE,63.74363463480631,-3.0754284541239296
2017,A03,6335.6990000000005,100.7366283430244,62.89369720044557,BLOCO_OCDE,62.97268952132208,-0.1254390140820738
2018,A03,6717.385,104.30032707225871,64.40425632938074,BLOCO_OCDE,62.20174440783785,3.54091664552314
2019,A03,6813.380999999999,112.9754509753595,60.30850898294738,BLOCO_OCDE,61.43079929435362,-1.8269179699724192
2020,A03,6193.77373285035,92.8095198419006,66.73640531059029,BLOCO_OCDE,60.65985418086939,10.017417964115861
2021,A03,5308.8616217975805,86.0009879264578,61.73023996349156,BLOCO_OCDE,59.88890906738516,3.074577454791494
2022,A03,4674.88254693926,148.958063366912,31.3838837675013,BLOCO_OCDE,59.117963953900926,-46.91311799578575
2023,A03,4048.30848227543,129.767869178223,31.19653969747695,BLOCO_OCDE,58.347018840416695,-46.5327615403938
2015,B,262025.58299999998,1818.2751,144.10667725692332,BLOCO_OCDE,146.77695389603468,-1.819275143836807
2016,B,219423.307,1480.9981,148.15907393804218,BLOCO_OCDE,157.20584419136503,-5.7547289668889885
2017,B,275096.221,1518.8708,181.11890820470052,BLOCO_OCDE,167.63473448669902,8.04378266788821
2018,B,316844.0525868263,1677.1628,188.91669466245395,BLOCO_OCDE,178.06362478202936,6.095051638822935
2019,B,295058.966,1677.6885,175.87231837137824,BLOCO_OCDE,188.49251507736335,-6.695330422433687
2020,B,201063.918713829,1287.2361,156.19816653202082,BLOCO_OCDE,198.9214053726937,-21.477446713503657
2021,B,329283.385983204,1257.6053,261.83365001976694,BLOCO_OCDE,209.35029566802768,25.069634692545883
2022,B,461124.68029083405,1391.5437,331.3763558347712,BLOCO_OCDE,219.77918596335803,50.776951139503645
2023,B,408057.555549194,1452.868338835123,280.8634097404623,BLOCO_OCDE,230.20807625869202,22.004151333442934
2024,B,6905.0,54.6816,126.27648057116104,BLOCO_OCDE,240.63696655402237,-47.52407230714808
2015,B05_06,176292.5006364829,920.0053345263528,191.62117220466305,BLOCO_OCDE,191.14575217419042,0.24872121146557458
2016,B05_06,154821.48558610753,826.787077135272,187.25677972924694,BLOCO_OCDE,212.78000584771507,-11.995124267801227
2017,B05_06,193039.20122816024,750.0565975666008,257.36617990486974,BLOCO_OCDE,234.414259521247,9.791179269767248
2018,B05_06,221250.17729976127,776.8270168115996,284.81267066104124,BLOCO_OCDE,256.04851319477166,11.233870139440793
2019,B05_06,200369.52104349012,798.2388465596712,251.01449510639895,BLOCO_OCDE,277.6827668682963,-9.603862732520952
2020,B05_06,122827.6387935401,682.5057089610469,179.9657309541279,BLOCO_OCDE,299.31702054182097,-39.874541505071925
2021,B05_06,246988.81823614918,652.2999543267916,378.64301016402004,BLOCO_OCDE,320.9512742153529,17.975231938153
2022,B05_06,359255.85991013487,683.3594894323752,525.720159690102,BLOCO_OCDE,342.58552788887755,53.4566164921674
2023,B05_06,292017.97409240546,706.7973452823808,413.15658022985076,BLOCO_OCDE,364.2197815624022,13.436062823804695
2015,B07_08,31651.00954747628,185.49912643231582,170.62619191915695,BLOCO_OCDE,181.6058087194142,-6.0458511088822275
2016,B07_08,31838.215054780478,160.7627564239814,198.0447198281,BLOCO_OCDE,192.7681273207818,2.7372743516554054
2017,B07_08,38271.098421521136,176.2492787194958,217.1418725771374,BLOCO_OCDE,203.930445922153,6.478398355499904
2018,B07_08,39549.45275211033,182.4585164752028,216.7586008926327,BLOCO_OCDE,215.0927645235206,0.7744734569767209
2019,B07_08,40815.03756127418,188.0176838046786,217.08084439373644,BLOCO_OCDE,226.2550831248882,-4.054821047307811
2020,B07_08,44169.28776556574,159.6505628829326,276.66227395611423,BLOCO_OCDE,237.4174017262594,16.529905535359156
2021,B07_08,49173.24004885128,160.15277793316972,307.03956986229,BLOCO_OCDE,248.579720327627,23.517545782742523
2022,B07_08,51256.08392065889,155.2720550569317,330.1050140790979,BLOCO_OCDE,259.7420389289982,27.08955987264492
2023,B07_08,54248.32864879516,145.1665763406543,373.6971003676055,BLOCO_OCDE,270.9043575303658,37.944292876764685
2015,B09,54081.7738160408,237.29553904133138,227.9089359813924,BLOCO_OCDE,219.6304875881233,3.769261947272917
2016,B09,32764.007359111994,155.95016644074653,210.0928014819447,BLOCO_OCDE,226.79458095448535,-7.364276254860114
2017,B09,43786.221350318636,185.19412371390342,236.4341830735496,BLOCO_OCDE,233.95867432084924,1.0580965890178762
2018,B09,56129.96494812838,221.71446671319762,253.1632950263738,BLOCO_OCDE,241.1227676872113,4.993525685961631
2019,B09,53874.50839523571,222.4434696356502,242.1941560409892,BLOCO_OCDE,248.28686105357338,-2.453897474369182
2020,B09,34067.492154723455,134.34372815602057,253.5845373827876,BLOCO_OCDE,255.45095441993544,-0.7306361572952391
2021,B09,33121.12769820325,131.04726774003868,252.74184093564128,BLOCO_OCDE,262.6150477862975,-3.7595739215562918
2022,B09,47705.33646004053,158.86845551069308,300.2819930910047,BLOCO_OCDE,269.7791411526596,11.306601321369225
2023,B09,56258.25280799304,170.0360783769649,330.8606817152662,BLOCO_OCDE,276.94323451902164,19.46877210771556
2015,BTE,3926675.463,45381.9187,86.525109018804,BLOCO_OCDE,85.9830710934284,0.6304007503833198
2016,BTE,3906921.359,45105.2106,86.61796069742772,BLOCO_OCDE,87.98886691329699,-1.5580450845220417
2017,BTE,4105110.7879999997,45463.3477,90.29495177276617,BLOCO_OCDE,89.99466273316557,0.33367427631898483
2018,BTE,4325513.608000001,46339.2706,93.34444741993848,BLOCO_OCDE,92.00045855303415,1.4608501827516163
2019,BTE,4372215.107000001,46916.788,93.19084475689172,BLOCO_OCDE,94.00625437290319,-0.8673993251309686
2020,BTE,4064357.241,43673.6544,93.061991189819,BLOCO_OCDE,96.01205019277177,-3.0725924475414113
2021,BTE,4606049.538,44985.911,102.38871316844066,BLOCO_OCDE,98.01784601264035,4.459256486045038
2022,BTE,5183172.72338631,45984.8231,112.71485620624927,BLOCO_OCDE,100.02364183250893,12.688214647285045
2023,BTE,5485291.17714399,45850.2151,119.63501512872924,BLOCO_OCDE,102.02943765237751,17.25539009274495
2024,BTE,916055.0,10902.4497,84.02285955971895,BLOCO_OCDE,104.03523347224609,-19.236150335420664
2025,BTE,924672.0,10701.4809,86.40598517537886,BLOCO_OCDE,106.04102929211467,-18.51645938162908
2015,BTNXL,10865969.395489639,142123.9,76.454202252328,BLOCO_OCDE,75.4115910005853,1.3825610067484284
2016,BTNXL,11101732.779323973,144361.2,76.9024694954321,BLOCO_OCDE,77.37253002249918,-0.6075289601236822
2017,BTNXL,11490391.919792535,146794.9,78.27514388982543,BLOCO_OCDE,79.33346904441305,-1.3340210220671667
2018,BTNXL,12040953.993927838,149297.4,80.65079494973013,BLOCO_OCDE,81.29440806632692,-0.7917065046733396
2019,BTNXL,12762583.543416373,151242.8,84.38473463474872,BLOCO_OCDE,83.2553470882408,1.356534548238586
2020,BTNXL,12553364.071,144141.8,87.09037954985995,BLOCO_OCDE,85.21628611015467,2.1992198032225074
2021,BTNXL,14230716.708446115,148646.5,95.73529621246458,BLOCO_OCDE,87.177225132069,9.816865663515383
2022,BTNXL,323.60779859357905,56395.4,0.00573819493422476,BLOCO_OCDE,89.13816415398287,-99.99356258344707
2023,BTNXL,345.04049965945404,57172.0,0.006035130827318514,BLOCO_OCDE,91.09910317589674,-99.99337520281
2024,BTNXL,123.78796448684577,27279.0,0.004537848326069349,BLOCO_OCDE,93.06004219781062,-99.99512374138362
2025,BTNXL,126.98001883405922,27073.0,0.004690282526282984,BLOCO_OCDE,95.02098121972449,-99.99506395064955
2015,C,3210385.402,40368.2921,79.52740220089717,BLOCO_OCDE,79.12508971057923,0.5084512280358888
2016,C,3228204.549,40427.2603,79.85217214929601,BLOCO_OCDE,80.72170957976732,-1.0772039331154781
2017,C,3351027.967,40708.1071,82.31844233798824,BLOCO_OCDE,82.31832944895496,0.00013713717714747276
2018,C,3508969.424,41323.7614,84.914085870218,BLOCO_OCDE,83.91494931814259,1.1906538229409458
2019,C,3555817.0020000003,41843.2108,84.9795446863748,BLOCO_OCDE,85.51156918733022,-0.6221666916086166
2020,C,3334651.27,39027.0394,85.44463841651283,BLOCO_OCDE,87.10818905651786,-1.909752295419298
2021,C,3692081.982,40335.4502,91.53441857455702,BLOCO_OCDE,88.70480892570595,3.189916852445962
2022,C,4035940.89642552,41124.3292,98.13998124559123,BLOCO_OCDE,90.30142879489358,8.680430149673235
2023,C,4295415.31313571,42221.90108190312,101.73429436072416,BLOCO_OCDE,91.89804866408122,10.703432596918127
2024,C,779505.0,9948.4451,78.35445561236499,BLOCO_OCDE,93.49466853326885,-16.193664471377232
2025,C,787292.0,9719.1535,81.00417387172658,BLOCO_OCDE,95.09128840245648,-14.814306091961626
2015,C10,259863.41854264168,3163.93480304263,82.1329877887311,BLOCO_OCDE,81.21171902710444,1.1344037198857793
2016,C10,263791.2560976234,3231.257483867183,81.63733698557407,BLOCO_OCDE,81.7145288910607,-0.09446533747938801
2017,C10,266767.8185329025,3283.827215833,81.23686205129164,BLOCO_OCDE,82.21733875501695,-1.1925424959896125
2018,C10,268679.5063969897,3307.736501855078,81.22760269637746,BLOCO_OCDE,82.72014861897321,-1.8043317710546458
2019,C10,285727.7973577043,3367.370477690008,84.85190425311073,BLOCO_OCDE,83.22295848292947,1.9573274008462205
2020,C10,303010.3128699566,3374.60676960705,89.79129527000863,BLOCO_OCDE,83.72576834688573,7.2445162855869105
2021,C10,313793.9002011155,3380.862018354179,92.81476099810546,BLOCO_OCDE,84.22857821084199,10.193906830257093
2022,C10,291415.7718170292,3086.9455639506023,94.40262738034227,BLOCO_OCDE,84.73138807479825,11.413998431144012
2023,C10,295093.272499675,2535.253470556076,116.39596431947689,BLOCO_OCDE,85.2341979387545,36.56016849377035
2015,C10T12,347224.249,5549.1846000000005,62.57212077608663,BLOCO_OCDE,62.121619171203974,0.7251929535852852
2016,C10T12,353097.294,5708.849099999999,61.85087183334379,BLOCO_OCDE,61.63111369721878,0.35657012009329137
2017,C10T12,357392.174,5849.956099999999,61.09313777585442,BLOCO_OCDE,61.140608223233585,-0.07764143792263756
2018,C10T12,357742.991,6137.9529,58.28376281610111,BLOCO_OCDE,60.65010274924839,-3.9016255964654634
2019,C10T12,382969.433,6186.5905999999995,61.90314791478202,BLOCO_OCDE,60.159597275263195,2.8982086291919895
2020,C10T12,403816.82897177,5901.1963,68.42965535170725,BLOCO_OCDE,59.669091801278,14.681912001619612
2021,C10T12,416523.410355262,6249.2128,66.6521406272582,BLOCO_OCDE,59.178586327292805,12.62881519107637
2022,C10T12,413055.788639287,6447.9902999999995,64.05961693820895,BLOCO_OCDE,58.68808085330761,9.152686553727385
2023,C10T12,482660.500583586,6335.9482,76.17810079059453,BLOCO_OCDE,58.197575379322416,30.895660676717096
2015,C10_11,307710.7015661559,3511.6598740591244,87.62542860122537,BLOCO_OCDE,86.75562360781475,1.0025920594411541
2016,C10_11,313109.96997393563,3598.387984668565,87.01395494537677,BLOCO_OCDE,87.0597269336248,-0.05257538687541974
2017,C10_11,317229.4597478853,3674.528997876231,86.33200606968526,BLOCO_OCDE,87.36383025943485,-1.1810656500355954
2018,C10_11,320337.8262252693,3708.0567239641123,86.38967795584608,BLOCO_OCDE,87.6679335852449,-1.4580651979847148
2019,C10_11,338999.4721297478,3789.478356944238,89.45808372504084,BLOCO_OCDE,87.97203691105483,1.6892263339184588
2020,C10_11,353040.3675194776,3791.269873340175,93.1192922988737,BLOCO_OCDE,88.27614023686488,5.4863659070430115
2021,C10_11,368550.37629114743,3816.27408480133,96.57335089189058,BLOCO_OCDE,88.58024356267492,9.023577953429474
2022,C10_11,341162.3485658914,3515.160581882298,97.0545557219482,BLOCO_OCDE,88.88434688848497,9.191954623589282
2023,C10_11,346363.1317631083,2955.783132222708,117.18151037104269,BLOCO_OCDE,89.18845021429502,31.386418408984728
2015,C11,47847.28302351423,347.72507101649853,137.60090086010513,BLOCO_OCDE,136.8852960096683,0.5227770047604441
2016,C11,49318.71387631229,367.1305008013804,134.33564841019293,BLOCO_OCDE,133.68023476990584,0.49028462690479113
2017,C11,50461.6412149828,390.7017820432292,129.15641426329475,BLOCO_OCDE,130.47517353014246,-1.0107357830361874
2018,C11,50071.64125231789,400.32022210902903,125.07897050147182,BLOCO_OCDE,127.27011229037907,-1.7216467790237777
2019,C11,53271.67477204355,422.1078792542312,126.20393361564942,BLOCO_OCDE,124.0650510506157,1.7240008744776159
2020,C11,50030.05464952111,416.6631037331279,120.07315790928607,BLOCO_OCDE,120.85998981085231,-0.6510276087211775
2021,C11,54756.47609003145,435.41206644715294,125.75782875479263,BLOCO_OCDE,117.65492857108893,6.887004464762225
2022,C11,49746.57674886178,428.2150179316993,116.17195723106657,BLOCO_OCDE,114.44986733132555,1.5046674495093004
2023,C11,51269.859263433,420.5296616666285,121.91734361909711,BLOCO_OCDE,111.24480609156217,9.59374006077256
2015,C12,39513.24643384412,25.840125940876366,1529.1429509381112,BLOCO_OCDE,1503.4847146156098,1.706584448320192
2016,C12,39987.92402606436,25.71201533143459,1555.223249154513,BLOCO_OCDE,1551.9571711971948,0.2104489748772309
2017,C12,40163.015252114696,25.47100212376665,1576.8133133104773,BLOCO_OCDE,1600.4296277787653,-1.4756234237593535
2018,C12,39027.6433506924,24.6432760358848,1583.70353413489,BLOCO_OCDE,1648.9020843603503,-3.9540583303193655
2019,C12,43969.65987025218,25.02164305575963,1757.2650913558207,BLOCO_OCDE,1697.3745409419353,3.528422806474407
2020,C12,50776.06145229252,23.730126659823092,2139.7298961012393,BLOCO_OCDE,1745.8469975235057,22.561135032821245
2021,C12,47973.034064114894,21.72591519867204,2208.1018739798433,BLOCO_OCDE,1794.3194541050907,23.06068849268119
2022,C12,40251.340073395724,19.03941811770476,2114.105579516949,BLOCO_OCDE,1842.7919106866757,14.722968299181115
2023,C12,47601.36882047746,18.21686777729752,2613.0380591442786,BLOCO_OCDE,1891.2643672682461,38.16355367169355
2015,C13,31284.437579838428,450.7107661397884,69.41133855705485,BLOCO_OCDE,70.59789831237259,-1.68072957365899
2016,C13,31910.07652484827,440.2046431955722,72.48918660467514,BLOCO_OCDE,70.73082332167155,2.485992952474003
2017,C13,30966.71667172023,435.9652145055761,71.03024654579215,BLOCO_OCDE,70.86374833097051,0.23495541619391602
2018,C13,30532.19387970603,435.3357038858643,70.1348260828864,BLOCO_OCDE,70.99667334026947,-1.213926254336506
2019,C13,30051.72087619456,421.7599287038709,71.253143864444,BLOCO_OCDE,71.12959834956843,0.17369072473656377
2020,C13,27809.59811994493,395.4742166174217,70.31962376158569,BLOCO_OCDE,71.26252335886738,-1.3231352930535345
2021,C13,30304.4639677671,398.9765927278828,75.95549343025218,BLOCO_OCDE,71.39544836816634,6.387024896280447
2022,C13,19542.89779963077,293.2506655440212,66.64229649189694,BLOCO_OCDE,71.5283733774653,-6.830963231589015
2023,C13,14091.91286085171,245.0757849061652,57.50022535375019,BLOCO_OCDE,71.66129838676426,-19.761117021052467
2015,C13T15,64581.663,1442.8263000000002,44.760525227465,BLOCO_OCDE,45.309184502960534,-1.2109228658919724
2016,C13T15,65576.882,1406.5571,46.622267947742756,BLOCO_OCDE,45.99375498035124,1.3665180580711755
2017,C13T15,65646.238,1386.5718000000002,47.3442760050363,BLOCO_OCDE,46.678325457742176,1.4266804577148129
2018,C13T15,65853.086,1421.0823,46.340093040353814,BLOCO_OCDE,47.36289593513288,-2.1595024429669096
2019,C13T15,66114.47899999999,1368.1368,48.324465068113064,BLOCO_OCDE,48.04746641252359,0.5765104307711599
2020,C13T15,56878.018462855805,1153.2468,49.31990139739023,BLOCO_OCDE,48.7320368899143,1.2063204105420944
2021,C13T15,64632.704731047605,1203.0765999999999,53.72285084012739,BLOCO_OCDE,49.416607367305005,8.714162509811384
2022,C13T15,62959.144199912196,1250.6808,50.339898237753545,BLOCO_OCDE,50.10117784469571,0.47647660858956
2023,C13T15,51137.4683709057,1133.1151,45.12998579835861,BLOCO_OCDE,50.78574832208642,-11.136515086592025
2015,C13_14,51085.24734068085,849.0239826968791,60.16938082056446,BLOCO_OCDE,60.47510281708969,-0.5055336531628596
2016,C13_14,51366.69360070417,832.2225827638131,61.722302019389176,BLOCO_OCDE,60.906727303254684,1.3390552279615164
2017,C13_14,51343.90027858754,818.802596478783,62.70607897360029,BLOCO_OCDE,61.338351789419676,2.2298075254388205
2018,C13_14,46786.26226299615,809.301285050172,57.8106857449209,BLOCO_OCDE,61.76997627558467,-6.409732963146242
2019,C13_14,50890.77755695672,791.6639086822629,64.28331138862352,BLOCO_OCDE,62.20160076174966,3.3467155207908883
2020,C13_14,44244.70412834491,737.17582694748,60.01920099788774,BLOCO_OCDE,62.63322524791465,-4.173542460379598
2021,C13_14,49193.624577149494,727.3906094324609,67.63027174014842,BLOCO_OCDE,63.064849734079644,7.2392497965497515
2022,C13_14,27344.11618974216,461.114219013582,59.300093257234266,BLOCO_OCDE,63.496474220244636,-6.608840907378188
2023,C13_14,19146.78716792724,374.32824036634565,51.14972663881507,BLOCO_OCDE,63.92809870640963,-19.988662772968347
2015,C14,19800.80976084242,398.3132165570906,49.7116563994415,BLOCO_OCDE,49.05784407037072,1.3327375906142969
2016,C14,19456.617075855902,392.01793956824076,49.63195586733851,BLOCO_OCDE,50.801057420808775,-2.3013331076675247
2017,C14,20377.18360686731,382.8373819732069,53.22673429078412,BLOCO_OCDE,52.54427077124683,1.2988352669474068
2018,C14,20178.627423723134,374.9655811643077,53.814612426736254,BLOCO_OCDE,54.287484121684884,-0.8710510398468485
2019,C14,20839.056680762173,369.9039799783921,56.33639487193267,BLOCO_OCDE,56.03069747212294,0.5455891388141731
2020,C14,16435.10600839993,341.7016103300581,48.097830128821606,BLOCO_OCDE,57.77391082256099,-16.748183662790627
2021,C14,18889.16060938235,328.4140167045785,57.516304568613776,BLOCO_OCDE,59.51712417299905,-3.36175450710533
2022,C14,7801.21839011138,167.8635534695608,46.47356873406113,BLOCO_OCDE,61.2603375234371,-24.137589486376598
2023,C14,5054.87430707553,129.25245546018078,39.108535997080544,BLOCO_OCDE,63.003550873875156,-37.92645739067834
2015,C15,13496.414659319174,201.2760173031211,67.05426130820948,BLOCO_OCDE,67.89154010447555,-1.2332593942892212
2016,C15,14210.98739929585,203.2774172361874,69.90932683281855,BLOCO_OCDE,68.969171882718,1.3631524410634865
2017,C15,14302.438721412433,204.59740352121742,69.90527971157377,BLOCO_OCDE,70.04680366096045,-0.2020419804901863
2018,C15,15142.46369657086,210.4987149498273,71.93613367274043,BLOCO_OCDE,71.1244354392029,1.1412368035333964
2019,C15,15224.101443043288,213.1360913177364,71.42901677946082,BLOCO_OCDE,72.20206721744535,-1.0706763224055393
2020,C15,12632.914334510859,200.9241730525195,62.8740392088549,BLOCO_OCDE,73.2796989956878,-14.199921573702456
2021,C15,15439.180153898184,202.20939056753872,76.35243897706836,BLOCO_OCDE,74.35733077393024,2.6831358554328277
2022,C15,7346.6280101699995,72.3857809864186,101.4926952511352,BLOCO_OCDE,75.43496255217315,34.54330965026957
2023,C15,4436.081202978439,49.671759633654105,89.30791330317321,BLOCO_OCDE,76.5125943304156,16.723153991487607
2015,C16,47368.513,984.7,48.10451203412207,BLOCO_OCDE,48.276162955502514,-0.3555604067760343
2016,C16,50198.418999999994,1012.6,49.57378925538218,BLOCO_OCDE,49.63418306476069,-0.12167785515823093
2017,C16,52881.312999999995,1027.7,51.45598229055171,BLOCO_OCDE,50.99220317401887,0.9095098616353603
2018,C16,54246.113000000005,1037.4,52.29045016387121,BLOCO_OCDE,52.350223283277046,-0.11417930174316693
2019,C16,54992.469,1027.2,53.53628212616822,BLOCO_OCDE,53.70824339253522,-0.3201766721547705
2020,C16,61708.8779141487,978.0,63.097012182156135,BLOCO_OCDE,55.0662635017934,14.58379081795007
2021,C16,80420.7903175102,1022.1,78.68191988798571,BLOCO_OCDE,56.42428361105158,39.44690982762362
2022,C16,83317.8613954427,1003.1,83.06037423531322,BLOCO_OCDE,57.782303720309756,43.74707979342565
2023,C16,74262.31653861821,938.0,79.1709131541772,BLOCO_OCDE,59.14032382956748,33.86959696455929
2015,C16T18,183547.581,3288.5034,55.81492815242338,BLOCO_OCDE,55.61290371786936,0.363268991633503
2016,C16T18,187174.239,3284.1518,56.99317522411723,BLOCO_OCDE,56.21068926548355,1.392058999557877
2017,C16T18,185953.468,3278.1956,56.72433579009135,BLOCO_OCDE,56.80847481309752,-0.1481099840877409
2018,C16T18,180082.5686429224,3309.1866,54.41898279260601,BLOCO_OCDE,57.40626036071171,-5.203748771188321
2019,C16T18,194571.913,3237.9569,60.09095210624947,BLOCO_OCDE,58.00404590832591,3.597863158066361
2020,C16T18,195489.173133754,2975.8258,65.6924115429586,BLOCO_OCDE,58.60183145593987,12.099587864160544
2021,C16T18,213794.46840327,3022.3964,70.73674002631488,BLOCO_OCDE,59.19961700355407,19.488509565979406
2022,C16T18,233920.178007569,3098.9103999999998,75.4846535761631,BLOCO_OCDE,59.797402551168034,26.234000735352403
2023,C16T18,221182.60613985598,2872.0596,77.0118440926003,BLOCO_OCDE,60.39518809878223,27.51321175892343
2015,C17,80857.898,1001.9,80.70455933725921,BLOCO_OCDE,79.84648344431855,1.0746570868572336
2016,C17,80201.73300000001,990.9,80.93827126854376,BLOCO_OCDE,80.24310876175616,0.8663205071622437
2017,C17,77353.811,986.1,78.44418517391745,BLOCO_OCDE,80.63973407919377,-2.72266387079122
2018,C17,82091.2,1027.3,79.9096661150589,BLOCO_OCDE,81.03635939663138,-1.390355255297071
2019,C17,83934.166,1008.8,83.20198850118953,BLOCO_OCDE,81.43298471406888,2.172343054024184
2020,C17,84603.7767918325,943.1,89.70817176527675,BLOCO_OCDE,81.82961003150649,9.628008407637289
2021,C17,81855.6844895736,951.5,86.02804465535849,BLOCO_OCDE,82.2262353489441,4.623596459549217
2022,C17,84442.7482451999,925.9,91.2007217250242,BLOCO_OCDE,82.6228606663816,10.38194633961984
2023,C17,82757.7902584037,843.0,98.1705697015465,BLOCO_OCDE,83.01948598381921,18.25003315568623
2015,C18,55344.971000000005,1118.2,49.49469772849222,BLOCO_OCDE,49.75819107667485,-0.5295476834690338
2016,C18,56774.787,1102.4,51.501076741654565,BLOCO_OCDE,50.66901573083578,1.6421495440899436
2017,C18,55718.844,1089.5,51.14166498393758,BLOCO_OCDE,51.57984038499694,-0.8495090286995355
2018,C18,55595.89000000001,1070.7,51.92480620155039,BLOCO_OCDE,52.4906650391581,-1.0780180384180382
2019,C18,55645.878,1033.6,53.83695626934985,BLOCO_OCDE,53.40148969331926,0.8154577307326827
2020,C18,49177.5184277728,906.8,54.23193474611028,BLOCO_OCDE,54.312314347480196,-0.14799516893290177
2021,C18,51518.2935961862,892.3,57.73651641397087,BLOCO_OCDE,55.22313900164136,4.551312108959982
2022,C18,49019.2683669264,860.6,56.95941014051406,BLOCO_OCDE,56.13396365580252,1.4704938524793043
2023,C18,47535.2993428341,787.0,60.40063448898869,BLOCO_OCDE,57.04478830996368,5.882826947819297
2015,C19,147068.233,290.5598,506.1547846605071,BLOCO_OCDE,422.518203200525,19.794787733746144
2016,C19,91573.975,286.6025,319.5156183215429,BLOCO_OCDE,461.7360766418424,-30.80124458860868
2017,C19,141880.171,291.5532,486.63561572982223,BLOCO_OCDE,500.9539500831743,-2.8582136843066652
2018,C19,196824.022,297.8015,660.9235413522094,BLOCO_OCDE,540.1718235244916,22.354316269190377
2019,C19,154297.4,290.2836,531.5401903517801,BLOCO_OCDE,579.389696965809,-8.258605022597177
2020,C19,66741.8350086398,273.1394,244.35081503671677,BLOCO_OCDE,618.6075704071263,-60.49986668027658
2021,C19,152369.710936108,269.4164,565.5546987344052,BLOCO_OCDE,657.8254438484582,-14.02663061711995
2022,C19,254972.252456039,265.9495,958.7243159172662,BLOCO_OCDE,697.0433172897756,37.5415691014658
2023,C19,234677.366206632,273.7827,857.1665273468046,BLOCO_OCDE,736.2611907310929,16.421527867801245
2015,C19T23,821650.0959999999,6550.1669999999995,125.43956451797335,BLOCO_OCDE,122.79928956634194,2.15007347432985
2016,C19T23,797220.55,6560.111,121.5254665660383,BLOCO_OCDE,125.92378360518614,-3.4928406002618706
2017,C19T23,853743.6159999999,6656.621999999999,128.25478388287632,BLOCO_OCDE,129.04827764403035,-0.6148813263070596
2018,C19T23,924998.416,6781.831,136.39361051609808,BLOCO_OCDE,132.17277168287455,3.1934253776191523
2019,C19T23,914223.9920000001,6841.562,133.6279627371644,BLOCO_OCDE,135.29726572171785,-1.2338039321407201
2020,C19T23,833004.618112355,6525.392,127.65587387123334,BLOCO_OCDE,138.42175976056205,-7.77759646167715
2021,C19T23,1010456.759107193,6752.669,149.6381296206275,BLOCO_OCDE,141.54625379940626,5.716771446801205
2022,C19T23,1182951.529291229,6855.597,172.55266452961413,BLOCO_OCDE,144.67074783825046,19.2726706041066
2023,C19T23,1138961.714214867,6404.807,177.82920144430068,BLOCO_OCDE,147.79524187709467,20.321330501412227
2015,C20,258519.42599999998,1262.655580536912,204.7426313120726,BLOCO_OCDE,208.35967470970172,-1.735961338329306
2016,C20,273542.65599999996,1259.623541722337,217.16222898309238,BLOCO_OCDE,212.6100251463031,2.1411049801893345
2017,C20,279819.454,1285.604708739716,217.65590316972958,BLOCO_OCDE,216.86037558290627,0.3668386097206433
2018,C20,284947.68799999997,1293.269611465791,220.33123292601024,BLOCO_OCDE,221.11072601950764,-0.3525351788807529
2019,C20,288175.406,1284.147578722666,224.4098815236224,BLOCO_OCDE,225.361076456109,-0.4220759624707693
2020,C20,286377.725548112,1156.3289305532999,247.66112650237085,BLOCO_OCDE,229.61142689271037,7.8609761952720625
2021,C20,346668.182202756,1294.135958783631,267.8761685353309,BLOCO_OCDE,233.86177732931174,14.544656076106843
2022,C20,386129.743237019,1309.409687786259,294.88841180778616,BLOCO_OCDE,238.11212776591492,23.844347860217894
2023,C20,371546.026584111,1189.081406015037,312.464751954428,BLOCO_OCDE,242.3624782025163,28.924557246577898
2015,C20_21,445681.811,2543.952,175.19269663893027,BLOCO_OCDE,179.2781597429157,-2.2788403840400706
2016,C20_21,474826.743,2526.3289999999997,187.95126960898602,BLOCO_OCDE,182.86069024170865,2.7838565853320008
2017,C20_21,480341.346,2550.572,188.32691098310497,BLOCO_OCDE,186.4432207405025,1.010329168913171
2018,C20_21,489855.746,2614.956,187.3284850682,BLOCO_OCDE,190.02575123929546,-1.41942139605008
2019,C20_21,516085.961,2668.259,193.41674140328956,BLOCO_OCDE,193.6082817380884,-0.09893189128032942
2020,C20_21,532866.621902627,2584.4139999999998,206.18469869867099,BLOCO_OCDE,197.19081223688227,4.561006854104588
2021,C20_21,612052.6491956341,2685.951,227.87185961159904,BLOCO_OCDE,200.77334273567521,13.497069136115304
2022,C20_21,661051.543154278,2755.699,239.88524986011822,BLOCO_OCDE,204.35587323446816,17.38603156508516
2023,C20_21,638881.5160196719,2603.862,245.3592072159246,BLOCO_OCDE,207.93840373326202,17.99610019641442
2015,C21,187162.385,567.295919463088,329.9202031580592,BLOCO_OCDE,333.9184113169449,-1.1973607993393087
2016,C21,201284.087,577.7055582776629,348.4198552634606,BLOCO_OCDE,341.2307315293183,2.1068218861537646
2017,C21,200521.892,574.9672912602839,348.7535639818249,BLOCO_OCDE,348.54305174169167,0.060397772694442686
2018,C21,204908.05800000002,585.686188534209,349.8598089069189,BLOCO_OCDE,355.85537195406505,-1.6848314005275422
2019,C21,227910.555,623.111921277334,365.76182739819836,BLOCO_OCDE,363.16769216644025,0.7143078218998733
2020,C21,246488.896354515,564.0854694467,436.97083102723946,BLOCO_OCDE,370.4800123788136,17.94720806164285
2021,C21,265384.466992878,643.8147412163689,412.2062605952189,BLOCO_OCDE,377.792332591187,9.109218222613213
2022,C21,274921.79991725896,652.289812213741,421.471859240342,BLOCO_OCDE,385.1046528035604,9.443460672840098
2023,C21,267335.489435561,611.7805939849629,436.9793551217675,BLOCO_OCDE,392.41697301593376,11.355875298498951
2015,C22,129223.333,2108.0,61.30139136622391,BLOCO_OCDE,61.318547511942484,-0.02797872163431414
2016,C22,133269.84399999998,2137.8,62.339715595471965,BLOCO_OCDE,61.439514712935335,1.4651822800727743
2017,C22,131301.624,2181.8,60.18041250343753,BLOCO_OCDE,61.560481913928214,-2.2418106024904905
2018,C22,136253.104,2204.4,61.80960987116675,BLOCO_OCDE,61.681449114921065,0.2077784456829157
2019,C22,138548.698,2228.5,62.171280233340816,BLOCO_OCDE,61.802416315913916,0.596843844327033
2020,C22,129560.3280615384,2120.2,61.10759742549684,BLOCO_OCDE,61.923383516906796,-1.3174120099351816
2021,C22,135650.820306311,2190.5,61.92687528249761,BLOCO_OCDE,62.04435071789965,-0.18934106658020644
2022,C22,135306.6838838969,2079.6,65.06380259852708,BLOCO_OCDE,62.1653179188925,4.662543000932207
2023,C22,134877.3528763371,1901.0,70.95073796756292,BLOCO_OCDE,62.28628511988535,13.910691303873213
2015,C22_23,228900.452,3715.6553,61.604329120626446,BLOCO_OCDE,61.18166644000905,0.6908322463426764
2016,C22_23,230820.43200000003,3747.1792,61.59845037568527,BLOCO_OCDE,61.41992163585218,0.290669110409425
2017,C22_23,231521.999,3814.4974,60.6952829486789,BLOCO_OCDE,61.65817683169536,-1.5616645390680417
2018,C22_23,238319.348,3869.0729,61.59598285160251,BLOCO_OCDE,61.89643202753848,-0.48540629256674794
2019,C22_23,243841.331,3883.0191999999997,62.796838861883565,BLOCO_OCDE,62.13468722338166,1.065671476097374
2020,C22_23,233396.261201088,3667.8388999999997,63.63318225374839,BLOCO_OCDE,62.372942419224785,2.020491234890298
2021,C22_23,246034.898975451,3797.3023,64.79202326753153,BLOCO_OCDE,62.611197615067965,3.483124002628446
2022,C22_23,266928.33368091204,3833.9484,69.62230730098298,BLOCO_OCDE,62.84945281091109,10.776314171658274
2023,C22_23,267640.831988562,3533.562,75.7425034536148,BLOCO_OCDE,63.08770800675421,20.05905087803437
2015,C23,99678.019,1270.1,78.48044957089994,BLOCO_OCDE,77.16311140200753,1.707212351805354
2016,C23,97550.488,1275.9,76.45621757191002,BLOCO_OCDE,77.37911142618952,-1.1926912021467673
2017,C23,100220.475,1303.8,76.86798205246204,BLOCO_OCDE,77.59511145037152,-0.937081453094557
2018,C23,102066.344,1329.6,76.7646991576414,BLOCO_OCDE,77.81111147455346,-1.3448109107839445
2019,C23,105292.633,1326.0,79.4062088989442,BLOCO_OCDE,78.02711149873545,1.7674592506619957
2020,C23,103835.9331395496,1262.6,82.23976963373167,BLOCO_OCDE,78.24311152291745,5.1079999670560206
2021,C23,110384.17866913999,1295.0,85.23874800705791,BLOCO_OCDE,78.45911154709944,8.640980411674203
2022,C23,104586.1497970152,1188.3,88.01325405791063,BLOCO_OCDE,78.67511157128143,11.869245940844486
2023,C23,100732.6791122249,1084.0,92.92682574928496,BLOCO_OCDE,78.89111159546343,17.791249064652103
2015,C24,108838.16,1245.1,87.41318769576742,BLOCO_OCDE,84.58497713311408,3.3436322364933657
2016,C24,105241.759,1192.6,88.2456473251719,BLOCO_OCDE,89.46439827656832,-1.362274798550367
2017,C24,108784.01199999999,1181.8,92.04942629886612,BLOCO_OCDE,94.34381942002437,-2.431948521125138
2018,C24,119367.35999999999,1241.4,96.15543740937649,BLOCO_OCDE,99.22324056347861,-3.0918191511186133
2019,C24,115200.351,1068.1,107.85539837093906,BLOCO_OCDE,104.10266170693285,3.6048421841228473
2020,C24,96963.2407602614,987.5,98.19062355469508,BLOCO_OCDE,108.9820828503889,-9.902049046455087
2021,C24,121360.5494701007,1004.3,120.84093345623887,BLOCO_OCDE,113.86150399384314,6.129753443949881
2022,C24,134346.0958705385,930.9,144.31850453382586,BLOCO_OCDE,118.74092513729738,21.540660363689867
2023,C24,125793.8741677328,888.0,141.6597682069063,BLOCO_OCDE,123.62034628075162,14.592599413356865
2015,C241_2431,52689.70095258519,520.6459338126741,101.20063853517522,BLOCO_OCDE,102.87649557589612,-1.6289989577692676
2016,C241_2431,51321.67638398413,496.45392871623267,103.3765137415581,BLOCO_OCDE,107.36330123870175,-3.713361503554924
2017,C241_2431,57338.78062224593,497.37796757599904,115.28210809515724,BLOCO_OCDE,111.85010690150739,3.0683933066528057
2018,C241_2431,64747.63218146792,505.301227215929,128.1367008313231,BLOCO_OCDE,116.33691256431302,10.14277240724173
2019,C241_2431,56572.00087229423,508.4914641445805,111.25457330431999,BLOCO_OCDE,120.82371822711866,-7.919922564219595
2020,C241_2431,46686.28689584307,476.5437548029434,97.96852109655369,BLOCO_OCDE,125.3105238899243,-21.81939867826941
2021,C241_2431,70700.39524120375,466.9756632161801,151.40059923952384,BLOCO_OCDE,129.79732955272993,16.643847574705006
2022,C241_2431,77664.10198877109,391.16740425394175,198.5444112780736,BLOCO_OCDE,134.28413521553557,47.8539597841515
2023,C241_2431,69164.0484167056,354.814090407079,194.9303882981466,BLOCO_OCDE,138.7709408783394,40.46916960017028
2015,C242_2432,56148.45904741486,334.4540661873259,167.8809281271121,BLOCO_OCDE,162.39562236411166,3.3777423819354446
2016,C242_2432,53920.08261601588,332.44607128376765,162.19196818238544,BLOCO_OCDE,163.39921442438117,-0.7388323415437381
2017,C242_2432,51445.2313777541,328.2220324240012,156.73911649933518,BLOCO_OCDE,164.40280648465068,-4.6615323358430665
2018,C242_2432,54619.72781853196,336.298772784071,162.41429418953578,BLOCO_OCDE,165.4063985449202,-1.8089411181828163
2019,C242_2432,58628.350127705795,339.3085358554198,172.78772542488434,BLOCO_OCDE,166.4099906051897,3.832543224418483
2020,C242_2432,50276.95386441832,311.7562451970567,161.2700776295242,BLOCO_OCDE,167.41358266545922,-3.6696574663308668
2021,C242_2432,50660.15422889693,311.92433678382,162.41167570072315,BLOCO_OCDE,168.4171747257285,-3.565847149962853
2022,C242_2432,56681.99388176752,282.83259574605825,200.4082794355837,BLOCO_OCDE,169.420766785998,18.290268210583193
2023,C242_2432,56629.8257510272,265.1859095929211,213.54764224825496,BLOCO_OCDE,170.42435884626752,25.303474042045295
2015,C24_25,359633.363,6246.2595,57.57579604241547,BLOCO_OCDE,57.79626326679704,-0.3814558449286909
2016,C24_25,357780.18,6111.8963,58.53832631289899,BLOCO_OCDE,58.67181182804234,-0.22751217490022402
2017,C24_25,365713.865,6114.5100999999995,59.81082033047914,BLOCO_OCDE,59.54736038928763,0.44243764873732605
2018,C24_25,385495.321,6301.1759,61.178314511105775,BLOCO_OCDE,60.42290895053293,1.250197274002951
2019,C24_25,389455.103,6423.0964,60.63354474953855,BLOCO_OCDE,61.298457511778224,-1.0847136930189683
2020,C24_25,349938.328747323,5906.192300000001,59.24939639153351,BLOCO_OCDE,62.17400607302352,-4.70391063116482
2021,C24_25,384443.80372601096,6082.0413,63.20966674889415,BLOCO_OCDE,63.049554634268816,0.2539464641012845
2022,C24_25,443436.786339773,6172.8066,71.83714233648159,BLOCO_OCDE,63.92510319551411,12.377045550898224
2023,C24_25,429178.549490531,5760.7161,74.50090267259152,BLOCO_OCDE,64.80065175675941,14.969372456690255
2015,C25,250796.003,4502.8,55.697788709247575,BLOCO_OCDE,56.55152026668833,-1.5096527085650124
2016,C25,252538.921,4425.2,57.06836323781976,BLOCO_OCDE,56.78201942985879,0.5042860589251852
2017,C25,256929.952,4447.3,57.77212061250646,BLOCO_OCDE,57.012518593029256,1.3323425069140526
2018,C25,266128.461,4566.4,58.27970852312544,BLOCO_OCDE,57.24301775619966,1.8110344415122936
2019,C25,274254.352,4876.1,56.24461188244704,BLOCO_OCDE,57.47351691937013,-2.138210958356912
2020,C25,252974.487987062,4537.4,55.75318199564993,BLOCO_OCDE,57.70401608254059,-3.380759640889053
2021,C25,263083.65425590996,4639.2,56.70884080356742,BLOCO_OCDE,57.934515245711054,-2.1156204327339667
2022,C25,256759.390469234,4269.1,60.14368144790096,BLOCO_OCDE,58.16501440888152,3.4018164684187058
2023,C25,254472.875322798,3922.0,64.88344602825039,BLOCO_OCDE,58.39551357205198,11.110326905838752
2015,C252,1719.206689386293,12.96841407356985,132.5687689823311,BLOCO_OCDE,124.6626878097286,6.34197875203002
2016,C252,1556.586530293573,11.94153530495042,130.35061996159595,BLOCO_OCDE,127.267517047404,2.4225371765865145
2017,C252,1351.448231379286,11.332377329101678,119.2554917765358,BLOCO_OCDE,129.8723462850785,-8.174838456554856
2018,C252,1261.2035463927468,11.1771913443594,112.83725110684595,BLOCO_OCDE,132.4771755227539,-14.825138246198977
2019,C252,1782.410595548411,11.547879619964739,154.3495995980822,BLOCO_OCDE,135.0820047604293,14.263628135978855
2020,C252,1587.875036013095,12.502916549666779,127.0003706499516,BLOCO_OCDE,137.6868339981047,-7.76142717342182
2021,C252,2475.952955153592,18.08025528211267,136.94236704739038,BLOCO_OCDE,140.2916632357801,-2.3873807688492232
2022,C252,1882.93803544594,12.9241608167188,145.69131892959393,BLOCO_OCDE,142.8964924734546,1.9558397884808176
2015,C25X252,48529.1933106137,703.93158592643,68.94021277187814,BLOCO_OCDE,69.44873754983269,-0.7322304132449609
2016,C25X252,49914.9134697064,712.65846469505,70.04044144913823,BLOCO_OCDE,70.16595533977375,-0.17888146755463685
2017,C25X252,51311.9517686207,717.867622670899,71.47829230368323,BLOCO_OCDE,70.88317312971503,0.839577501530786
2018,C25X252,54478.8964536073,748.1228086556409,72.82079335544468,BLOCO_OCDE,71.60039091965632,1.7044633697011369
2019,C25X252,54394.389404451606,764.6521203800351,71.13612576843099,BLOCO_OCDE,72.31760870959738,-1.6337417155354528
2020,C25X252,48422.2249639869,771.497083450333,62.76397669247209,BLOCO_OCDE,73.03482649953867,-14.062948184222023
2021,C25X252,55177.54704484649,768.119744717887,71.83456410837604,BLOCO_OCDE,73.75204428947995,-2.599901059796683
2022,C25X252,20426.0619645541,263.675839183281,77.46656662901886,BLOCO_OCDE,74.46926207942101,4.024888210119815
2015,C26,326756.469,2703.7023,120.85519511523144,BLOCO_OCDE,119.12688423051623,1.4508151504834643
2016,C26,329730.49399999995,2716.114,121.39788462487213,BLOCO_OCDE,123.39478883217998,-1.6183051376859159
2017,C26,341757.23099999997,2714.0875,125.91975424521131,BLOCO_OCDE,127.66269343384556,-1.3652690083163832
2018,C26,370834.951,2757.2613,134.493945495844,BLOCO_OCDE,131.93059803551114,1.9429514445488127
2019,C26,376670.776,2776.852,135.6466876880727,BLOCO_OCDE,136.19850263717672,-0.4051549307954039
2020,C26,379769.271081533,2624.6294,144.69443612935717,BLOCO_OCDE,140.4664072388423,3.0099929040868334
2021,C26,401844.355374965,2633.4842,152.5903802175707,BLOCO_OCDE,144.73431184050787,5.4279239505556465
2022,C26,407915.188692752,2676.6302,152.39878437176415,BLOCO_OCDE,149.00221644217345,2.2795418824584246
2023,C26,413710.254774014,2579.9657,160.35494377852154,BLOCO_OCDE,153.27012104383903,4.622442186664744
2015,C265_267,27646.92022150803,250.31901421244422,110.44674456109937,BLOCO_OCDE,110.70867534604167,-0.2365946337300029
2016,C265_267,28497.8068904474,255.8218126560383,111.39709548053173,BLOCO_OCDE,112.90890791758011,-1.3389664862864081
2017,C265_267,29173.922528640553,250.936792130391,116.26004413685693,BLOCO_OCDE,115.10914048911764,0.9998368877127461
2018,C265_267,31515.205303069237,261.3402065976074,120.59072621609293,BLOCO_OCDE,117.30937306065516,2.7971790060979496
2019,C265_267,29449.315650906712,252.02430832269408,116.85109205100785,BLOCO_OCDE,119.5096056321936,-2.224518746524584
2020,C265_267,29040.439179955232,261.626800722255,110.99948132142924,BLOCO_OCDE,121.70983820373112,-8.799910541638978
2021,C265_267,34636.80415786269,276.8503401780133,125.11020985414504,BLOCO_OCDE,123.91007077526865,0.9685565276231989
2022,C265_267,32803.686602349786,253.81778943342408,129.24108540845253,BLOCO_OCDE,126.11030334680709,2.482574364313206
2023,C265_267,30308.0869398411,206.13314383287,147.0316047981808,BLOCO_OCDE,128.3105359183446,14.59043775777702
2015,C266,1691.956398300613,15.15108201640759,111.67231465504176,BLOCO_OCDE,109.96910896793452,1.5488037532466192
2016,C266,1647.677952437796,15.64898463360412,105.28976742041307,BLOCO_OCDE,105.84493068250049,-0.5245062361585617
2017,C266,1751.939150887748,17.39082605059726,100.73927171662903,BLOCO_OCDE,101.72075239706464,-0.9648775272566024
2018,C266,1570.7830177437472,16.63749998388037,94.4122025103313,BLOCO_OCDE,97.5965741116288,-3.262790349234268
2019,C266,1646.351917372682,17.06237338516038,96.49020568290692,BLOCO_OCDE,93.47239582619477,3.228557297625656
2020,C266,1936.9709137401571,17.81703096667852,108.7145730039246,BLOCO_OCDE,89.34821754075892,21.67514472723657
2021,C266,2098.492871178588,17.34395093026341,120.99278184170446,BLOCO_OCDE,85.2240392553249,41.97025029430848
2022,C266,388.967877110141,3.19649732915822,121.6856568475762,BLOCO_OCDE,81.09986096988905,50.044223741340254
2015,C26T28,745025.779,8649.925,86.13089466093638,BLOCO_OCDE,85.21303180034283,1.077139072746669
2016,C26T28,742886.655,8583.387999999999,86.54935032646783,BLOCO_OCDE,87.75201828215813,-1.3705302501684224
2017,C26T28,775513.075,8646.662,89.68930148998538,BLOCO_OCDE,90.29100476397252,-0.6664044503215338
2018,C26T28,822522.9210000001,8753.042,93.96995021844978,BLOCO_OCDE,92.82999124578782,1.2280071961265904
2019,C26T28,834809.578,8776.796,95.11552712402111,BLOCO_OCDE,95.36897772760312,-0.2657579116617237
2020,C26T28,802846.601492606,8242.937,97.39812417498835,BLOCO_OCDE,97.90796420941842,-0.5207339755727736
2021,C26T28,854622.303858549,8383.769,101.93772083397681,BLOCO_OCDE,100.44695069123372,1.4841367831320174
2022,C26T28,892667.874336436,8534.433,104.59603752662139,BLOCO_OCDE,102.98593717304902,1.5634176837822755
2023,C26T28,972246.93110226,8555.895,113.6347431919466,BLOCO_OCDE,105.52492365486341,7.685217156477342
2015,C26_27,449535.437,4342.78,103.51328803209005,BLOCO_OCDE,101.19947656959539,2.2863867886741884
2016,C26_27,449485.758,4353.17,103.25481384829905,BLOCO_OCDE,105.26273135580868,-1.9075293616716782
2017,C26_27,466337.08699999994,4361.225,106.92800463172615,BLOCO_OCDE,109.32598614202197,-2.1934231694747064
2018,C26_27,500823.19930513925,4356.737999999999,114.95371062137299,BLOCO_OCDE,113.38924092823709,1.3797338092474298
2019,C26_27,504925.863,4279.754,117.98011357662146,BLOCO_OCDE,117.45249571445038,0.4492180936314982
2020,C26_27,502263.655583206,4056.976,123.80247149187127,BLOCO_OCDE,121.51575050066367,1.8818309410804535
2021,C26_27,532439.666608859,4126.153,129.04021411926774,BLOCO_OCDE,125.57900528687696,2.756200229874306
2022,C26_27,549322.419874145,4208.965,130.51247037553054,BLOCO_OCDE,129.64226007309026,0.6712396883158833
2023,C26_27,561646.907592991,4066.2129999999997,138.12530420639328,BLOCO_OCDE,133.70551485930537,3.305614844487703
2015,C27,122778.968,1639.0776,74.90735521002787,BLOCO_OCDE,72.26471547461733,3.656888037342032
2016,C27,119755.264,1637.056,73.15282067320848,BLOCO_OCDE,74.88845901203149,-2.317631263509057
2017,C27,124579.856,1647.1368,75.63418897568192,BLOCO_OCDE,77.51220254944565,-2.42286183593573
2018,C27,129491.189,1648.9742,78.52832930921538,BLOCO_OCDE,80.1359460868598,-2.0061119337156375
2019,C27,128255.087,1502.9015,85.33831857909517,BLOCO_OCDE,82.75968962427396,3.1158030757825417
2020,C27,122494.3845016729,1432.347,85.52004821574165,BLOCO_OCDE,85.38343316168812,0.1600018282174709
2021,C27,130595.3112338938,1492.6693,87.49112159933469,BLOCO_OCDE,88.00717669910227,-0.5863784285820017
2022,C27,141407.2311813928,1532.3353000000002,92.28217295613615,BLOCO_OCDE,90.63092023651643,1.8219529442164983
2023,C27,147936.6528189773,1486.2467000000001,99.53707740375626,BLOCO_OCDE,93.25466377393059,6.736835859550783
2015,C28,295491.24199999997,4307.1447,68.60490245428717,BLOCO_OCDE,68.66386955268763,-0.08587791335472605
2016,C28,293399.997,4230.218,69.35812693341099,BLOCO_OCDE,69.57014141495893,-0.3047492462080137
2017,C28,309175.588,4285.4366,72.14564509016421,BLOCO_OCDE,70.47641327723,2.368497111747203
2018,C28,308862.5443928571,4481.7161,68.91613335187768,BLOCO_OCDE,71.38268513950106,-3.455392274475355
2019,C28,329883.315,4496.941699999999,73.35725855640958,BLOCO_OCDE,72.28895700177236,1.4778212315485817
2020,C28,300582.9459094,4185.9607,71.80739797901113,BLOCO_OCDE,73.19522886404343,-1.8960674166483282
2021,C28,322183.23724969,4257.7158,75.67044217692735,BLOCO_OCDE,74.1015007263145,2.117287012050628
2022,C28,343346.654462291,4325.3675,79.37976471647576,BLOCO_OCDE,75.0077725885858,5.828718780745756
2023,C28,372928.023509269,4172.4819,89.37798472157998,BLOCO_OCDE,75.91404445085686,17.73576993311037
2015,C29,279911.564,3009.7,93.00314449945178,BLOCO_OCDE,96.05821911639907,-3.180440617210789
2016,C29,304248.48199999996,3091.3,98.42088506453594,BLOCO_OCDE,96.53016645182731,1.9586816041099242
2017,C29,315763.855,3144.2,100.42740760765855,BLOCO_OCDE,97.00211378725555,3.5311537931176806
2018,C29,313621.39099999995,3227.5,97.17161611154143,BLOCO_OCDE,97.47406112268379,-0.3102825589278546
2019,C29,309674.923,3226.2,95.98751565309033,BLOCO_OCDE,97.94600845811203,-1.9995636737553002
2020,C29,265942.98064955,2906.7,91.49309548613547,BLOCO_OCDE,98.41795579354027,-7.036175717703042
2021,C29,293764.984359401,3071.8,95.63284860974053,BLOCO_OCDE,98.88990312896863,-3.2936168569003055
2022,C29,314010.385983622,2998.3,104.72947536391354,BLOCO_OCDE,99.36185046439687,5.402098365146668
2023,C29,322770.915671038,2925.0,110.34903099864546,BLOCO_OCDE,99.8337977998251,10.532738842515288
2015,C29_30,465739.973,5054.5298999999995,92.14308396909475,BLOCO_OCDE,93.80563849905548,-1.7723396552302928
2016,C29_30,491494.34900000005,5127.3909,95.85661764153772,BLOCO_OCDE,94.9635512340692,0.9404307187999672
2017,C29_30,509810.46699999995,5159.8236,98.80385581398558,BLOCO_OCDE,96.12146396908247,2.7906273314417085
2018,C29_30,517073.58499999996,5392.6087,95.8856119117265,BLOCO_OCDE,97.2793767040962,-1.4327443694558628
2019,C29_30,523091.225,5342.1273,97.9181505090678,BLOCO_OCDE,98.43728943910946,-0.5273803586015924
2020,C29_30,447789.68852703,4819.54,92.91129205837694,BLOCO_OCDE,99.59520217412319,-6.7110764071352635
2021,C29_30,485268.591642612,5019.1992,96.68247310101022,BLOCO_OCDE,100.75311490913646,-4.040214351484139
2022,C29_30,532258.594430169,5098.8907,104.3871355058011,BLOCO_OCDE,101.91102764414973,2.4296760800974093
2023,C29_30,594422.794455382,5224.2689,113.7810487617477,BLOCO_OCDE,103.06894037916345,10.393148841132183
2015,C30,185827.809,1603.6,115.88164691943129,BLOCO_OCDE,115.82783587397898,0.04645778369791742
2016,C30,187246.066,1599.0,117.10197998749217,BLOCO_OCDE,118.45794996796212,-1.1446846588487158
2017,C30,194046.312,1585.6,122.38036831483352,BLOCO_OCDE,121.08806406194526,1.067243301723897
2018,C30,203452.59399999998,1627.8,124.9862354097555,BLOCO_OCDE,123.71817815592749,1.0249562939973256
2019,C30,213416.202,1706.1,125.09008967821347,BLOCO_OCDE,126.34829224991063,-0.9958207976475841
2020,C30,181846.90787748003,1615.6,112.55688776769004,BLOCO_OCDE,128.97840634389286,-12.731990603464594
2021,C30,191503.50728321102,1608.9,119.02760102132575,BLOCO_OCDE,131.608520437876,-9.559350241680509
2022,C30,193659.908446547,1564.3,123.79972412359969,BLOCO_OCDE,134.23863453185913,-7.7763830395503275
2023,C30,206972.378784344,1528.0,135.45312747666492,BLOCO_OCDE,136.86874862584136,-1.0342910002387296
2015,C301,3844.670595855111,57.0923425873558,67.34126542403583,BLOCO_OCDE,71.17604133063287,-5.387734179797143
2016,C301,4543.03353527372,55.7344261365091,81.51216133717011,BLOCO_OCDE,79.67874540328921,2.301010043018592
2017,C301,4995.36177952991,54.8698484431776,91.04019641503169,BLOCO_OCDE,88.1814494759492,3.241891527154128
2018,C301,5950.80937583649,59.0325772017858,100.80551549520477,BLOCO_OCDE,96.68415354860917,4.262706757342127
2019,C301,6705.36921291361,66.9144373578772,100.20810870831076,BLOCO_OCDE,105.18685762126552,-4.7332423703360105
2020,C301,5296.71639310661,71.4171656452937,74.16587238163038,BLOCO_OCDE,113.6895616939255,-34.764571807129144
2021,C301,6204.019735684171,70.6398905163312,87.82601006792142,BLOCO_OCDE,122.19226576658184,-28.12473889657523
2022,C301,3725.44385373231,39.680964989709096,93.88491067942704,BLOCO_OCDE,130.69496983924182,-28.164862966870185
2023,C301,1352.38683380555,19.5007974940836,69.35033473455915,BLOCO_OCDE,139.19767391189816,-50.178524693988216
2015,C302_309,5698.73510129636,72.233628264305,78.89310336792883,BLOCO_OCDE,77.50017769756505,1.7973193246078711
2016,C302_309,5498.20750155915,68.90446767964869,79.79464447967973,BLOCO_OCDE,78.69179336000025,1.4014817461766915
2017,C302_309,4986.40311466814,66.48669435049311,74.9985115575408,BLOCO_OCDE,79.88340902243499,-6.115033803229764
2018,C302_309,5625.53333136489,68.63372518630834,81.96456357416427,BLOCO_OCDE,81.07502468487019,1.0971799179237074
2019,C302_309,5357.99385643371,63.9636564716434,83.76622213286127,BLOCO_OCDE,82.26664034730493,1.8228309545954113
2020,C302_309,4678.04662043615,64.5604738124119,72.45991772038056,BLOCO_OCDE,83.45825600974013,-13.178250798909563
2021,C302_309,5549.63732715097,68.4055135064846,81.12850913142965,BLOCO_OCDE,84.64987167217487,-4.159914801031784
2022,C302_309,3774.60718487956,43.8932307052443,85.99520072302573,BLOCO_OCDE,85.84148733461006,0.17906654834216607
2023,C302_309,2292.77330688964,28.4036874744485,80.72097360429635,BLOCO_OCDE,87.03310299704481,-7.252561583335471
2015,C303,155826.81532943645,669.6787007219605,232.68892255561397,BLOCO_OCDE,229.7646073326482,1.2727439865148682
2016,C303,151396.30613836797,675.4323226683243,224.14726251220904,BLOCO_OCDE,231.3420047249806,-3.110002535564027
2017,C303,158910.1289789213,677.896243190577,234.4165948331519,BLOCO_OCDE,232.91940211731298,0.6427943323866314
2018,C303,168082.31731360842,696.3119812307746,241.38937982441794,BLOCO_OCDE,234.49679950964583,2.9393067748409107
2019,C303,170744.98194302904,736.1130034966247,231.95485086117208,BLOCO_OCDE,236.0741969019782,-1.7449370133901354
2020,C303,133679.92293616716,694.9122409401064,192.36950374527777,BLOCO_OCDE,237.6515942943106,-19.053981389645102
2021,C303,141143.90113911865,671.1222039734905,210.31028373588705,BLOCO_OCDE,239.22899168664344,-12.088295714858777
2022,C303,145841.09788320417,647.0807106218144,225.38316393801583,BLOCO_OCDE,240.80638907897583,-6.404823891903355
2023,C303,152860.5667928501,609.353865252231,250.8568099909832,BLOCO_OCDE,242.3837864713082,3.4957055680281623
2015,C304,791.7147222043662,4.13420531622773,191.5034841391886,BLOCO_OCDE,236.12016912677245,-18.8957534430823
2016,C304,809.2069310793265,3.0647144399118,264.03991201954034,BLOCO_OCDE,231.75962181543582,13.928349533557348
2017,C304,834.6723104555422,3.0185183635783153,276.51722133837757,BLOCO_OCDE,227.39907450409737,21.599976579234138
2018,C304,914.3805589002764,4.429535253301243,206.42810286221496,BLOCO_OCDE,223.03852719276074,-7.4473341173878165
2019,C304,986.1883209569249,4.968036638672733,198.50665216116366,BLOCO_OCDE,218.6779798814223,-9.224215319346051
2020,C304,1063.6140502900769,5.970979938965103,178.13056837608866,BLOCO_OCDE,214.31743257008566,-16.884704039258793
2021,C304,992.293005775729,5.621759238596742,176.50933874276285,BLOCO_OCDE,209.9568852587472,-15.930673802273354
2022,C304,1353.483928425492,8.433487782871193,160.48922619826175,BLOCO_OCDE,205.59633794741057,-21.939647466233936
2023,C304,2450.57741428083,17.1743028404609,142.68861083010137,BLOCO_OCDE,201.23579063607212,-29.093820547981586
2015,C31T33,222982.797,3587.8973,62.14860079746429,BLOCO_OCDE,62.305537134096994,-0.25188184526029334
2016,C31T33,232974.401,3645.9161,63.90009934677323,BLOCO_OCDE,63.84163973900513,0.09156971532544578
2017,C31T33,237255.062,3615.7664,65.61681141790577,BLOCO_OCDE,65.37774234391327,0.3656734928760619
2018,C31T33,243613.801,3642.1112000000003,66.88807332406545,BLOCO_OCDE,66.9138449488214,-0.03851463740526251
2019,C31T33,250581.179,3666.9454,68.33512683335836,BLOCO_OCDE,68.44994755372954,-0.1677440589432977
2020,C31T33,244887.912552305,3500.7083000000002,69.95381836078859,BLOCO_OCDE,69.98605015863723,-0.04605460341822187
2021,C31T33,262339.940176055,3624.0851000000002,72.38790837887747,BLOCO_OCDE,71.52215276354536,1.2104719752974002
2022,C31T33,274690.901181145,3664.02,74.96981489761109,BLOCO_OCDE,73.0582553684535,2.616486692047393
2023,C31T33,256615.04877832098,3144.1626,81.61634159070557,BLOCO_OCDE,74.59435797336164,9.413558623095275
2015,C31_32,148482.956,2594.3,57.23430443664957,BLOCO_OCDE,57.71152017527265,-0.8268985761833214
2016,C31_32,157651.10499999998,2649.3,59.50670177027893,BLOCO_OCDE,59.5354604456229,-0.04830511955179473
2017,C31_32,163461.412,2626.1,62.24493050531207,BLOCO_OCDE,61.3594007159727,1.4431851990185152
2018,C31_32,168251.59,2653.5,63.40742038816657,BLOCO_OCDE,63.18334098632249,0.3546494983425852
2019,C31_32,171320.14,2660.1,64.40364647945567,BLOCO_OCDE,65.00728125667274,-0.9285648708083905
2020,C31_32,169030.465287224,2473.3,68.34207952420815,BLOCO_OCDE,66.83122152702254,2.2607068412997755
2021,C31_32,178940.365681997,2601.1,68.79411236861213,BLOCO_OCDE,68.65516179737278,0.2023891104494746
2022,C31_32,171129.330403648,2488.4,68.77082880712425,BLOCO_OCDE,70.47910206772258,-2.4238011133525417
2023,C31_32,172806.9383936,2307.0,74.90547828071088,BLOCO_OCDE,72.30304233807283,3.5993450046951647
2015,C325,6777.63283605617,79.78651593950809,84.94709608820095,BLOCO_OCDE,85.56028391837845,-0.716673440170501
2016,C325,7164.52678730669,82.64114754086381,86.69442524093733,BLOCO_OCDE,88.4749182163041,-2.0124268111938903
2017,C325,7501.05019042818,78.6956501392021,95.31721482902579,BLOCO_OCDE,91.38955251422976,4.297714789865581
2018,C325,7914.023311908941,83.9745715882527,94.24309242937588,BLOCO_OCDE,94.30418681215542,-0.06478438004161591
2019,C325,8157.912572029851,85.203749471245,95.74593398360977,BLOCO_OCDE,97.21882111008108,-1.5150226156348423
2020,C325,7315.6053340144,88.08803995912069,83.04879229245397,BLOCO_OCDE,100.13345540800674,-17.061893096507152
2021,C325,8429.37272058791,91.22576034221291,92.40123282028031,BLOCO_OCDE,103.0480897059324,-10.331930379335464
2022,C325,3830.37405363671,41.6581975192546,91.94766652748945,BLOCO_OCDE,105.96272400385806,-13.226403537774589
2015,C33,74500.141,716.7,103.9488502860332,BLOCO_OCDE,103.25948196021966,0.6676077709542705
2016,C33,75323.196,722.2,104.29686513431182,BLOCO_OCDE,103.80193166886613,0.4768056407895571
2017,C33,73793.15,720.2,102.4620244376562,BLOCO_OCDE,104.34438137751238,-1.8039849534838948
2018,C33,75362.612,721.8,104.40927126627875,BLOCO_OCDE,104.88683108615885,-0.455309608398613
2019,C33,79260.73999999999,743.5,106.60489576328176,BLOCO_OCDE,105.42928079480532,1.1150744457457895
2020,C33,75857.6472650807,796.2,95.27461349545428,BLOCO_OCDE,105.97173050345157,-10.094311904861152
2021,C33,83400.1744940578,768.7,108.49508845330793,BLOCO_OCDE,106.51418021209804,1.85976011575677
2022,C33,77793.9707774972,641.8,121.21217011140108,BLOCO_OCDE,107.05662992074451,13.222478795695425
2023,C33,55617.7103847213,301.0,184.7764464608681,BLOCO_OCDE,107.59907962939076,71.72679087711853
2015,D,342673.55700000003,1608.9106,212.98483396156382,BLOCO_OCDE,209.4426588895767,1.691238590441424
2016,D,345562.79500000004,1612.0499,214.36234387037277,BLOCO_OCDE,214.6534054036656,-0.1355960473794826
2017,D,356949.844,1613.0068999999999,221.29467890062963,BLOCO_OCDE,219.86415191775632,0.6506413030026081
2018,D,339305.1979008757,1624.1045,208.91832877802858,BLOCO_OCDE,225.07489843184703,-7.178308094943198
2019,D,390069.25100000005,1613.4527,241.76057407818652,BLOCO_OCDE,230.28564494593593,4.982911173184301
2020,D,395882.65530176705,1606.3201,246.4531542011876,BLOCO_OCDE,235.49639146002664,4.652624472600797
2021,D,441380.772301196,1623.8226,271.81588204351635,BLOCO_OCDE,240.70713797411736,12.92389761733781
2022,D,139794.7,594.3492,235.206339976566,BLOCO_OCDE,245.91788448820625,-4.355740345576187
2023,D,216549.2,679.423554782246,318.72489329488087,BLOCO_OCDE,251.12863100229697,26.916987530571788
2024,D,87747.0,450.3987,194.8207221734876,BLOCO_OCDE,256.3393775163877,-23.998909546765677
2015,D_E,454264.578,3195.352,142.16417408786262,BLOCO_OCDE,141.65652534183937,0.3583659452313981
2016,D_E,459293.603,3197.0519999999997,143.66159918574988,BLOCO_OCDE,143.81175826989147,-0.10441363484325894
2017,D_E,478986.6,3236.4700000000003,147.99661359444084,BLOCO_OCDE,145.96699119794266,1.3904666937649246
2018,D_E,495801.88800000004,3479.73,142.48286160133114,BLOCO_OCDE,148.12222412599385,-3.807235921508867
2019,D_E,521339.13899999997,3395.6890000000003,153.52970752032942,BLOCO_OCDE,150.27745705404595,2.164163893932436
2020,D_E,528642.052286171,3359.4790000000003,157.35834404268368,BLOCO_OCDE,152.43268998209714,3.231363338903903
2021,D_E,584684.170016796,3392.8559999999998,172.32802394702162,BLOCO_OCDE,154.58792291014834,11.475735428041434
2022,D_E,686107.246669955,3469.05,197.77957846383157,BLOCO_OCDE,156.74315583820044,26.1806790900595
2023,D_E,781818.308459085,3719.488579261756,210.19510930028457,BLOCO_OCDE,158.89838876625163,32.28271912152192
2024,D_E,129645.0,899.323,144.15843918147317,BLOCO_OCDE,161.05362169430282,-10.490408309412958
2015,E,111591.02100000001,1586.4409,70.34048416174848,BLOCO_OCDE,71.20924025372688,-1.2200047197286734
2016,E,113730.80799999999,1585.0022,71.75435340089749,BLOCO_OCDE,72.11257504325704,-0.49675336395167413
2017,E,122036.756,1623.4629,75.17064664674506,BLOCO_OCDE,73.01590983278743,2.9510511050155452
2018,E,127730.393,1722.3749,74.1594602893946,BLOCO_OCDE,73.91924462231759,0.3249704029097744
2019,E,131269.888,1782.2359999999999,73.65460466515097,BLOCO_OCDE,74.82257941184776,-1.56099235802587
2020,E,132759.39698440372,1753.1587,75.72582960367691,BLOCO_OCDE,75.72591420137792,-0.00011171565493794944
2021,E,143303.3977156001,1769.0328,81.00663691232864,BLOCO_OCDE,76.62924899090808,5.71242440590789
2022,E,72439.1,788.701,91.84608615939374,BLOCO_OCDE,77.53258378043847,18.4612735459573
2023,E,74068.5,880.0650244795099,84.16253110820506,BLOCO_OCDE,78.43591856996863,7.301007806937343
2024,E,41898.0,448.9244,93.32974549835117,BLOCO_OCDE,79.3392533594988,17.633758255146702
2015,E36,20424.689,151.9,134.46141540487162,BLOCO_OCDE,136.31797300171002,-1.3619316337803111
2016,E36,21748.235,154.2,141.0391374837873,BLOCO_OCDE,138.92727606754943,1.5201200772201329
2017,E36,21765.049,153.0,142.25522222222222,BLOCO_OCDE,141.53657913338884,0.5077437177255062
2018,E36,22044.42382315922,153.3,143.79924216020365,BLOCO_OCDE,144.14588219922825,-0.24047862744043247
2019,E36,22591.370000000003,154.6,146.1278783958603,BLOCO_OCDE,146.75518526506767,-0.42745124683283287
2020,E36,23150.95289692861,158.8,145.78685703355546,BLOCO_OCDE,149.36448833090708,-2.3952355324416974
2021,E36,24028.92658582487,148.3,162.0291745504037,BLOCO_OCDE,151.9737913967465,6.616524508101773
2022,E36,9220.1,59.1,156.00846023688663,BLOCO_OCDE,154.5830944625859,0.9220709284259554
2023,E36,6557.0,34.0,192.85294117647058,BLOCO_OCDE,157.19239752842532,22.685921335093017
2015,E37T39,43697.5,470.0,92.97340425531915,BLOCO_OCDE,93.12395900977162,-0.16167134221245494
2016,E37T39,44413.9,476.7,93.169498636459,BLOCO_OCDE,94.19590342958054,-1.0896490778804058
2017,E37T39,46941.4,485.9,96.60712080675037,BLOCO_OCDE,95.26784784938945,1.405797430711564
2018,E37T39,48603.2,499.29999999999995,97.34267975165231,BLOCO_OCDE,96.33979226919791,1.0409898743107826
2019,E37T39,50009.7,519.6,96.24653579676674,BLOCO_OCDE,97.41173668900683,-1.1961606802679992
2020,E37T39,49939.5,519.7,96.0929382335963,BLOCO_OCDE,98.48368110881574,-2.4275523094814955
2021,E37T39,54067.2,535.5,100.96582633053221,BLOCO_OCDE,99.55562552862466,1.416495345611657
2022,E37T39,43808.0,377.4,116.07843137254903,BLOCO_OCDE,100.62756994843357,15.354501188921898
2023,E37T39,32895.0,262.0,125.55343511450381,BLOCO_OCDE,101.69951436824249,23.455294643678393
2015,ENERGYP,867837.506570748,1548.9053345263528,560.2908629894597,BLOCO_OCDE,467.17782167239966,19.930963542690172
2016,ENERGYP,639715.2556264917,1509.587077135272,423.7683703814376,BLOCO_OCDE,473.99421812520995,-10.59629966425133
2017,ENERGYP,562564.0356558448,1473.9565975666007,381.66933584380894,BLOCO_OCDE,480.81061457802207,-20.619611075188793
2018,ENERGYP,688231.8380607694,1482.8270168115996,464.1349464623442,BLOCO_OCDE,487.62701103083236,-4.817629876332418
2019,ENERGYP,847468.6727796555,1475.9388465596712,574.1895572130624,BLOCO_OCDE,494.4434074836445,16.12846860174908
2020,ENERGYP,552000.8291039469,1423.805708961047,387.6939287641589,BLOCO_OCDE,501.2598039364548,-22.656090570288924
2021,ENERGYP,808245.6701573022,1427.4999543267918,566.1966346881394,BLOCO_OCDE,508.0762003892669,11.439314467857976
2022,ENERGYP,86344.24352408257,424.25948943237523,203.51753036709718,BLOCO_OCDE,514.8925968420772,-60.47378975434792
2023,ENERGYP,109850.6893690245,310.7973452823808,353.44796548766396,BLOCO_OCDE,521.7089932948893,-32.251893291039735
2015,F,980721.152,18608.3746,52.70321417540681,BLOCO_OCDE,52.8093638854416,-0.2010054699106978
2016,F,1040338.108,19152.275999999998,54.319293853116996,BLOCO_OCDE,54.28854354300165,0.05664235602671486
2017,F,1105128.705,19680.4229,56.15370719498106,BLOCO_OCDE,55.76772320056125,0.6921279411599146
2018,F,1162418.637577227,20462.4932,56.80728277907147,BLOCO_OCDE,57.2469028581213,-0.7679368788550356
2019,F,1237773.847,21030.8617,58.855118000229155,BLOCO_OCDE,58.726082515681355,0.21972431842929296
2020,F,1229192.22,20300.911200000002,60.54862305885067,BLOCO_OCDE,60.20526217324095,0.570317067338233
2021,F,1316255.601,21190.6715,62.11486035258486,BLOCO_OCDE,61.684441830801006,0.6977748505279324
2022,F,1434834.98508077,21927.0157,65.43685673927665,BLOCO_OCDE,63.16362148836106,3.598962816491569
2023,F,1570163.50342722,22503.8012,69.7732569476849,BLOCO_OCDE,64.64280114592111,7.9366235850184985
2024,F,193155.0,3152.1557,61.27711267562069,BLOCO_OCDE,66.12198080348071,-7.3271672581305625
2025,F,199904.0,3123.8799,63.99221685827295,BLOCO_OCDE,67.60116046104076,-5.3385823233725205
2015,G,2487467.1180000002,46505.6367,53.48743280403255,BLOCO_OCDE,52.73955040749752,1.4180674479711053
2016,G,2529016.755,46648.9619,54.21378422999805,BLOCO_OCDE,54.43575597146082,-0.40776827197760435
2017,G,2606456.191,47267.5544,55.142607314585334,BLOCO_OCDE,56.13196153542458,-1.7625505928825724
2018,G,2684929.574,46709.6497,57.48126117931473,BLOCO_OCDE,57.82816709938834,-0.5998909138472008
2019,G,2783128.842,46128.1455,60.334722149191975,BLOCO_OCDE,59.52437266335164,1.3613742565980136
2020,G,2799284.73272912,43778.0084,63.94271541893898,BLOCO_OCDE,61.2205782273154,4.446441491480413
2021,G,3116751.7056516996,45217.1529,68.92852614016968,BLOCO_OCDE,62.916783791278704,9.555069389488246
2022,G,3442883.71664163,45637.356100000005,75.44003445549357,BLOCO_OCDE,64.61298935524246,16.756762391419432
2023,G,3608230.9943519803,45599.7607,79.12828793314216,BLOCO_OCDE,66.30919491920577,19.33230079109809
2024,G,408078.0,6681.8911,61.07223148249154,BLOCO_OCDE,68.00540048316952,-10.195027088170526
2025,G,416387.0,6624.8877,62.85193332409242,BLOCO_OCDE,69.70160604713283,-9.827137581892442
2015,G45,371699.498,5866.7,63.357508991426194,BLOCO_OCDE,62.8254393668235,0.8469015576573424
2016,G45,389645.879,5995.5,64.98972212492703,BLOCO_OCDE,64.53948324247722,0.6976177369723446
2017,G45,399208.39100000006,6124.9,65.17794429296806,BLOCO_OCDE,66.25352711813048,-1.6234348146395905
2018,G45,415045.63800000004,6228.2,66.63974149834624,BLOCO_OCDE,67.9675709937842,-1.9536221112850805
2019,G45,440971.951,6201.9,71.10271868298425,BLOCO_OCDE,69.68161486943791,2.039424339130269
2020,G45,423997.78572968,5907.3,71.77522484547593,BLOCO_OCDE,71.39565874509117,0.5316375071766632
2021,G45,496430.90156431,6226.6,79.72744379987634,BLOCO_OCDE,73.10970262074488,9.051796057030703
2022,G45,522442.852134926,5881.0,88.83571707786533,BLOCO_OCDE,74.82374649639814,18.726635911156485
2023,G45,525483.496101297,5355.0,98.12950440733837,BLOCO_OCDE,76.53779037205186,28.210527022440445
2015,G46,1179481.161,14101.2,83.64402752957196,BLOCO_OCDE,82.66306867831054,1.1866954214812653
2016,G46,1176173.574,14054.6,83.68602265450457,BLOCO_OCDE,84.55791491960781,-1.0311184540585994
2017,G46,1215361.258,14216.6,85.48888327729554,BLOCO_OCDE,86.45276116090508,-1.1149185643886894
2018,G46,1250309.506,14053.6,88.96720455968578,BLOCO_OCDE,88.34760740220236,0.7013174161725866
2019,G46,1288139.604,14237.1,90.47766778346714,BLOCO_OCDE,90.24245364349918,0.26064688012270576
2020,G46,1280845.138045361,13374.5,95.76770257171192,BLOCO_OCDE,92.13729988479645,3.9402095475499443
2021,G46,1404217.27522681,13775.6,101.9351081061304,BLOCO_OCDE,94.03214612609372,8.404532179281631
2022,G46,1489472.9237828,13656.6,109.06616022895889,BLOCO_OCDE,95.926992367391,13.697049743044353
2023,G46,1405869.90770799,12953.0,108.53623930425306,BLOCO_OCDE,97.82183860868781,10.952974149694295
2015,G47,936287.459,25085.3,37.324148365775976,BLOCO_OCDE,36.808968555087176,1.3996040392107112
2016,G47,963196.301,25143.3,38.30826904185211,BLOCO_OCDE,38.3283226041508,-0.05232047983367849
2017,G47,991886.442,25480.6,38.927122673720405,BLOCO_OCDE,39.847676653213966,-2.3101823162864688
2018,G47,1019574.4299999999,24742.4,41.2075801054061,BLOCO_OCDE,41.367030702277134,-0.38545332880818295
2019,G47,1054017.286,24246.3,43.4712630793152,BLOCO_OCDE,42.8863847513403,1.3637855728947157
2020,G47,1094442.8089540792,23299.4,46.97300398096428,BLOCO_OCDE,44.40573880040347,5.781381528410656
2021,G47,1216102.528860579,23938.4,50.80132877972542,BLOCO_OCDE,45.92509284946664,10.617803095667355
2022,G47,1212198.140723907,22793.4,53.181979903125765,BLOCO_OCDE,47.44444689853026,12.093160274091508
2023,G47,1191528.39054269,20820.0,57.22998993961047,BLOCO_OCDE,48.96380094759343,16.882245316013055
2015,GTI,4001346.707,84022.8489,47.62212611669729,BLOCO_OCDE,47.02341395836106,1.27322137619863
2016,GTI,4093746.2759999996,85174.895,48.062827385933375,BLOCO_OCDE,47.880446499430946,0.38090890924460385
2017,GTI,4237118.854,86660.1592,48.89350415594437,BLOCO_OCDE,48.73747904050106,0.3201337420707606
2018,GTI,4040652.782398978,87194.9028,46.34047005783207,BLOCO_OCDE,49.59451158157094,-6.561293618925479
2019,GTI,4572247.924000001,86647.351,52.76846748609777,BLOCO_OCDE,50.45154412264105,4.592373541282657
2020,GTI,4268999.866,78414.3854,54.441539574956614,BLOCO_OCDE,51.30857666371094,6.106119317594572
2021,GTI,4947439.488,83580.5207,59.19369066577256,BLOCO_OCDE,52.16560920478082,13.472633729632811
2022,GTI,5586319.34900233,87007.7101,64.20487727560973,BLOCO_OCDE,53.02264174585093,21.08954809033787
2023,GTI,5873918.18001911,87528.90090000001,67.10832787366932,BLOCO_OCDE,53.87967428692082,24.552215212555083
2024,GTI,657296.0,11742.8548,55.974123089727726,BLOCO_OCDE,54.7367068279907,2.2606699113733475
2025,GTI,673315.0,11719.2779,57.45362519306757,BLOCO_OCDE,55.59373936906081,3.345495095517581
2015,GTN,12784684.105999999,155066.672,82.4463693010707,BLOCO_OCDE,81.64935011887519,0.9761488377251215
2016,GTN,13222435.751,157793.737,83.7956943183366,BLOCO_OCDE,84.06258108396287,-0.3174858090066235
2017,GTN,13723440.391,160564.809,85.46978927991626,BLOCO_OCDE,86.47581204905146,-1.1633574120871626
2018,GTN,14410795.80165232,162808.699,88.51367212050702,BLOCO_OCDE,88.88904301413913,-0.42229152312102114
2019,GTN,15034720.81,163148.606,92.1535352254251,BLOCO_OCDE,91.30227397922681,0.9323549229365069
2020,GTN,14843620.667000001,152242.253,97.5000065651945,BLOCO_OCDE,93.71550494431449,4.038287605800939
2021,GTN,16409535.659,160907.078,101.98144085992288,BLOCO_OCDE,96.12873590940308,6.0884031139613715
2022,GTN,17933509.7056166,168060.343,106.70875344825758,BLOCO_OCDE,98.54196687449075,8.287622860388577
2023,GTN,19196440.5656831,169083.847,113.53207835212727,BLOCO_OCDE,100.95519783957843,12.457883082487719
2024,GTN,1868671.0,22730.912,82.20836013970755,BLOCO_OCDE,103.36842880466702,-20.470533324004737
2025,GTN,1914787.0,22680.911,84.42284350924,BLOCO_OCDE,105.7816597697547,-20.19141721448169
2015,GTNXL,7388661.484859597,102900.5,71.80394152467284,BLOCO_OCDE,71.28841826695225,0.7231514883527357
2016,GTNXL,7700692.651285992,104939.8,73.38200236026742,BLOCO_OCDE,73.40336734600805,-0.029106274702528356
2017,GTNXL,8016900.0507825455,106870.0,75.0154397939791,BLOCO_OCDE,75.51831642506477,-0.6659002145322779
2018,GTNXL,8315803.660518703,108503.3,76.64102069263058,BLOCO_OCDE,77.63326550412148,-1.2781180915779289
2019,GTNXL,8863546.54499188,109766.4,80.7491777537742,BLOCO_OCDE,79.7482145831782,1.255154332705466
2020,GTNXL,8866006.11,103866.5,85.3596309685991,BLOCO_OCDE,81.86316366223491,4.271111877364664
2021,GTNXL,10060895.088990944,107863.4,93.2744108658817,BLOCO_OCDE,83.97811274129162,11.069905980417616
2022,GTNXL,316.1063860449032,36827.8,0.008583363275702138,BLOCO_OCDE,86.09306182034834,-99.9900301335622
2023,GTNXL,329.05626557539546,37425.7,0.008792254134869767,BLOCO_OCDE,88.20801089940414,-99.99003236322277
2024,GTNXL,117.61923750260188,17245.0,0.006820483473621448,BLOCO_OCDE,90.32295997846086,-99.99244878215323
2025,GTNXL,120.6759533847938,17195.0,0.007018083942122349,BLOCO_OCDE,92.43790905751757,-99.99240778592497
2015,GTU,371.65952936685767,187902.1,0.001977942393229547,BLOCO_OCDE,0.0019717078681491277,0.31619922916226173
2016,GTU,375.63323197234297,191136.7,0.0019652595863188125,BLOCO_OCDE,0.001969587702176175,-0.21974730308177426
2017,GTU,379.37789392352306,193978.4,0.0019557739105154136,BLOCO_OCDE,0.001967467536203222,-0.5943491047570082
2018,GTU,385.39557032926535,194961.2,0.001976780868856292,BLOCO_OCDE,0.0019653473702302693,0.581754594592776
2019,GTU,390.62510550626985,199137.9,0.001961580922096044,BLOCO_OCDE,0.0019632272042573173,-0.08385591630470923
2020,GTU,400.0,190379.1,0.0021010709683993672,BLOCO_OCDE,0.0019611070382843645,7.136985762768333
2021,GTU,406.4667185529005,195555.0,0.0020785288975117,BLOCO_OCDE,0.0019589868723114117,6.102237176262459
2022,GTU,420.5780505138547,202237.6,0.0020796234256827348,BLOCO_OCDE,0.0019568667063384598,6.273126265915585
2023,GTU,440.2263813870589,205804.4,0.002139052330207998,BLOCO_OCDE,0.001954746540365507,9.428628522244553
2024,GTU,115.39703286842496,31894.0,0.003618142373751331,BLOCO_OCDE,0.0019526263743925541,85.2961949710889
2025,GTU,119.25194867147748,32084.0,0.0037168666211032752,BLOCO_OCDE,0.0019505062084196013,90.55907666732669
2015,H,886837.126,15032.8436,58.99330489941371,BLOCO_OCDE,57.85914551002861,1.9602076376819655
2016,H,904592.203,15434.4214,58.60875374311084,BLOCO_OCDE,59.2816040634475,-1.1350069401234952
2017,H,941030.614,15780.372800000001,59.63297736540165,BLOCO_OCDE,60.704062616866395,-1.7644375109206356
2018,H,983302.235,15923.766800000001,61.75060507668323,BLOCO_OCDE,62.12652117028529,-0.6050815119225672
2019,H,1027116.441,15915.7304,64.53467199972174,BLOCO_OCDE,63.54897972370418,1.5510749036461657
2020,H,925073.051815775,15788.2279,58.59258288359107,BLOCO_OCDE,64.97143827712307,-9.817937793410437
2021,H,1115705.121713213,17225.2185,64.77160923753814,BLOCO_OCDE,66.39389683054196,-2.443428794583946
2022,H,1286736.540461222,18068.714500000002,71.21350777119324,BLOCO_OCDE,67.81635538396085,5.009340841156207
2023,H,1286027.06809123,17707.9401,72.62431772576586,BLOCO_OCDE,69.23881393737975,4.889603960356692
2024,H,178189.0,3188.9577,55.87687789022727,BLOCO_OCDE,70.66127249079818,-20.922910215770884
2025,H,184000.0,3202.9307,57.44738716950698,BLOCO_OCDE,72.08373104421707,-20.30464247991266
2015,H49,401996.527,6068.5,66.24314525830107,BLOCO_OCDE,64.99734434944912,1.9166950916549297
2016,H49,403747.179,6060.7,66.6172519675945,BLOCO_OCDE,67.19237118527417,-0.8559293377128352
2017,H49,418974.037,6124.9,68.40504122516286,BLOCO_OCDE,69.38739802109922,-1.4157567857460807
2018,H49,438703.59,6241.4,70.28929246643382,BLOCO_OCDE,71.58242485692335,-1.8064942520097715
2019,H49,454524.87,6029.6,75.38225918800583,BLOCO_OCDE,73.7774516927484,2.175200496136376
2020,H49,420469.68635499896,5598.9,75.09862407883674,BLOCO_OCDE,75.97247852857345,-1.150225011295447
2021,H49,477414.184620686,6318.1,75.56293579093176,BLOCO_OCDE,78.1675053643985,-3.3320361975540114
2022,H49,484522.263451307,6229.1,77.78367074718771,BLOCO_OCDE,80.36253220022354,-3.2090345866785053
2023,H49,452960.247610083,5175.0,87.52855026281797,BLOCO_OCDE,82.55755903604768,6.021242978610575
2015,H50,30620.795000000002,246.9,124.0210409072499,BLOCO_OCDE,113.89294853229057,8.892642174495858
2016,H50,24283.656,237.5,102.24697263157894,BLOCO_OCDE,116.07779611688602,-11.915132736824152
2017,H50,26821.535,232.6,115.31184436801377,BLOCO_OCDE,118.26264370148056,-2.495123769527108
2018,H50,28012.422,220.0,127.3291909090909,BLOCO_OCDE,120.447491286076,5.713443716872524
2019,H50,26977.879,220.4,122.40416969147006,BLOCO_OCDE,122.63233887067145,-0.18605955109607386
2020,H50,20718.6792035056,189.6,109.27573419570464,BLOCO_OCDE,124.81718645526689,-12.451372043330055
2021,H50,49747.088415123595,186.5,266.74042045642676,BLOCO_OCDE,127.00203403986143,110.02846330217548
2022,H50,65758.9758382961,163.2,402.9349009699516,BLOCO_OCDE,129.18688162445687,211.9007873734994
2023,H50,31735.9337405897,159.0,199.59706755087862,BLOCO_OCDE,131.37172920905232,51.933044310666766
2015,H51,117834.112,789.9,149.17598683377642,BLOCO_OCDE,153.15414208321135,-2.59748459644894
2016,H51,126450.803,809.7,156.16994318883536,BLOCO_OCDE,155.23136929113434,0.6046290140884647
2017,H51,132535.454,811.7,163.2813280768757,BLOCO_OCDE,157.30859649905642,3.79682465595903
2018,H51,131528.177,819.3,160.5372598559746,BLOCO_OCDE,159.3858237069794,0.7224206784613774
2019,H51,137139.59399999998,871.4,157.37846453982095,BLOCO_OCDE,161.4630509149024,-2.5297344203127903
2020,H51,60009.7740827874,783.7,76.5723798427809,BLOCO_OCDE,163.54027812282538,-53.17827466009815
2021,H51,94997.5272500072,798.8,118.92529700802105,BLOCO_OCDE,165.61750533074837,-28.192797753764076
2022,H51,144030.49250149098,840.0,171.4648720255845,BLOCO_OCDE,167.69473253867045,2.248215808474874
2023,H51,155645.678772065,842.0,184.8523500855879,BLOCO_OCDE,169.77195974659344,8.882733262609378
2015,H52,224344.19900000002,4207.2,53.3238731222666,BLOCO_OCDE,52.03930359234914,2.4684602622282448
2016,H52,236021.134,4491.5,52.548398975843256,BLOCO_OCDE,52.90526935974731,-0.674546010676913
2017,H52,244780.635,4685.0,52.24773425827108,BLOCO_OCDE,53.771235127145246,-2.8333008629460643
2018,H52,262179.4977450241,4889.9,53.61653566433345,BLOCO_OCDE,54.63720089454341,-1.8680774518079257
2019,H52,281868.256,4934.7,57.119633615012056,BLOCO_OCDE,55.50316666194158,2.91238689661808
2020,H52,276244.844984966,5312.1,52.00294516009976,BLOCO_OCDE,56.36913242933974,-7.7457059938134005
2021,H52,327436.790864575,5716.9,57.27523498129669,BLOCO_OCDE,57.23509819673768,0.07012617401485066
2022,H52,332830.19891832396,5703.5,58.35543068612676,BLOCO_OCDE,58.10106396413585,0.4378004543048153
2023,H52,291396.057504808,5267.0,55.32486377535751,BLOCO_OCDE,58.96702973153401,-6.1766142414814045
2015,H53,112042.39300000001,2910.1,38.501217483935264,BLOCO_OCDE,37.374894253796356,3.013582386322078
2016,H53,114089.53099999999,3008.8,37.918615727200205,BLOCO_OCDE,38.650136596380435,-1.8926734381806476
2017,H53,117918.954,3084.6,38.228280490177006,BLOCO_OCDE,39.92537893896497,-4.250675870559329
2018,H53,121270.764,2868.0,42.284087866108784,BLOCO_OCDE,41.20062128154905,2.6297336080340905
2019,H53,126606.843,2965.4,42.69469312740271,BLOCO_OCDE,42.47586362413358,0.515185530317952
2020,H53,147629.967189517,3139.0,47.03089110847945,BLOCO_OCDE,43.75110596671766,7.4964622477356135
2021,H53,166109.53056282,3360.5,49.43000463110251,BLOCO_OCDE,45.02634830930219,9.780176468120438
2022,H53,166238.109751804,3272.2,50.80316293374611,BLOCO_OCDE,46.30159065188673,9.722284307042383
2023,H53,150044.250463684,3017.0,49.73293021666689,BLOCO_OCDE,47.576832994470806,4.531821658761226
2015,HDI,198.51225420357326,9034.300000000001,0.021973174922636313,BLOCO_OCDE,0.021789648328702782,0.8422650570811596
2016,HDI,198.6931493291824,9329.2,0.021297983678041244,BLOCO_OCDE,0.021277276455863747,0.09732083060747243
2017,HDI,196.99631925734232,9633.0,0.020450152523340842,BLOCO_OCDE,0.020764904583024935,-1.5157886154767097
2018,HDI,198.32727596567656,9874.0,0.02008580878728748,BLOCO_OCDE,0.0202525327101859,-0.823225051820653
2019,HDI,198.70275091740325,9926.5,0.02001740300381839,BLOCO_OCDE,0.019740160837346865,1.4044574852045022
2020,HDI,200.0,9746.2,0.020520818370236605,BLOCO_OCDE,0.019227788964508052,6.72479507714232
2021,HDI,198.41952434181934,10126.0,0.019595054744402464,BLOCO_OCDE,0.018715417091669018,4.700069725536649
2022,HDI,200.89835813973016,10481.0,0.019167861667754048,BLOCO_OCDE,0.018203045218829983,5.300302434704829
2015,I,627042.563,22484.3686,27.887932908198273,BLOCO_OCDE,27.814945660789817,0.26240298398765294
2016,I,660138.319,23091.5117,28.5879212923076,BLOCO_OCDE,28.457751123458593,0.45741551496563115
2017,I,689631.949,23612.232,29.206554848351484,BLOCO_OCDE,29.10055658612714,0.3642482297911531
2018,I,719122.459,24927.2003,28.84890602816715,BLOCO_OCDE,29.74336204879569,-3.0072458492121146
2019,I,762002.6410000001,24603.3751,30.971467853611678,BLOCO_OCDE,30.386167511464464,1.926206527777441
2020,I,544642.081455105,18848.149,28.896316633272846,BLOCO_OCDE,31.028972974133012,-6.8731128891634015
2021,I,714982.660635083,21138.1492,33.82427921528168,BLOCO_OCDE,31.671778436801787,6.796273795533825
2022,I,856700.191899474,23301.6395,36.76566157070081,BLOCO_OCDE,32.314583899470335,13.774206980593151
2023,I,979660.117575904,24221.2002,40.44639033105816,BLOCO_OCDE,32.95738936213888,22.723283348172487
2024,I,71029.0,1872.006,37.94272026905897,BLOCO_OCDE,33.60019482480766,12.92410793119907
2025,I,72928.0,1891.4595,38.55646922389827,BLOCO_OCDE,34.24300028747621,12.596644278275004
2015,I55,28676.9634786003,394.908826105353,72.61666891929612,BLOCO_OCDE,72.98985003259577,-0.5112780929581229
2016,I55,30355.5621881528,407.49018618261096,74.49397118621498,BLOCO_OCDE,74.63489234404278,-0.18881404313977335
2017,I55,31867.392888334,417.813376579037,76.27183492605508,BLOCO_OCDE,76.27993465548934,-0.010618427337205638
2018,I55,34232.67875353621,428.67654229125003,79.85666435248503,BLOCO_OCDE,77.9249769669359,2.4789065852002246
2019,I55,34138.2786077811,436.77130781045,78.16053389339491,BLOCO_OCDE,79.57001927838292,-1.7713774582067021
2020,I55,16764.1676540701,353.80010049516,47.38316249941098,BLOCO_OCDE,81.21506158982947,-41.65717347021658
2021,I55,23549.7405448044,375.226815432387,62.761347473706564,BLOCO_OCDE,82.86010390127649,-24.256252986982187
2022,I55,10688.0,188.1,56.82083997873472,BLOCO_OCDE,84.50514621272305,-32.76049740722205
2015,I56,68222.3365213997,1476.391173894647,46.20884879813563,BLOCO_OCDE,45.771574391647846,0.9553405411538041
2016,I56,71054.5378118472,1553.509813817389,45.73806819877578,BLOCO_OCDE,45.22597841676816,1.1322912183095113
2017,I56,73507.607111666,1686.286623420963,43.59140735075121,BLOCO_OCDE,44.680382441888696,-2.437255528315596
2018,I56,75858.2620646052,1763.02345770875,43.02736967731085,BLOCO_OCDE,44.13478646700901,-2.5091699277302593
2019,I56,80585.42139221891,1797.32869218955,44.83621818447006,BLOCO_OCDE,43.58919049212932,2.8608645360503226
2020,I56,50938.3323459299,1640.79989950484,31.04481683677702,BLOCO_OCDE,43.04359451724986,-27.87587285644625
2021,I56,57758.7594551956,1695.6731845676131,34.062436076043596,BLOCO_OCDE,42.49799854237017,-19.849317039992798
2022,I56,31249.0,868.4,35.984569322892675,BLOCO_OCDE,41.95240256749048,-14.225247850816448
2015,ICT,148077.08948050597,1291.5485684686728,114.65080996224081,BLOCO_OCDE,113.97579106528792,0.5922476085875372
2016,ICT,155318.43622673285,1347.0285765705103,115.30448494431232,BLOCO_OCDE,116.07619605626496,-0.6648314970440383
2017,ICT,163350.46986451987,1381.033996497437,118.28128074964664,BLOCO_OCDE,118.17660104724109,0.08857904312520315
2018,ICT,171997.4922877828,1437.1123478259037,119.68270438145252,BLOCO_OCDE,120.27700603821813,-0.49411078338346126
2019,ICT,179186.3626353518,1457.229458086233,122.96372519855295,BLOCO_OCDE,122.37741102919426,0.4791032629533287
2020,ICT,177986.88234861213,1507.1748647884187,118.09305377023946,BLOCO_OCDE,124.4778160201704,-5.129237043246604
2021,ICT,185133.1717213763,1512.5154766018286,122.40084454363095,BLOCO_OCDE,126.57822101114743,-3.300233195052249
2022,ICT,126628.66675842449,1013.9191412891164,124.89030101298448,BLOCO_OCDE,128.67862600212356,-2.9440203916045626
2015,ICT2,205.32520214412236,1208.3,0.16992899291907834,BLOCO_OCDE,0.17004526627533778,-0.06837788478696316
2016,ICT2,207.0417611961343,1254.6,0.16502611286157684,BLOCO_OCDE,7.4651262552251865,-97.78937278192626
2017,ICT2,206.36128182449244,1277.8000000000002,0.16149732495264704,BLOCO_OCDE,14.760207244175035,-98.90586004463874
2018,ICT2,97081.97480405548,1327.1,73.15347359208461,BLOCO_OCDE,22.055288233124884,231.68223792339856
2019,ICT2,202.3667772383903,1339.2,0.15111019805734044,BLOCO_OCDE,29.350369222074733,-99.48515060606566
2020,ICT2,200.0,1384.8000000000002,0.14442518775274407,BLOCO_OCDE,36.64545021102458,-99.60588507735322
2021,ICT2,197.16879454796594,1414.5,0.13939115910071823,BLOCO_OCDE,43.94053119997443,-99.6827731588716
2022,ICT2,190.85809544457743,1485.1999999999998,0.1285066627017085,BLOCO_OCDE,51.23561218892428,-99.74918487900982
2015,ICT_MANUF,8928.025303485862,97.1637235859112,91.8864054812781,BLOCO_OCDE,87.1796213520538,5.3989499566843735
2016,ICT_MANUF,9493.64236329071,104.2915024478826,91.02987434700108,BLOCO_OCDE,92.17749323068347,-1.2450098646210273
2017,ICT_MANUF,9594.1634547595,107.57389429768381,89.18672617921646,BLOCO_OCDE,97.17536510931131,-8.220847867264025
2018,ICT_MANUF,12052.66414586261,117.2823364399922,102.76623498227617,BLOCO_OCDE,102.17323698794098,0.580384855972782
2019,ICT_MANUF,13514.32071471761,121.7423184972035,111.007584556787,BLOCO_OCDE,107.17110886657065,3.5797667214517714
2020,ICT_MANUF,12550.58701349841,117.5233883638995,106.79224951068262,BLOCO_OCDE,112.16898074520032,-4.793420782463298
2021,ICT_MANUF,10587.57540532722,99.44721562477031,106.46427191361269,BLOCO_OCDE,117.16685262382998,-9.134478285064517
2022,ICT_MANUF,4799.07614701817,37.8047890955977,126.94360322663495,BLOCO_OCDE,122.16472450245783,3.9118319495583753
2015,ICT_WHSL,9151.9950896171,85.3191618268168,107.26775666401966,BLOCO_OCDE,108.92518308610943,-1.5216191289570857
2016,ICT_WHSL,9359.34650676646,83.5462174050273,112.02597553151786,BLOCO_OCDE,112.58037938117468,-0.49245157344844914
2017,ICT_WHSL,10334.37854242065,84.8243376073746,121.83270549373772,BLOCO_OCDE,116.23557567624084,4.815332814358797
2018,ICT_WHSL,11269.87779969191,96.3324450829747,116.98942957364726,BLOCO_OCDE,119.8907719713061,-2.419988085782976
2019,ICT_WHSL,12246.09450985827,99.51157468154571,123.06201111828344,BLOCO_OCDE,123.54596826637226,-0.3917223320840213
2020,ICT_WHSL,12002.85495934409,97.6951311172188,122.86031885194514,BLOCO_OCDE,127.20116456143751,-3.4125833080685064
2021,ICT_WHSL,11768.722379638639,91.0258274979964,129.28992466338946,BLOCO_OCDE,130.85636085650367,-1.197065379826634
2022,ICT_WHSL,7173.96022689739,49.3008624611455,145.51388898219093,BLOCO_OCDE,134.51155715156892,8.17946952931672
2015,INFO,202.4978117413668,1477.5,0.13705435650853928,BLOCO_OCDE,0.13755807386276153,-0.36618523368159295
2016,INFO,205.2163748653217,1525.1,0.13455929110571224,BLOCO_OCDE,0.1348561310432066,-0.2201160119292278
2017,INFO,205.0063897169058,1544.8000000000002,0.13270739883279764,BLOCO_OCDE,0.13215418822365077,0.4186099711124047
2018,INFO,205.32939826669502,1564.4,0.13125121341517196,BLOCO_OCDE,0.12945224540409583,1.389676946475893
2019,INFO,202.14579075599056,1614.6,0.1251986812560328,BLOCO_OCDE,0.1267503025845409,-1.224155916687597
2020,INFO,200.0,1657.4,0.12067093037287317,BLOCO_OCDE,0.12404835976498507,-2.722671543993471
2021,INFO,197.4491936188363,1705.2,0.11579239597632904,BLOCO_OCDE,0.12134641694543014,-4.5769962631848955
2022,INFO,191.25452064432588,1789.0,0.10690582484311117,BLOCO_OCDE,0.11864447412587431,-9.893970510846694
2023,INFO,98.0772198274798,700.3,0.14005029248533457,BLOCO_OCDE,0.11594253130631937,20.79285393150738
2015,J,1427260.684,12084.0873,118.11075578707545,BLOCO_OCDE,118.23910506055927,-0.10855061311406677
2016,J,1518365.96,12414.1182,122.30961035959847,BLOCO_OCDE,121.95755705363354,0.28866870940200684
2017,J,1582771.766,12640.3668,125.21565165339982,BLOCO_OCDE,125.6760090467078,-0.3663049111759187
2018,J,1690536.205,13026.9305,129.7724130024337,BLOCO_OCDE,129.39446103978207,0.29209284509901234
2019,J,1782903.977,13408.1547,132.9716144310298,BLOCO_OCDE,133.11291303285634,-0.10614943254353415
2020,J,1837855.581,13239.744,138.81352849420654,BLOCO_OCDE,136.8313650259306,1.4486177696906744
2021,J,2040542.909,13952.6097,146.2481179416923,BLOCO_OCDE,140.54981701900488,4.054292665437553
2022,J,2140547.29297286,14835.9663,144.28094872208356,BLOCO_OCDE,144.26826901207914,0.008788980481466702
2023,J,2300922.75141207,14782.7819,155.64883301241628,BLOCO_OCDE,147.98672100515432,5.177567254155924
2024,J,191267.0,2081.2908,91.8982585230281,BLOCO_OCDE,151.7051729982286,-39.42312136969702
2025,J,196683.0,2074.2337,94.82200583280465,BLOCO_OCDE,155.42362499130286,-38.99125320355212
2015,J58,251610.884,1149.457459481776,218.89534225428127,BLOCO_OCDE,215.73348659471958,1.465630444985866
2016,J58,263210.351,1150.856367289315,228.7082545495717,BLOCO_OCDE,233.9646852030928,-2.2466769499671524
2017,J58,282561.138,1120.920002759985,252.07966429741987,BLOCO_OCDE,252.19588381145877,-0.04608303366513411
2018,J58,304693.743,1112.908887425938,273.78139077020967,BLOCO_OCDE,270.4270824198247,1.2403744182609477
2019,J58,328195.50999999995,1141.490968315752,287.5147671858027,BLOCO_OCDE,288.65828102819796,-0.39614794293171274
2020,J58,353076.88502150704,1061.112006356909,332.74233342596665,BLOCO_OCDE,306.8894796365639,8.4241577195866
2021,J58,405663.419652255,1150.4505086123831,352.612664878167,BLOCO_OCDE,325.1206782449299,8.45593297284093
2022,J58,416515.35171242,1195.018866431794,348.54290874594545,BLOCO_OCDE,343.35187685329583,1.511869380247366
2023,J58,444823.749150747,1038.8026040449809,428.20815756396183,BLOCO_OCDE,361.58307546166907,18.42594043352994
2015,J581,8198.474166568969,95.37439443385031,85.96095645205128,BLOCO_OCDE,86.04050545964492,-0.092455300173655
2016,J581,8067.6895178758805,91.1667548427109,88.49376652481472,BLOCO_OCDE,90.7654722411371,-2.5028302726031515
2017,J581,8865.98214468117,90.3183875461109,98.1636451398643,BLOCO_OCDE,95.49043902263111,2.7994489758285113
2018,J581,8952.91679211871,87.7717090668276,102.00230674900203,BLOCO_OCDE,100.21540580412511,1.7830601298661541
2019,J581,9302.90548519315,90.4674506689118,102.83152024742527,BLOCO_OCDE,104.94037258561912,-2.0095719942992085
2020,J581,8150.04729447034,85.7094082829738,95.08929600310108,BLOCO_OCDE,109.6653393671113,-13.291385818098856
2021,J581,9154.69395102232,90.51838563139941,101.13629277814583,BLOCO_OCDE,114.3903061486053,-11.586657835534675
2022,J581,5627.52760233007,57.2637289169812,98.27385866695214,BLOCO_OCDE,119.11527293009931,-17.496844653479148
2015,J582,6553.825833431027,58.925605566149706,111.22203616683619,BLOCO_OCDE,113.57481781335991,-2.071569817871166
2016,J582,7286.010482124122,62.23324515728913,117.07585654113589,BLOCO_OCDE,117.79439977031507,-0.6099977847675686
2017,J582,7694.717855318826,60.58161245388909,127.01408139599388,BLOCO_OCDE,122.01398172727022,4.097972706029762
2018,J582,8080.583207881292,63.228290933172396,127.80012062040184,BLOCO_OCDE,126.23356368422719,1.2409987411061252
2019,J582,8243.694514806855,64.93254933108821,126.95781391198149,BLOCO_OCDE,130.45314564118235,-2.679377114305037
2020,J582,9196.352705529656,70.19059171702618,131.01973470468536,BLOCO_OCDE,134.6727275981375,-2.7124964041365884
2021,J582,9567.50604897768,73.38161436860062,130.38015218525277,BLOCO_OCDE,138.89230955509447,-6.12860236618441
2022,J582,9863.47239766993,83.3362710830188,118.35749631566827,BLOCO_OCDE,143.11189151204962,-17.297231512237477
2015,J58T60,454928.815,2079.70577673487,218.74671892975,BLOCO_OCDE,220.0692831863489,-0.6009763095738418
2016,J58T60,481074.912,2103.0360815230297,228.75257168750193,BLOCO_OCDE,230.27437254476536,-0.6608641858171116
2017,J58T60,505918.17,2073.41485625132,244.0023849904726,BLOCO_OCDE,240.4794619031818,1.4649579882664243
2018,J58T60,526650.373,2077.56244859335,253.49436468520014,BLOCO_OCDE,250.68455126159824,1.120856235241141
2019,J58T60,544059.6140000001,2113.66329172485,257.4012692229809,BLOCO_OCDE,260.8896406200147,-1.3371061375773818
2020,J58T60,555357.263572438,1823.21575325944,304.60315109695733,BLOCO_OCDE,271.0947299784275,12.36041037064657
2021,J58T60,628736.311542009,2056.70580321025,305.7006551742274,BLOCO_OCDE,281.29981933684394,8.674316213536049
2022,J58T60,662548.466722285,2205.98507733322,300.3413185021311,BLOCO_OCDE,291.5049086952604,3.0313073788093003
2023,J58T60,671140.957042818,1855.3616455789402,361.73053304300555,BLOCO_OCDE,301.7099980536768,19.893452446561135
2015,J59_60,203318.03100000002,855.2108172530941,237.7402470808895,BLOCO_OCDE,245.20753191502467,-3.0452917884769226
2016,J59_60,217864.56199999998,875.752514233715,248.77412106619167,BLOCO_OCDE,245.87201230970345,1.1803331047019139
2017,J59_60,223357.132,872.4883534913349,256.0001300948234,BLOCO_OCDE,246.53649270438223,3.838635524757339
2018,J59_60,221956.63,889.832161167411,249.4365113852539,BLOCO_OCDE,247.200973099061,0.9043404069841721
2019,J59_60,215865.104,896.705023409098,240.73145389475224,BLOCO_OCDE,247.86545349373978,-2.878174226553809
2020,J59_60,202281.278550931,697.773546902531,289.8953098019733,BLOCO_OCDE,248.52993388841855,16.644021613962366
2021,J59_60,223072.89188975398,829.7467945978669,268.84453587779785,BLOCO_OCDE,249.19441428309733,7.88545828815288
2022,J59_60,236928.315009865,857.2453109014259,276.3833315818618,BLOCO_OCDE,249.8588946777761,10.615766526259641
2023,J59_60,226317.207892071,737.874541533959,306.7150242391921,BLOCO_OCDE,250.52337507245488,22.42970307680303
2015,J61,371587.23899999994,1137.193723265133,326.7580812291958,BLOCO_OCDE,320.13283255924034,2.0695311433666985
2016,J61,384564.381,1130.151018476969,340.27698485663655,BLOCO_OCDE,339.0283962556787,0.36828437226723576
2017,J61,377695.204,1093.023343748676,345.5509035192621,BLOCO_OCDE,357.923959952117,-3.4568952675060327
2018,J61,387079.85899999994,1042.4459514066489,371.3188760315915,BLOCO_OCDE,376.81952364855533,-1.4597565337654994
2019,J61,407070.37,1003.340808275148,405.7149541239115,BLOCO_OCDE,395.71508734499366,2.527037027071888
2020,J61,394546.495749141,926.41454674056,425.8854711827325,BLOCO_OCDE,414.610651041432,2.719375421972403
2021,J61,401815.354121064,950.9537967897501,422.53930262176857,BLOCO_OCDE,433.5062147378703,-2.529816584690292
2022,J61,385886.20835354796,944.1717226667799,408.7034160095643,BLOCO_OCDE,452.40177843430865,-9.659193333849725
2023,J61,361001.615534118,763.259854421063,472.97340930886486,BLOCO_OCDE,471.297342130747,0.35562839598040075
2015,J62,64646.8125442929,441.4423894684627,146.4445057533637,BLOCO_OCDE,146.3372845741378,0.07326989805633843
2016,J62,69395.9629952717,465.9444081640283,148.9361429804775,BLOCO_OCDE,149.59228688739586,-0.43862148281231805
2017,J62,74494.5800566664,481.1217780933233,154.83518611834,BLOCO_OCDE,152.847289200653,1.3005771499665641
2018,J62,79132.1360675611,514.9617550911881,153.66604468238341,BLOCO_OCDE,156.10229151391104,-1.5606733302249598
2019,J62,82854.5821142378,516.6961187251904,160.3545664686999,BLOCO_OCDE,159.3572938271691,0.6258092225213119
2020,J62,82952.27902544581,547.6668500670208,151.46485315898616,BLOCO_OCDE,162.61229614042713,-6.855227584889634
2021,J62,90798.5778630516,570.0766529682124,159.27433160135843,BLOCO_OCDE,165.86729845368427,-3.974844296488511
2022,J62,68067.0,609.4,111.69510994420742,BLOCO_OCDE,169.12230076694232,-33.956013229663895
2015,J62_63,600745.629,7266.1877,82.6768663022564,BLOCO_OCDE,82.62222314672272,0.06613614770041298
2016,J62_63,652726.666,7569.9310000000005,86.22623720084106,BLOCO_OCDE,85.3674250976037,1.0060185161441249
2017,J62_63,699158.2930000001,7859.9286,88.95224480792358,BLOCO_OCDE,88.11262704848468,0.9528915293569584
2018,J62_63,714264.5865560552,8268.5222,86.38358454864586,BLOCO_OCDE,90.85782899936567,-4.924445697190327
2019,J62_63,831773.994,8635.1506,96.32420238275866,BLOCO_OCDE,93.60303095024665,2.90714029758119
2020,J62_63,887950.821678421,8767.0138,101.28315546605172,BLOCO_OCDE,96.34823290112763,5.121964789938915
2021,J62_63,1009991.243336927,9291.05,108.70582370527842,BLOCO_OCDE,99.09343485200861,9.70032865207009
2022,J62_63,1092111.717897027,9977.9095,109.45295884844687,BLOCO_OCDE,101.83863680288869,7.476849931029506
2023,J62_63,1066844.978835133,8989.8603,118.67203084736843,BLOCO_OCDE,104.58383875376967,13.470716184713538
2015,J63,14564.88745570707,383.457610531537,37.983044424435015,BLOCO_OCDE,37.441660587375054,1.445939706110444
2016,J63,15214.03700472831,404.35559183597195,37.62539040365226,BLOCO_OCDE,37.91272144816617,-0.7578750180377902
2017,J63,15729.819943333601,418.378221906677,37.59712891280053,BLOCO_OCDE,38.38378230895728,-2.049442105066279
2018,J63,16946.36393243887,433.138244908812,39.12460774736382,BLOCO_OCDE,38.85484316974828,0.6942881648936305
2019,J63,17494.41788576221,441.90388127481003,39.58874005653466,BLOCO_OCDE,39.32590403053939,0.6683534237157174
2020,J63,17201.82097455422,459.933149932979,37.40069829074258,BLOCO_OCDE,39.796964891330504,-6.021229526249449
2021,J63,18988.32213694841,470.22334703178797,40.38149585044905,BLOCO_OCDE,40.268025752121616,0.2817870908942144
2022,J63,11869.0,89.0,133.35955056179776,BLOCO_OCDE,40.739086612912615,227.3503695085993
2015,J631,13249.09327594134,360.95113218954,36.70605822891304,BLOCO_OCDE,35.92970486208833,2.16075631515662
2016,J631,13827.44596416552,385.692545421119,35.85095467444931,BLOCO_OCDE,36.4170293772105,-1.554423060974408
2017,J631,14318.40400757031,400.2134251685324,35.77692078055787,BLOCO_OCDE,36.904353892332665,-3.0550138204940347
2018,J631,15635.285931500748,408.87943377417923,38.23935527198952,BLOCO_OCDE,37.39167840745483,2.2670200981555366
2019,J631,15933.06375811495,419.8603882360768,37.94848050575372,BLOCO_OCDE,37.879002922577,0.18341977828384426
2020,J631,16007.93268849459,438.6954644081613,36.4898522716452,BLOCO_OCDE,38.36632743769917,-4.8909428954362895
2021,J631,17848.89436202671,447.667223762918,39.87089832486682,BLOCO_OCDE,38.85365195282134,2.618148670505138
2022,J631,11207.5793989994,87.151872952792,128.59826208290747,BLOCO_OCDE,39.34097646794339,226.88121553793792
2015,K,1639435.294,13736.127700000001,119.35207139927797,BLOCO_OCDE,118.70978315433604,0.5410575505027104
2016,K,1721500.6600000001,13865.3995,124.15802804672164,BLOCO_OCDE,123.4861366493733,0.5441026949090766
2017,K,1758078.1870000002,13965.7677,125.88482242905988,BLOCO_OCDE,128.26249014441055,-1.8537514067235472
2018,K,1862268.751,13980.0151,133.2093518983395,BLOCO_OCDE,133.0388436394478,0.12816426708712747
2019,K,1964541.318,14163.1255,138.70817694865445,BLOCO_OCDE,137.81519713448506,0.6479545309491463
2020,K,2033638.901,14224.8442,142.96387871861543,BLOCO_OCDE,142.59155062952232,0.26111511337756355
2021,K,2222695.197,14276.8179,155.68561654064385,BLOCO_OCDE,147.36790412455957,5.644181794872982
2022,K,2359546.70349555,14432.4712,163.48875191211536,BLOCO_OCDE,152.14425761959683,7.456406485536204
2023,K,2477934.2425915,14502.391599999999,170.86383480304724,BLOCO_OCDE,156.92061111463227,8.88552726717926
2024,K,152686.0,1342.0261,113.77275002326705,BLOCO_OCDE,161.69696460966952,-29.638289563499075
2025,K,158878.0,1374.2077,115.61425539967503,BLOCO_OCDE,166.47331810470678,-30.550879434650845
2015,K64,1005680.511,7537.8,133.4183065350633,BLOCO_OCDE,132.28182362759435,0.8591376171743992
2016,K64,1069008.531,7630.3,140.1004588286175,BLOCO_OCDE,139.6999287739327,0.28670741510037345
2017,K64,1109789.187,7674.4,144.60924463150212,BLOCO_OCDE,147.11803392027105,-1.705290114282343
2018,K64,1173433.61,7629.3,153.80619585020906,BLOCO_OCDE,154.5361390666112,-0.4723446701923373
2019,K64,1248956.853,7631.6,163.65596375596203,BLOCO_OCDE,161.95424421294956,1.0507409369123533
2020,K64,1313630.086401,7620.9,172.37204088769042,BLOCO_OCDE,169.3723493592879,1.7710633050494584
2021,K64,1462060.21405744,7697.8,189.93221622508247,BLOCO_OCDE,176.79045450562808,7.433524483097043
2022,K64,1476019.8628479,7417.0,199.00497004825402,BLOCO_OCDE,184.20855965196643,8.032422827822504
2023,K64,1486165.34618027,6984.0,212.79572539809135,BLOCO_OCDE,191.62666479830477,11.047032844864212
2015,K65,412364.67699999997,5271.6,78.22381762652704,BLOCO_OCDE,78.10271358695582,0.15505740326984263
2016,K65,421729.51999999996,5297.0,79.61667358882386,BLOCO_OCDE,78.98645803521299,0.7978779771716127
2017,K65,417994.43,5359.8,77.98694540841076,BLOCO_OCDE,79.87020248347017,-2.3578969584422405
2018,K65,445416.993,5422.3,82.14539826272984,BLOCO_OCDE,80.75394693172734,1.723075321852563
2019,K65,455546.9,5597.9,81.3781775308598,BLOCO_OCDE,81.63769137998452,-0.31788484551431573
2020,K65,459500.344443265,5684.3,80.83675112912144,BLOCO_OCDE,82.52143582824169,-2.041511617207825
2021,K65,477963.555935422,5607.8,85.23191910114876,BLOCO_OCDE,83.40518027649887,2.1901982809629184
2022,K65,504130.000428491,5721.6,88.10996931426367,BLOCO_OCDE,84.28892472475604,4.533270061262695
2023,K65,519062.615260134,5661.0,91.69097602192792,BLOCO_OCDE,85.17266917301322,7.6530498717539475
2015,K66,221391.10599999997,483.6,457.7979859387923,BLOCO_OCDE,452.5480261779767,1.1600889755623234
2016,K66,230762.609,502.0,459.68647211155377,BLOCO_OCDE,455.4839120347042,0.9226582906246339
2017,K66,230294.57,517.6,444.9276854714065,BLOCO_OCDE,458.4197978914317,-2.943178388473644
2018,K66,243418.24800000002,535.3,454.73238931440324,BLOCO_OCDE,461.3556837481592,-1.435615657738687
2019,K66,260037.565,547.5,474.95445662100457,BLOCO_OCDE,464.2915696048858,2.2965928554750548
2020,K66,260508.470155732,558.4,466.52662993505015,BLOCO_OCDE,467.2274554616133,-0.14999664903483367
2021,K66,282671.427007143,579.5,487.78503366202415,BLOCO_OCDE,470.1633413183408,3.7479936854013296
2022,K66,292851.440219161,479.9,610.2342992689331,BLOCO_OCDE,473.09922717506834,28.986534793707985
2023,K66,288127.281151091,275.0,1047.735567822149,BLOCO_OCDE,476.03511303179585,120.09627843401702
2015,L,2922490.47,3497.9124,835.4956144699336,BLOCO_OCDE,833.88309144903,0.19337519101167988
2016,L,3004463.752,3559.5731,844.051707211744,BLOCO_OCDE,841.5533806384101,0.2968708380018281
2017,L,3112451.159,3692.5764,842.8941806051731,BLOCO_OCDE,849.2236698277884,-0.7453265196787129
2018,L,3232484.4629999995,3777.9976,855.6078656587816,BLOCO_OCDE,856.8939590171685,-0.1500878078148693
2019,L,3372171.946,3884.682,868.0689811933127,BLOCO_OCDE,864.5642482065487,0.40537565531240105
2020,L,3439258.157,3785.8685,908.4462804241616,BLOCO_OCDE,872.234537395927,4.151606187980761
2021,L,3566519.8219999997,3943.4331,904.4200146314133,BLOCO_OCDE,879.9048265853071,2.7861181465776985
2022,L,3885416.5157989226,4070.5263,954.5243610878825,BLOCO_OCDE,887.5751157746872,7.542938521294751
2023,L,4043199.537718296,4152.2804,973.7298901389936,BLOCO_OCDE,895.2454049640655,8.76681240023549
2024,L,387275.0,531.6439,728.4481210073133,BLOCO_OCDE,902.9156941534457,-19.322686965775848
2025,L,392360.0,536.1018,731.8759235652632,BLOCO_OCDE,910.5859833428258,-19.625830294631296
2015,LDI,186.27556616355912,11124.5,0.016744623683182087,BLOCO_OCDE,0.016741555948424497,0.018324071950304166
2016,LDI,188.1995983655682,11244.2,0.016737482290031143,BLOCO_OCDE,0.01668649832919153,0.30554020282627103
2017,LDI,189.8987417581356,11459.4,0.01657143844862171,BLOCO_OCDE,0.01663144070995856,-0.360776088994641
2018,LDI,192.05411320227805,11617.7,0.016531164791850197,BLOCO_OCDE,0.016576383090725608,-0.2727874870405822
2019,LDI,195.09306057409384,11772.1,0.016572494336107732,BLOCO_OCDE,0.01652132547149264,0.3097140402165799
2020,LDI,200.0,11586.1,0.017262064024995468,BLOCO_OCDE,0.016466267852259672,4.832887329878988
2021,LDI,204.5476470547517,11893.099999999999,0.017198850346398478,BLOCO_OCDE,0.016411210233026705,4.799402982399736
2022,LDI,215.04332720673233,12223.5,0.01759261481627458,BLOCO_OCDE,0.016356152613793737,7.559615220501725
2023,LDI,233.9139825597328,12242.090115656829,0.01910735669724994,BLOCO_OCDE,0.01630109499456077,17.215172990682802
2015,LTN,5716641.421,45223.608,126.4083445310246,BLOCO_OCDE,125.21558820154496,0.9525621742556556
2016,LTN,5888822.855,46339.324,127.08046528689111,BLOCO_OCDE,128.0156638731105,-0.730534497049018
2017,LTN,6145471.584,47298.515,129.92948264866243,BLOCO_OCDE,130.81573954467603,-0.6774849105301572
2018,LTN,6435913.863,48236.951,133.42289944901367,BLOCO_OCDE,133.61581521624066,-0.14438093792623619
2019,LTN,6715027.591,48929.974,137.23750580778972,BLOCO_OCDE,136.4158908878062,0.6022868117756541
2020,LTN,6703126.319,46363.28,144.57834560022502,BLOCO_OCDE,139.21596655937174,3.8518419786040647
2021,LTN,7198858.0649999995,49097.129,146.6248273906199,BLOCO_OCDE,142.01604223093727,3.2452567240172314
2022,LTN,7847096.360145871,51784.195999999996,151.534579394568,BLOCO_OCDE,144.8161179025019,4.639305064502097
2023,LTN,8543665.39166043,52269.772,163.4532745170656,BLOCO_OCDE,147.61619357406744,10.728552579193696
2024,LTN,867422.0,7564.74,114.66646573444693,BLOCO_OCDE,150.41626924563298,-23.767245185961805
2025,LTN,885911.0,7513.191,117.91407938384636,BLOCO_OCDE,153.2163449171985,-23.04079604067717
2015,M,1824911.733,21970.8718,83.06050618346423,BLOCO_OCDE,82.19103161515204,1.0578703676374035
2016,M,1869744.472,22564.659,82.86163207695716,BLOCO_OCDE,83.99009554946588,-1.343567316034433
2017,M,1961161.011,22891.6771,85.67135568236719,BLOCO_OCDE,85.78915948377971,-0.1373178174508105
2018,M,2069366.033,23587.5393,87.73132316519342,BLOCO_OCDE,87.588223418094,0.1633778395256913
2019,M,2155809.3619999997,24054.7398,89.62098031091568,BLOCO_OCDE,89.38728735240784,0.26143869607153647
2020,M,2153941.52334564,23565.9436,91.40060588728728,BLOCO_OCDE,91.18635128672167,0.23496345400630947
2021,M,2375285.6639064997,24713.9865,96.11098816075261,BLOCO_OCDE,92.98541522103551,3.3613582649357543
2022,M,556470.0,5653.0032,98.43794180056364,BLOCO_OCDE,94.78447915534935,3.854494615332915
2023,M,596738.1,6902.73280573758,86.44954350601385,BLOCO_OCDE,96.58354308966364,-10.492470310642732
2024,M,278550.0,3488.8735,79.83952413293288,BLOCO_OCDE,98.38260702397747,-18.847927953896704
2015,M69,61222.2830539133,427.585241601524,143.1814690904783,BLOCO_OCDE,142.21004805945404,0.6830888845618777
2016,M69,61988.815417712,436.565439202148,141.99203567511123,BLOCO_OCDE,143.71009873344337,-1.1955061429043012
2017,M69,64161.4461534876,445.54670812315203,144.00610527180228,BLOCO_OCDE,145.21014940743225,-0.8291735395517419
2018,M69,66545.9329460961,442.49851625942097,150.38679340357973,BLOCO_OCDE,146.71020008142114,2.50602433921987
2019,M69,64905.1444038501,443.085880787184,146.48434359618946,BLOCO_OCDE,148.21025075541047,-1.1644991830350837
2020,M69,66767.2975643992,447.488335307055,149.2045541669487,BLOCO_OCDE,149.71030142939935,-0.33781727618066304
2021,M69,67987.1495376957,461.53146809299005,147.30772274014814,BLOCO_OCDE,151.2103521033887,-2.580927369689723
2022,M69,37448.0,285.1,131.35040336723955,BLOCO_OCDE,152.71040277737757,-13.98725890421283
2015,M69T71,1352117.859,6467.596379663701,209.0603339521176,BLOCO_OCDE,207.55619842936903,0.724688317733091
2016,M69T71,1388809.8599999999,6612.62927015258,210.02385031150467,BLOCO_OCDE,212.14880852838178,-1.001635706378634
2017,M69T71,1466422.206,6775.13873114168,216.44165000779148,BLOCO_OCDE,216.74141862739452,-0.13830703033201885
2018,M69T71,1544231.2930000003,6946.86267580998,222.29189852525022,BLOCO_OCDE,221.33402872640727,0.4327711397812184
2019,M69T71,1604114.519,7101.32835200104,225.8893603403068,BLOCO_OCDE,225.92663882542,-0.016500261017038387
2020,M69T71,1583538.8289723801,6951.54076332791,227.79681266147,BLOCO_OCDE,230.51924892443094,-1.1810017062190759
2021,M69T71,1725998.13818308,7137.709050021909,241.81402269090555,BLOCO_OCDE,235.11185902344369,2.850627652428872
2022,M69T71,1948594.4062514785,7485.5501248969595,260.31412170635906,BLOCO_OCDE,239.70446912245643,8.597942566258077
2023,M69T71,1795693.8976239571,6021.066026220909,298.2352111410104,BLOCO_OCDE,244.29707922146918,22.078909863119243
2015,M69_70,1065047.185,4338.64704201403,245.4791032057767,BLOCO_OCDE,244.27781201283142,0.49177253678782673
2016,M69_70,1101514.499,4434.14084311089,248.41666919790555,BLOCO_OCDE,250.36135805832055,-0.7767528006306756
2017,M69_70,1160133.276,4523.0442175553,256.49390547569107,BLOCO_OCDE,256.4449041038097,0.019107953052377447
2018,M69_70,1222098.1060000001,4638.65909348568,263.4593492150045,BLOCO_OCDE,262.5284501492988,0.3545897845267154
2019,M69_70,1269706.626,4731.082595499291,268.37549342467196,BLOCO_OCDE,268.61199619478793,-0.08804624270930539
2020,M69_70,1263974.31421757,4690.7063063856,269.46353739881,BLOCO_OCDE,274.69554224027706,-1.9046558960504112
2021,M69_70,1387960.52257031,4771.527734838521,290.88388451278314,BLOCO_OCDE,280.7790882857662,3.5988421675950066
2022,M69_70,1515512.9852952452,4711.8157533201,321.64096913750603,BLOCO_OCDE,286.8626343312553,12.123689405323645
2023,M69_70,1449245.077305303,4025.5652861648,360.010327564707,BLOCO_OCDE,292.94618037674263,22.89299252911121
2015,M70,58821.9169460867,452.414758398476,130.0176792514752,BLOCO_OCDE,128.70484251450173,1.020036784416667
2016,M70,61768.784582288004,480.63456079785203,128.51507074262824,BLOCO_OCDE,128.8847551163578,-0.28683328249009543
2017,M70,63021.8538465124,496.053291876848,127.04653890727215,BLOCO_OCDE,129.06466771821388,-1.5636570772009417
2018,M70,67462.1670539039,522.401483740579,129.13854411524824,BLOCO_OCDE,129.24458032006996,-0.08204305709309523
2019,M70,71443.0555961499,547.014119212816,130.60550557444563,BLOCO_OCDE,129.4244929219261,0.9125109365751838
2020,M70,68365.4024356008,561.711664692945,121.70906664894022,BLOCO_OCDE,129.60440552378216,-6.091875382579614
2021,M70,77047.5504623043,592.66853190701,130.0010820793723,BLOCO_OCDE,129.78431812563824,0.1670186019887554
2022,M70,60801.0,470.3,129.28130980225387,BLOCO_OCDE,129.96423072749437,-0.5254683703490914
2015,M71,287071.675,1555.200637649672,184.58819270666118,BLOCO_OCDE,181.78056955465308,1.5445122429127212
2016,M71,287295.36100000003,1593.1963270416918,180.32640178970354,BLOCO_OCDE,184.21058116154654,-2.108553888354925
2017,M71,306290.03,1640.97611358638,186.65112030826467,BLOCO_OCDE,186.64059276844,0.005640541357321283
2018,M71,319121.187,1684.2692823243042,189.47159480318393,BLOCO_OCDE,189.07060437533346,0.21208501933724921
2019,M71,334407.893,1740.2063565017538,192.1656542343879,BLOCO_OCDE,191.500615982226,0.3472773436006049
2020,M71,319565.514754808,1740.400756942306,183.61605134914424,BLOCO_OCDE,193.93062758911947,-5.318693786640393
2021,M71,338037.61561276997,1770.937915183391,190.88055697184856,BLOCO_OCDE,196.36063919601293,-2.7908252115099175
2022,M71,360909.8072795147,1755.176171576858,205.6259725513888,BLOCO_OCDE,198.79065080290638,3.438452322015584
2023,M71,346251.1278581428,1331.514440056107,260.0430888631989,BLOCO_OCDE,201.22066240979984,29.232796348519653
2015,M72,193101.563,963.612620336301,200.39335198059933,BLOCO_OCDE,195.46234371903847,2.522740783589894
2016,M72,191880.33000000002,976.342329847424,196.5297663883791,BLOCO_OCDE,196.2646058526518,0.13510359373016811
2017,M72,197095.902,997.5546688583249,197.57904819950477,BLOCO_OCDE,197.06686798626492,0.25990173714820486
2018,M72,210900.13799999998,1196.0858241900169,176.32525503997212,BLOCO_OCDE,197.86913011987804,-10.887941472656026
2019,M72,224842.065,1048.180947998959,214.5069183228689,BLOCO_OCDE,198.67139225349138,7.970712788468526
2020,M72,244708.72940642698,1058.3087366720952,231.22622059790024,BLOCO_OCDE,199.4736543871045,15.918175414371149
2021,M72,275217.712151225,1084.453149978085,253.7847874357566,BLOCO_OCDE,200.27591652071783,26.717576353971385
2022,M72,296247.4851667849,1124.917175103038,263.3504863499393,BLOCO_OCDE,201.07817865433094,30.96920218412127
2023,M72,241933.0489709013,712.2982737790869,339.6513200675462,BLOCO_OCDE,201.88044078794428,68.24379753773016
2015,M73,110643.764,2879.6299617855097,38.42291039762467,BLOCO_OCDE,38.584971320084605,-0.4200104779540914
2016,M73,115301.712,2883.45682446722,39.98732043484107,BLOCO_OCDE,39.92678993764139,0.15160371593663236
2017,M73,118656.73000000001,2893.31733716475,41.01061728551192,BLOCO_OCDE,41.26860855519817,-0.6251513649683127
2018,M73,126936.511,2911.85123130382,43.59306191036501,BLOCO_OCDE,42.61042717275541,2.306089853607207
2019,M73,128161.432,2957.85823239121,43.32913274764725,BLOCO_OCDE,43.95224579031219,-1.4177046734715093
2020,M73,127052.947489118,2943.51454898157,43.163689315915626,BLOCO_OCDE,45.29406440786897,-4.703431056152329
2021,M73,145392.573511009,2832.8109885843,51.32448797216402,BLOCO_OCDE,46.635883025425755,10.053642479937718
2022,M73,142572.2755905512,3168.95937961595,44.99025027194564,BLOCO_OCDE,47.97770164298299,-6.226749653970309
2023,M73,147776.10236220472,3089.86841526852,47.826017972795285,BLOCO_OCDE,49.319520260539775,-3.0282173870604945
2015,M73T75,279692.311,11452.6629,24.421596395716843,BLOCO_OCDE,24.32355481095999,0.40307259986800403
2016,M73T75,289054.181,11753.6873,24.592638345925707,BLOCO_OCDE,24.68623308871952,-0.3791374020387872
2017,M73T75,297642.904,11943.9838,24.919901850503177,BLOCO_OCDE,25.048911366479047,-0.5150304302186659
2018,M73T75,316792.603,12394.9368,25.558226565544086,BLOCO_OCDE,25.411589644238575,0.5770474156021832
2019,M73T75,326852.778,12692.2305,25.75219367470517,BLOCO_OCDE,25.77426792199799,-0.08564451708046317
2020,M73T75,325693.864966837,12505.0941,26.04489517330677,BLOCO_OCDE,26.136946199757517,-0.35218738159854546
2021,M73T75,374069.813572192,13294.8244,28.136499010260867,BLOCO_OCDE,26.499624477517045,6.176972560998317
2022,M73T75,67139.8,735.5359,91.2801129081531,BLOCO_OCDE,26.862302755276573,239.8074757020707
2023,M73T75,37209.0,440.0772,84.55107422061401,BLOCO_OCDE,27.2249810330361,210.56430899994263
2015,M74,16623.7333010649,107.57082334004019,154.5375668318157,BLOCO_OCDE,149.5629764191758,3.3260841230504434
2016,M74,16449.3930132373,113.9570738471173,144.34727444217722,BLOCO_OCDE,150.5908027103369,-4.146022304010943
2017,M74,17632.5244515999,116.974057134399,150.73876108563766,BLOCO_OCDE,151.61862900149845,-0.5803164964986562
2018,M74,18224.5547086253,118.9294133227387,153.23841427830249,BLOCO_OCDE,152.64645529265954,0.3877974005410234
2019,M74,19105.7650934876,123.0794705556895,155.23112836955906,BLOCO_OCDE,153.67428158382063,1.0130821954676072
2020,M74,17468.280567714603,121.9069876238677,143.29187283022122,BLOCO_OCDE,154.70210787498172,-7.375617049756922
2021,M74,19437.8097777461,125.8092071909327,154.50228335233496,BLOCO_OCDE,155.72993416614327,-0.7883203832209751
2022,M74,5930.0,51.9,114.25818882466281,BLOCO_OCDE,156.75776045730436,-27.111622103211296
2015,M74_75,169048.547,3381.57003821449,49.991141715124634,BLOCO_OCDE,49.46631819724104,1.060971458985338
2016,M74_75,173751.56900000002,3535.7431755327802,49.141456371139974,BLOCO_OCDE,49.64126182746719,-1.0068347135581246
2017,M74_75,178987.074,3615.98266283525,49.49887504705521,BLOCO_OCDE,49.81620545769334,-0.6370023724661888
2018,M74_75,190311.091,3804.24876869618,50.02593220664294,BLOCO_OCDE,49.99114908791944,0.06957855412030867
2019,M74_75,198691.346,3940.44176760879,50.42362194850387,BLOCO_OCDE,50.16609271814559,0.5133531762283816
2020,M74_75,198641.017477719,4180.38545101843,47.51739278714738,BLOCO_OCDE,50.341036348371745,-5.60902946392301
2021,M74_75,228677.240061183,4304.5890114157,53.124058871760965,BLOCO_OCDE,50.5159799785979,5.162878942995919
2022,M74_75,25560.0,225.9,113.14741035856574,BLOCO_OCDE,50.69092360882405,123.21039409680345
2023,M74_75,21314.0,158.0,134.8987341772152,BLOCO_OCDE,50.8658672390502,165.20482496296097
2015,M75,2514.7666989351383,14.92917665995976,168.4464425744103,BLOCO_OCDE,167.87235266667085,0.34198002149845586
2016,M75,2605.206986762746,15.542926152882771,167.61367590230455,BLOCO_OCDE,163.77782747736455,2.3421048404553613
2017,M75,2650.475548400081,16.32594286560095,162.34747176438304,BLOCO_OCDE,159.68330228805826,1.668408304531921
2018,M75,2793.3452913747433,20.47058667726129,136.4565332403291,BLOCO_OCDE,155.58877709875196,-12.296673458831586
2019,M75,2898.234906512361,17.72052944431046,163.55238795886532,BLOCO_OCDE,151.49425190944567,7.9594677008783865
2020,M75,2931.01943228538,19.09301237613235,153.5126764988309,BLOCO_OCDE,147.39972672013937,4.147192070646022
2021,M75,3135.190222253928,21.49079280906733,145.88527515518822,BLOCO_OCDE,143.30520153083307,1.8004047283657343
2022,M75,2288.0,20.0,114.4,BLOCO_OCDE,139.21067634152496,-17.82239480013518
2015,MED,29434.089234356783,199.0375979559157,147.88205613733373,BLOCO_OCDE,147.87293856804092,0.006165813286118649
2016,MED,30162.604739744485,203.8901321744679,147.93557892215438,BLOCO_OCDE,148.25380454421088,-0.21464921121913116
2017,MED,30521.389341315928,203.18647618979935,150.21368505256947,BLOCO_OCDE,148.63467052038095,1.0623460372067184
2018,MED,30736.606329652685,209.41207157213307,146.77571402117238,BLOCO_OCDE,149.0155364965509,-1.5030798318337646
2019,MED,32323.66448940253,214.96612285640538,150.36631846867482,BLOCO_OCDE,149.39640247272098,0.6492231271304716
2020,MED,31690.576247754558,220.3050709257992,143.84860100849988,BLOCO_OCDE,149.77726844889094,-3.9583225824512347
2021,MED,33777.6655917665,219.76971127247634,153.69572720550215,BLOCO_OCDE,150.158134425061,2.3559115155407317
2022,MED,17624.34193074685,92.75469484841284,190.0102410939949,BLOCO_OCDE,150.53900040123096,26.219943395107848
2015,MHDI,186.86284851781005,12006.2,0.015563862714081894,BLOCO_OCDE,0.01555907673719048,0.030760031409671207
2016,MHDI,188.39074699447548,12068.2,0.01561050918898224,BLOCO_OCDE,4.139830051821264,-99.62291908137352
2017,MHDI,190.25738055006548,12184.400000000001,0.015614833766953273,BLOCO_OCDE,8.264101026907156,-99.81105224009106
2018,MHDI,504845.06805634685,12236.3,41.257983872277315,BLOCO_OCDE,12.388372001991229,233.0379800158226
2019,MHDI,194.53946539302365,12365.8,0.0157320565910029,BLOCO_OCDE,16.512642977075302,-99.90472720440427
2020,MHDI,200.0,12248.0,0.016329196603527107,BLOCO_OCDE,20.636913952159375,-99.92087384460011
2021,MHDI,199.9284875269626,12398.5,0.01612521575408014,BLOCO_OCDE,24.76118492724345,-99.93487704323738
2022,MHDI,208.73097390736206,12651.2,0.016498907131921245,BLOCO_OCDE,28.88545590232752,-99.94288161077426
2015,MLDI,183.9072371682405,10867.3,0.01692299257112995,BLOCO_OCDE,0.016883881153262337,0.2316494502216715
2016,MLDI,185.5203163938674,10962.7,0.016922867212809563,BLOCO_OCDE,3.034211003496239,-99.44226465485394
2017,MLDI,187.48161916401602,11026.400000000001,0.017002976416964376,BLOCO_OCDE,6.051538125840125,-99.71903049995899
2018,MLDI,378380.56859090587,12533.456,30.18964351021026,BLOCO_OCDE,9.06886524818401,232.89328580833822
2019,MLDI,191.43924522429808,11131.3,0.01719828279035675,BLOCO_OCDE,12.086192370526987,-99.85770305268105
2020,MLDI,200.0,11162.3,0.01791745428809475,BLOCO_OCDE,15.103519492870873,-99.88136901272216
2021,MLDI,203.99272447728688,11321.7,0.018017852838115023,BLOCO_OCDE,18.12084661521476,-99.90056837177251
2022,MLDI,213.8069564855918,11391.599999999999,0.018768825844094932,BLOCO_OCDE,21.138173737557736,-99.91120885807298
2023,MLDI,110.31825388172943,4980.1,0.02215181500004607,BLOCO_OCDE,24.155500859901622,-99.90829494644503
2015,M_N,2794150.9510000004,41725.6959,66.96475375021846,BLOCO_OCDE,66.21708393738663,1.1291192066669842
2016,M_N,2884359.103,42779.7512,67.42346605793257,BLOCO_OCDE,67.79558355478775,-0.5488816193380264
2017,M_N,3033020.425,43605.9387,69.55521462034253,BLOCO_OCDE,69.37408317218888,0.2610938262118445
2018,M_N,3203429.4,46618.3963,68.71599313252223,BLOCO_OCDE,70.95258278959,-3.1522314891628045
2019,M_N,3342855.6449999996,45045.2921,74.21098829992934,BLOCO_OCDE,72.53108240699112,2.3161186034861947
2020,M_N,3263868.1620000005,42577.4113,76.65727112911631,BLOCO_OCDE,74.10958202439224,3.437732389160586
2021,M_N,3632338.243,45153.6962,80.44387389486843,BLOCO_OCDE,75.68808164179336,6.283409686062158
2022,M_N,942276.2,12533.67,75.17959225031454,BLOCO_OCDE,77.26658125919448,-2.7010241360091114
2023,M_N,1013587.4,12768.4922,79.3819179370294,BLOCO_OCDE,78.8450808765956,0.6808757812982957
2024,M_N,480147.0,7033.0963,68.26964675572549,BLOCO_OCDE,80.42358049399672,-15.11240069593578
2025,M_N,493551.0,6977.0894,70.73880979653207,BLOCO_OCDE,82.00208011139785,-13.735347078470328
2015,N,969239.2180000001,19754.824099999998,49.0634192991878,BLOCO_OCDE,48.55307660694234,1.0511026857821903
2016,N,1014614.632,20215.0922,50.19094753374412,BLOCO_OCDE,50.13928062199193,0.1030467751257147
2017,N,1071859.514,20714.261599999998,51.74500229349233,BLOCO_OCDE,51.72548463704197,0.03773315337169958
2018,N,1134062.366,22203.307,51.07628183495368,BLOCO_OCDE,53.311688652092016,-4.193089496238667
2019,N,1187047.283,20990.452400000002,56.55177222383258,BLOCO_OCDE,54.897892667141605,3.012646708897959
2020,N,1109926.63865436,19011.4677,58.381954311415946,BLOCO_OCDE,56.48409668219165,3.359985802557164
2021,N,1257052.579093505,20439.7097,61.500510405659284,BLOCO_OCDE,58.07030069724169,5.906994913461028
2022,N,385805.2,6880.6668,56.07090289563215,BLOCO_OCDE,59.656504712291735,-6.010412165365764
2023,N,416849.3,8181.57839426242,50.94974098058245,BLOCO_OCDE,61.24270872734132,-16.806846007716935
2024,N,201597.0,3544.2228,56.88045345230554,BLOCO_OCDE,62.82891274239137,-9.467710056475854
2015,N77,272318.306,1274.0,213.75063265306122,BLOCO_OCDE,217.75966981774945,-1.8410374924078154
2016,N77,290538.66500000004,1273.5,228.1418649391441,BLOCO_OCDE,223.3754297576197,2.1338225008437073
2017,N77,296634.79000000004,1292.2,229.55795542485686,BLOCO_OCDE,228.9911896974918,0.24750547307683668
2018,N77,315957.944,1343.3,235.21026129680638,BLOCO_OCDE,234.60694963736387,0.25715847734906205
2019,N77,332755.465,1396.4,238.29523417358922,BLOCO_OCDE,240.22270957723595,-0.8023701868315691
2020,N77,326850.117113556,1133.9,288.2530356411994,BLOCO_OCDE,245.83846951710802,17.253022363588922
2021,N77,369047.946611017,1174.8,314.13682891642577,BLOCO_OCDE,251.4542294569801,24.92803544995439
2022,N77,376700.55905511806,1234.8,305.0700996559103,BLOCO_OCDE,257.0699893968522,18.67200071532189
2023,N77,360049.46456692915,1127.0,319.4760111507801,BLOCO_OCDE,262.68574933672244,21.619087429543548
2015,N78,294340.162,1885.6,156.0989403903267,BLOCO_OCDE,150.89740681204148,3.447066247310837
2016,N78,305076.04799999995,2003.3,152.28675086107918,BLOCO_OCDE,152.56437073278585,-0.1819690078182834
2017,N78,329361.38,2231.0,147.6294845360825,BLOCO_OCDE,154.2313346535302,-4.280485630418951
2018,N78,345620.731,2317.6,149.1287241111495,BLOCO_OCDE,155.89829857427503,-4.342301696063922
2019,N78,359816.085,2167.4,166.01277336901356,BLOCO_OCDE,157.5652624950194,5.361277441632284
2020,N78,330452.37486306496,1903.1,173.6389968278414,BLOCO_OCDE,159.23222641576376,9.04764741181272
2021,N78,395602.18454602,2127.0,185.99068384862247,BLOCO_OCDE,160.89919033650813,15.594543054963438
2022,N78,417848.8428351309,1851.8,225.64469318237983,BLOCO_OCDE,162.5661542572525,38.801766095363746
2023,N78,367141.93990755006,834.0,440.21815336636695,BLOCO_OCDE,164.23311817799686,168.0446905290173
2015,N79,31046.121,359.449017953456,86.37141694464184,BLOCO_OCDE,85.589968749955,0.9130137632948232
2016,N79,31273.881,371.335712790455,84.21996571508832,BLOCO_OCDE,88.52532687130133,-4.863423054593374
2017,N79,35390.793000000005,378.45890888939,93.51290765979424,BLOCO_OCDE,91.46068499264766,2.2438304144688503
2018,N79,38549.445,385.179032784877,100.08188846958842,BLOCO_OCDE,94.39604311399489,6.023393744086469
2019,N79,36520.935,392.20376998378697,93.11724617412452,BLOCO_OCDE,97.33140123534122,-4.329697310148795
2020,N79,8308.77599210958,316.756874944051,26.230767662350395,BLOCO_OCDE,100.26675935668754,-73.83901920173021
2021,N79,19961.3532778089,267.183050918024,74.71040250952655,BLOCO_OCDE,103.20211747803387,-27.60768447853956
2022,N79,7244.0,105.8,68.468809073724,BLOCO_OCDE,106.1374755993811,-35.49044888521614
2023,N79,5407.0,71.0,76.15492957746478,BLOCO_OCDE,109.07283372072743,-30.179745973728345
2015,N80T82,371798.828,8183.79561042817,45.43109892996799,BLOCO_OCDE,44.81169278105335,1.3822422463284578
2016,N80T82,387725.037,8433.41890307725,45.97483434132792,BLOCO_OCDE,46.50974903470251,-1.1501130504391055
2017,N80T82,410471.552,8592.03821965888,47.77347836521804,BLOCO_OCDE,48.20780528835121,-0.9009473062199791
2018,N80T82,435091.147,8718.975803290741,49.901634872732025,BLOCO_OCDE,49.905861542000366,-0.008469284243861619
2019,N80T82,457954.79799999995,8813.94539577647,51.95797993251082,BLOCO_OCDE,51.60391779564907,0.686114837760643
2020,N80T82,444316.370685629,8769.317796079129,50.66715347963423,BLOCO_OCDE,53.301974049298224,-4.943195100479936
2021,N80T82,472442.094658659,8731.79583662934,54.10594836365663,BLOCO_OCDE,55.00003030294738,-1.6256026303367976
2022,N80T82,144502.0,2925.4,49.39563820332262,BLOCO_OCDE,56.69808655659608,-12.879532267784999
2023,N80T82,98866.0,1921.0,51.46590317542947,BLOCO_OCDE,58.39614281024524,-11.867632520413496
2015,O,1974689.591,28486.9934,69.31898931110084,BLOCO_OCDE,68.86418017712867,0.6604436919198431
2016,O,2011806.014,28724.0368,70.03911142461702,BLOCO_OCDE,70.42144893988643,-0.5429276463706167
2017,O,2062876.878,28876.8342,71.4370856483984,BLOCO_OCDE,71.97871770264373,-0.7524891683718393
2018,O,2144630.906,29002.2602,73.94702658381087,BLOCO_OCDE,73.53598646540104,0.5589645806998611
2019,O,2206058.1380000003,29354.860399999998,75.15137554529132,BLOCO_OCDE,75.0932552281588,0.07739751986504118
2020,O,2282718.04490841,29128.1025,78.3682371657546,BLOCO_OCDE,76.6505239909161,2.240967295986218
2021,O,2372182.99367374,29223.2247,81.17458008231857,BLOCO_OCDE,78.2077927536734,3.7934676637525033
2022,O,2501315.33712532,29411.0085,85.04690810331512,BLOCO_OCDE,79.76506151643116,6.621754545749248
2023,O,2642242.31522477,31216.330424778782,84.64295063738244,BLOCO_OCDE,81.32233027918846,4.083282349133288
2024,O,249374.0,4075.5063,61.18847123362317,BLOCO_OCDE,82.87959904194622,-26.17185418252922
2015,OTQ,5089418.009,95838.5185,53.1040972737908,BLOCO_OCDE,52.89022770894235,0.4043649916301906
2016,OTQ,5245449.028,97717.7133,53.679612946898544,BLOCO_OCDE,53.838140185036764,-0.294451549762631
2017,OTQ,5400527.089,98906.9911,54.60207644513007,BLOCO_OCDE,54.78605266113141,-0.3358084896885716
2018,OTQ,5605938.609999999,100605.443,55.72202102425015,BLOCO_OCDE,55.73396513722582,-0.021430581775883084
2019,OTQ,5809512.736,102239.7338,56.82245561558768,BLOCO_OCDE,56.68187761332047,0.24801225398041193
2020,OTQ,5923410.207,99889.5833,59.299578707923196,BLOCO_OCDE,57.62979008941488,2.8974400495257235
2021,OTQ,6233160.962,101578.66560000001,61.362894710048245,BLOCO_OCDE,58.577702565509526,4.754696791708302
2022,OTQ,6601357.47463974,103176.94039999999,63.98093846403436,BLOCO_OCDE,59.52561504160394,7.484716318036333
2023,OTQ,7047107.1490444,106346.6315,66.265447712318,BLOCO_OCDE,60.473527517698585,9.577612605655105
2024,OTQ,770504.0,14968.1356,51.47628406038759,BLOCO_OCDE,61.421439993793,-16.19166847017983
2025,OTQ,827319.0,15282.8514,54.133811704797445,BLOCO_OCDE,62.369352469887644,-13.204467320814938
2015,OTU,5776166.279,113719.888,50.792929720437286,BLOCO_OCDE,50.63492618476789,0.3120445660231397
2016,OTU,5953487.171,115647.086,51.479785413702515,BLOCO_OCDE,51.563392685452754,-0.16214462896236848
2017,OTU,6130026.432,116835.586,52.4671176126082,BLOCO_OCDE,52.49185918613762,-0.04713411548575852
2018,OTU,6363304.937999999,119861.947,53.088616506454706,BLOCO_OCDE,53.42032568682248,-0.6209418907560105
2019,OTU,6591640.175999999,120657.844,54.63084667748579,BLOCO_OCDE,54.34879218750757,0.518971036200977
2020,OTU,6573454.639,116078.67199999999,56.629306019283206,BLOCO_OCDE,55.27725868819243,2.445937738550663
2021,OTU,6975020.341,118486.459,58.867657957437984,BLOCO_OCDE,56.205725188877295,4.73605270569033
2022,OTU,7459995.14641551,120948.964,61.6788676785649,BLOCO_OCDE,57.13419168956216,7.954389227550762
2023,OTU,7982554.07842788,124650.052,64.03971719504682,BLOCO_OCDE,58.06265819024725,10.294153232212055
2024,OTU,903846.0,17618.773,51.30016715692971,BLOCO_OCDE,58.99112469093211,-13.037482459093752
2025,OTU,966502.0,17946.506,53.85460545913505,BLOCO_OCDE,59.91959119161697,-10.121874351723614
2015,P,1293533.411,24769.8531,52.222086492713196,BLOCO_OCDE,51.94567157867277,0.5321230925309894
2016,P,1331019.413,25176.5036,52.86752418632109,BLOCO_OCDE,53.00057757608738,-0.2510413958702218
2017,P,1363755.525,25425.3803,53.63756643592858,BLOCO_OCDE,54.05548357350244,-0.773126258329726
2018,P,1415600.614,25626.4967,55.239724359202015,BLOCO_OCDE,55.11038957091705,0.23468313196830515
2019,P,1462416.692,25970.5786,56.31051639334674,BLOCO_OCDE,56.16529556833211,0.25855970941690565
2020,P,1479716.20937163,24960.5959,59.282086665712576,BLOCO_OCDE,57.22020156574672,3.6034215950755177
2021,P,1542431.5570995798,25238.8007,61.11350437897708,BLOCO_OCDE,58.27510756316178,4.870684816392479
2022,P,1632548.48130268,25781.9593,63.32135049575849,BLOCO_OCDE,59.33001356057639,6.7273487660792775
2023,P,1730621.68853902,26613.623896470992,65.02766009136032,BLOCO_OCDE,60.384919557991,7.688576166621597
2024,P,186351.0,3282.2476,56.77542425501354,BLOCO_OCDE,61.43982555540606,-7.591820546733475
2015,Q,1821196.0069999998,42581.672,42.7694808930941,BLOCO_OCDE,42.75364611006739,0.03703726925636808
2016,Q,1902623.602,43817.0728,43.42196957529303,BLOCO_OCDE,43.43443342046248,-0.02869577012504232
2017,Q,1973894.6860000002,44604.6766,44.25308816161219,BLOCO_OCDE,44.11522073085757,0.3125166971185145
2018,Q,2045706.0899999999,45976.7861,44.494325583144665,BLOCO_OCDE,44.79600804125266,-0.6734583533206329
2019,Q,2141038.905,46914.2948,45.637239441143635,BLOCO_OCDE,45.476795351647525,0.3528042999852543
2020,Q,2160976.85271996,45800.885,47.18198901003681,BLOCO_OCDE,46.157582662042614,2.219367412489315
2021,Q,2318546.41122668,47116.6402,49.208653278012804,BLOCO_OCDE,46.838369972437704,5.060558911358148
2022,Q,2467492.75621174,47983.8726,51.42337669952341,BLOCO_OCDE,47.51915728283279,8.216095654754142
2023,Q,2674244.14528061,50938.27717875023,52.49969754368168,BLOCO_OCDE,48.19994459322788,8.920659529259932
2024,Q,334779.0,7610.3817,43.9897778057571,BLOCO_OCDE,48.88073190362297,-10.00589374870502
2015,Q86,1429089.24,26164.4146,54.61957631568795,BLOCO_OCDE,54.660409431582366,-0.07470327485477046
2016,Q86,1492055.345,26818.9055,55.63446073517056,BLOCO_OCDE,55.527466706370205,0.19268667408536277
2017,Q86,1545940.7259999998,27309.4228,56.60832663222746,BLOCO_OCDE,56.39452398115827,0.37911952433646867
2018,Q86,1599393.84,28219.7867,56.67632633098535,BLOCO_OCDE,57.26158125594611,-1.0220725871065484
2019,Q86,1671669.148,28607.8508,58.433929891720496,BLOCO_OCDE,58.12863853073418,0.525199572367252
2020,Q86,1678920.8563818,27918.0033,60.13756923589876,BLOCO_OCDE,58.995695805522246,1.9355198964695175
2021,Q86,1819706.11240696,28955.9584,62.843926188502884,BLOCO_OCDE,59.862753080310085,4.980013371909808
2022,Q86,1917338.9849891798,29462.9451,65.07628407416676,BLOCO_OCDE,60.72981035509815,7.157067828228003
2023,Q86,1841280.88708816,27803.0061,66.22596421644349,BLOCO_OCDE,61.59686762988622,7.515149332547022
2015,Q87_88,392106.66599999997,16417.2574,23.883810580931744,BLOCO_OCDE,23.812641408500212,0.29887139024453724
2016,Q87_88,410568.257,16998.1673,24.153677849729128,BLOCO_OCDE,24.245072217764573,-0.37696059312407604
2017,Q87_88,427953.96,17295.2538,24.74401156229347,BLOCO_OCDE,24.677503027028934,0.2695107977159994
2018,Q87_88,446312.24899999995,17876.4994,24.966423180144538,BLOCO_OCDE,25.10993383629318,-0.5715294077805022
2019,Q87_88,469369.757,18306.4441,25.639591962045756,BLOCO_OCDE,25.54236464555754,0.3806511959147274
2020,Q87_88,482055.99633815896,17882.8816,26.956281829778426,BLOCO_OCDE,25.9747954548219,3.778610602203303
2021,Q87_88,498840.298819716,18160.6818,27.46814818481738,BLOCO_OCDE,26.407226264086262,4.01754394846825
2022,Q87_88,550153.771222562,18520.927499999998,29.704439544000266,BLOCO_OCDE,26.839657073350622,10.673692524537204
2023,Q87_88,510399.65819245,17059.1122,29.919473663608944,BLOCO_OCDE,27.272087882614983,9.707308778077017
2015,R,255135.94400000002,4157.5106,61.367478894702046,BLOCO_OCDE,61.923112939010934,-0.8972966925227754
2016,R,270208.56200000003,4229.9054,63.880521299601654,BLOCO_OCDE,63.50947834997078,0.5842324000619792
2017,R,282387.275,4289.0447,65.8392007432331,BLOCO_OCDE,65.09584376093017,1.1419423105305748
2018,R,296220.832,4467.5555,66.30490253562601,BLOCO_OCDE,66.68220917189001,-0.5658280386173109
2019,R,307458.093,4515.6575,68.08711533148826,BLOCO_OCDE,68.2685745828494,-0.26580202160353394
2020,R,222420.05938731,3549.7419,62.65809336372033,BLOCO_OCDE,69.85493999380924,-10.302559318964
2021,R,271696.786303494,3954.0625,68.71332618123614,BLOCO_OCDE,71.44130540476908,-3.8184901690651807
2022,R,332417.381053018,4402.1975999999995,75.51169012790749,BLOCO_OCDE,73.02767081572847,3.4014768435473908
2023,R,376012.572687572,4855.43132021808,77.44164171818282,BLOCO_OCDE,74.61403622668831,3.7896428533953586
2024,R,43177.0,661.0765,65.31316723556199,BLOCO_OCDE,76.20040163764816,-14.287633881324757
2015,R90T92,141362.20500000002,1281.978000000001,110.26882286591494,BLOCO_OCDE,113.45991497969408,-2.812528208178411
2016,R90T92,149312.294,1225.4,121.84779990207278,BLOCO_OCDE,117.7098508597428,3.515380413879332
2017,R90T92,154157.272,1251.7999999999988,123.14848378335209,BLOCO_OCDE,121.9597867397897,0.9746631044038834
2018,R90T92,162296.613,1306.916479867166,124.18284986083864,BLOCO_OCDE,126.20972261983843,-1.6059561156829494
2019,R90T92,168726.305,1294.4,130.35097728677377,BLOCO_OCDE,130.45965849988715,-0.0833063755976915
2020,R90T92,121412.59691937179,1105.672633390704,109.80881072098403,BLOCO_OCDE,134.70959437993588,-18.484788536087127
2021,R90T92,141728.803472884,1100.633564013841,128.77019937137015,BLOCO_OCDE,138.9595302599846,-7.332588754114844
2022,R90T92,166292.240994525,1165.655319148935,142.65987403200617,BLOCO_OCDE,143.2094661400315,-0.3837680027994339
2023,R90T92,172035.800083912,990.286846275752,173.72320023324582,BLOCO_OCDE,147.45940202008023,17.810867163010148
2015,R93,113772.739,2122.3,53.60822645243368,BLOCO_OCDE,53.764624493468546,-0.2908939521262144
2016,R93,120896.26699999999,2201.0,54.92788141753748,BLOCO_OCDE,54.46263738078051,0.8542444125578585
2017,R93,128228.903,2258.3,56.78116415002435,BLOCO_OCDE,55.16065026809247,2.9378077924314683
2018,R93,119896.47877766995,2312.48352013283,51.84749544540886,BLOCO_OCDE,55.85866315540443,-7.180923214786028
2019,R93,138732.789,2365.9,58.638483875058114,BLOCO_OCDE,56.55667604271662,3.680923240200906
2020,R93,101007.4624679382,2019.5273666092999,50.01539673984483,BLOCO_OCDE,57.25468893002858,-12.644016281410497
2021,R93,129969.08283060981,2050.16643598616,63.39440571715963,BLOCO_OCDE,57.95270181734054,9.389905438698332
2022,R93,147997.34005849302,2207.84468085106,67.03249614526524,BLOCO_OCDE,58.65071470465273,14.29101330277156
2023,R93,150122.17260366,2065.7131537242503,72.67329073884555,BLOCO_OCDE,59.34872759196469,22.451303823209344
2015,RTU,686748.27,17881.370199999998,38.40579677725145,BLOCO_OCDE,38.48444316300129,-0.2043589026784809
2016,RTU,708038.143,17929.3731,39.49040153556735,BLOCO_OCDE,39.48552091212764,0.01236053957747174
2017,RTU,729499.343,17928.595,40.689152886771105,BLOCO_OCDE,40.48659866125399,0.5002994378753733
2018,RTU,757366.328,18301.6037,41.38251163202709,BLOCO_OCDE,41.48767641038012,-0.2534843776565765
2019,RTU,782127.44,18418.1099,42.4651304746531,BLOCO_OCDE,42.48875415950647,-0.05559985299800063
2020,RTU,650044.432,16189.0893,40.15324271514149,BLOCO_OCDE,43.48983190863282,-7.672113335597908
2021,RTU,741859.379,16907.792699999998,43.87677280902551,BLOCO_OCDE,44.490909657759175,-1.3803647834081945
2022,RTU,858637.671775765,17772.024,48.31400586538511,BLOCO_OCDE,45.49198740688553,6.203330782757699
2023,RTU,935446.92938348,18303.4202,51.10776669944342,BLOCO_OCDE,46.49306515601165,9.925569604728611
2024,RTU,133342.0,2650.6367,50.30564920496272,BLOCO_OCDE,47.494142905138006,5.919690572035896
2025,RTU,139183.0,2663.6555,52.25262801439601,BLOCO_OCDE,48.49522065426436,7.747995182698997
2015,S,381223.927,9741.7197,39.133124205985936,BLOCO_OCDE,38.86636749192371,0.6863433124221219
2016,S,389006.288,9861.8852,39.445428547474876,BLOCO_OCDE,39.698704364235255,-0.6379951709168497
2017,S,400131.663,9897.665,40.42687472247242,BLOCO_OCDE,40.5310412365468,-0.2570042883094037
2018,S,410799.49600000004,9955.2734,41.26451173103895,BLOCO_OCDE,41.36337810885834,-0.23901910902731638
2019,S,422937.23699999996,9978.4021,42.38526697576158,BLOCO_OCDE,42.195714981169886,0.44922095685848706
2020,S,378500.673943296,9052.4529,41.8119462342959,BLOCO_OCDE,43.02805185348143,-2.826308807395217
2021,S,419266.656661508,9264.3735,45.25580242004578,BLOCO_OCDE,43.86038872579297,3.1814895736029136
2022,S,472042.846671259,9778.1257,48.27539153758874,BLOCO_OCDE,44.692725598104516,8.01621716182861
2023,S,503723.119763619,10539.78247978192,47.79255366321769,BLOCO_OCDE,45.52506247041606,4.98075361077237
2024,S,80033.0,1421.6132,56.29731068901161,BLOCO_OCDE,46.357399342727604,21.44190892331268
2015,S94,46601.1,1090.7,42.72586412395709,BLOCO_OCDE,42.46510558930754,0.6140536589533507
2016,S94,47887.2,1113.8,42.99443347100018,BLOCO_OCDE,43.10694557591364,-0.2610069059876263
2017,S94,49253.7,1133.3,43.46042530662667,BLOCO_OCDE,43.748785562519515,-0.6591274527626867
2018,S94,50339.0,1137.3,44.26184823705267,BLOCO_OCDE,44.39062554912539,-0.2901002418409404
2019,S94,51756.8,1142.5,45.30135667396061,BLOCO_OCDE,45.03246553573149,0.597105077481852
2020,S94,52000.2,1127.3,46.12809367515302,BLOCO_OCDE,45.67430552233736,0.9935304929677091
2021,S94,53453.0,1135.4,47.07856262110269,BLOCO_OCDE,46.31614550894324,1.6461152019056513
2022,S94,50659.0,1039.0,48.75745909528393,BLOCO_OCDE,46.95798549554934,3.832092839470591
2023,S94,35854.0,708.0,50.64124293785311,BLOCO_OCDE,47.59982548215521,6.38955589624608
2015,S95,36854.112,99.8,369.27967935871743,BLOCO_OCDE,370.52185694765103,-0.33525082681130636
2016,S95,37188.441,102.8,361.7552626459144,BLOCO_OCDE,364.0076400636426,-0.6187720173495337
2017,S95,37069.311,101.3,365.9359427443238,BLOCO_OCDE,357.4934231796342,2.361587379594221
2018,S95,35377.387,102.3,345.8200097751711,BLOCO_OCDE,350.9792062956258,-1.4699436399400634
2019,S95,36122.068,104.8,344.6762213740458,BLOCO_OCDE,344.46498941161735,0.06132175080817426
2020,S95,35431.372879141,100.6,352.2005256375845,BLOCO_OCDE,337.95077252760893,4.216517394944397
2021,S95,39456.064346095896,103.5,381.2180130057574,BLOCO_OCDE,331.4365556436005,15.019905473458927
2022,S95,39310.9562461859,88.5,444.1915960021006,BLOCO_OCDE,324.9223387595903,36.70700441767949
2023,S95,36670.0628374591,30.0,1222.3354279153034,BLOCO_OCDE,318.40812187558186,283.88952540379347
2015,S951,3671.937433737718,46.04655583179251,79.74401923026034,BLOCO_OCDE,79.30619513095371,0.5520679671791928
2016,S951,3430.8279151143083,41.920657975163905,81.84098439358749,BLOCO_OCDE,84.25134036083728,-2.8609111225133654
2017,S951,4416.625947784181,48.61894887663391,90.8416584445493,BLOCO_OCDE,89.19648559072084,1.8444368552561041
2018,S951,3971.5451352851433,41.22808650439697,96.33105661747311,BLOCO_OCDE,94.1416308206044,2.3256722639964256
2019,S951,3771.007023616292,38.7865086151284,97.22470926773332,BLOCO_OCDE,99.08677605048615,-1.8792283460752457
2020,S951,3811.3759562995983,42.10343911509215,90.52410055817495,BLOCO_OCDE,104.03192128036972,-12.984303813625353
2021,S951,3985.395662354455,43.01694237933097,92.64711627364248,BLOCO_OCDE,108.97706651025328,-14.984758499692564
2022,S951,3513.5785878396,36.0253456965624,97.53073898121878,BLOCO_OCDE,113.92221174013685,-14.388302780065377
2015,S96,189049.886,847.1,223.17304450478102,BLOCO_OCDE,220.33424424686018,1.2884062881937997
2016,S96,190815.752,857.2,222.60353709752684,BLOCO_OCDE,225.01274237787584,-1.070697265803322
2017,S96,197139.676,855.2,230.51879794200187,BLOCO_OCDE,229.69124050888968,0.36029124631775655
2018,S96,202619.551,886.4,228.5870385830325,BLOCO_OCDE,234.36973863990534,-2.4673407456231367
2019,S96,207890.225,853.5,243.57378441710605,BLOCO_OCDE,239.048236770921,1.893152489772132
2020,S96,157229.788708293,793.8,198.0722961807672,BLOCO_OCDE,243.72673490193665,-18.73181402915789
2021,S96,187131.465518601,805.0,232.4614478491938,BLOCO_OCDE,248.4052330329523,-6.418457851748826
2022,S96,209470.374533257,618.6,338.6200687572858,BLOCO_OCDE,253.08373116396797,33.797643649366194
2023,S96,217473.834609745,423.0,514.1225404485698,BLOCO_OCDE,257.7622292949836,99.45611963970364
2015,T,29074.7,2476.1399,11.741945598469618,BLOCO_OCDE,11.67707992015454,0.5554957126149285
2016,T,28776.1,2437.5825,11.805179927243488,BLOCO_OCDE,11.759744335030064,0.386365476314654
2017,T,28297.3,2437.8853,11.60731392900232,BLOCO_OCDE,11.842408749905616,-1.9851942781925147
2018,T,28390.5,2365.9749,11.99949331668734,BLOCO_OCDE,11.92507316478114,0.6240645309077753
2019,T,28759.2,2385.0501999999997,12.058110978125326,BLOCO_OCDE,12.007737579656663,0.4195078226393312
2020,T,28136.9,2285.8945,12.308923268331064,BLOCO_OCDE,12.090401994532186,1.8073946085308323
2021,T,29172.2,2381.2568,12.250757667127711,BLOCO_OCDE,12.17306640940771,0.6382225735658498
2022,T,29310.2,2289.7006,12.800887592028408,BLOCO_OCDE,12.255730824283233,4.4481783710932365
2023,T,30423.2,2087.0714,14.576980931270489,BLOCO_OCDE,12.338395239158757,18.14324836188632
2024,T,10132.0,567.947,17.83969278823552,BLOCO_OCDE,12.42105965403428,43.6245641284019
2015,_T,23745645.199,336706.2564,70.52332633460387,BLOCO_OCDE,70.02370995577303,0.713496013202386
2016,_T,24385315.635,341703.9399,71.36387026188925,BLOCO_OCDE,71.77620153409498,-0.5744679481399784
2017,_T,25343938.714999996,346629.1743,73.11542303437324,BLOCO_OCDE,73.52869311241693,-0.5620527994586455
2018,_T,26508113.674999997,351817.2778,75.34625314811642,BLOCO_OCDE,75.28118469073934,0.08643389134268542
2019,_T,27513687.224,355958.7577,77.29459278310095,BLOCO_OCDE,77.03367626906129,0.33870448182733437
2020,_T,27002817.432,336313.6237,80.29058452918095,BLOCO_OCDE,78.7861678473837,1.9094934084260107
2021,_T,29629676.476,349569.7163,84.76042143928703,BLOCO_OCDE,80.53865942570565,5.24190748105986
2022,_T,32420792.1693238,361117.2688,89.77912431897468,BLOCO_OCDE,82.29115100402805,9.099366363924233
2023,_T,34625392.0701914,366336.7891,94.51792203359517,BLOCO_OCDE,84.04364258235,12.462905140007429
2024,_T,31688399.2135688,217911.82601425197,145.4184465027442,BLOCO_OCDE,85.79613416067195,69.49300562938706
2025,_T,4044817.0,54921.297,73.64751418743808,BLOCO_OCDE,87.54862573899436,-15.878160775474848
