TIME_PERIOD,ACTIVITY,B1G,SAL,Produtividade_Trabalho,REF_AREA,Prod_Projetada_Contrafactual,Choque_Estrutural_Percentual
2015,A,5890611.499,6234.1683,944.8913175796039,G7,992.6580902123587,-4.812006581494355
2016,A,6435381.944,6277.626700000001,1025.129758671378,G7,985.7290570798468,3.9971127267215856
2017,A,6574161.999,6411.2179,1025.4154673170601,G7,978.8000239473367,4.762509422683814
2018,A,6144514.437,6457.679,951.5050898318111,G7,971.8709908148248,-2.0955354337656273
2019,A,6126508.183999999,6468.9861,947.0584863368309,G7,964.9419576823129,-1.8533209384361538
2020,A,6101862.463,6203.0071,983.6942574191154,G7,958.0129245498028,2.68068751592061
2021,A,5967828.839,6213.5283,960.457336132194,G7,951.0838914172909,0.9855539347780162
2022,A,5648519.808824647,6394.5807,883.3291929249789,G7,944.154858284779,-6.442339921895924
2023,A,6005977.656695919,6468.9848999999995,928.4266000831011,G7,937.225825152269,-0.938858579546531
2024,A,86535.5569721692,1002.4262,86.32611255788127,G7,930.296792019757,-90.72058365691453
2025,A,38952.0,468.5187,83.13862392258835,G7,923.3677588872451,-90.99615260307777
2015,A01,290783.773,3018.951,96.31947421471895,G7,92.99097221418879,3.5793818703858005
2016,A01,273882.805,3116.04,87.89450873544627,G7,92.26105007670549,-4.732811232506995
2017,A01,295281.28500000003,3246.052,90.96628304167648,G7,91.53112793922219,-0.6171068905878374
2018,A01,292090.4,3184.709,91.71651161848698,G7,90.80120580173889,1.0080326672606388
2019,A01,293299.243,3231.632,90.75886208578204,G7,90.07128366425536,0.7633714026877403
2020,A01,310638.89455942303,3179.574,97.69827485047463,G7,89.34136152677206,9.353913104624368
2021,A01,342367.731860836,3182.89,107.56505309980426,G7,88.61143938928876,21.389578863794622
2022,A01,406323.90785565,2827.576,143.7004373554062,G7,87.88151725180546,63.51610878959191
2023,A01,320373.884542555,2447.175,130.9158047718512,G7,87.15159511432216,50.21618892932575
2024,A01,37010.92572544,405.091,91.36447298369995,G7,86.42167297683886,5.719398660780106
2015,A01_02,317760.467,4313.8966013434,73.65973187698692,G7,72.2000047391582,2.0217826066665445
2016,A01_02,301706.294,4399.36477800599,68.57951300340869,G7,71.49114404402644,-4.072715690246442
2017,A01_02,322889.5,4489.698371656979,71.91786023719753,G7,70.78228334889468,1.6043236168370667
2018,A01_02,319606.843806118,4520.71767292774,70.69825344769471,G7,70.07342265376292,0.8916801410131292
2019,A01_02,319507.503,4626.78454902464,69.05605817918506,G7,69.36456195863116,-0.4447570499040876
2020,A01_02,338296.78926715,4458.5984801581,75.87514120696379,G7,68.6557012634994,10.515426702520037
2021,A01_02,370105.677378202,4467.76201207354,82.8391656444636,G7,67.94684056836763,21.9176122856094
2022,A01_02,434836.326277709,2612.82593663309,166.4237637039239,G7,67.23797987323587,147.51452083730584
2023,A01_02,344875.2754673409,2150.76813082178,160.3498166655318,G7,66.52911917810411,141.0220045695505
2024,A01_02,43982.1008628728,509.245,86.36727088704416,G7,65.82025848297235,31.216851585879613
2015,A02,26976.694000000003,1294.9456013434,20.832299034039647,G7,21.854529651201915,-4.677431331065273
2016,A02,27823.489,1283.32477800599,21.680785313934095,G7,21.48732604016925,0.9003413147042227
2017,A02,27608.215,1243.64637165698,22.19940943760084,G7,21.1201224291367,5.110230833582596
2018,A02,29529.652000000002,1336.00867292774,22.102889448530664,G7,20.75291881810415,6.504967528947514
2019,A02,26208.260000000002,1395.15254902464,18.785228911578425,G7,20.385715207071485,-7.851018613945293
2020,A02,27657.8947077266,1279.0244801581,21.624210589235798,G7,20.018511596038934,8.021070824838873
2021,A02,27737.9455173661,1284.87201207354,21.588100026089222,G7,19.651307985006383,9.85579200407718
2022,A02,28512.4184220589,651.24993663309,43.78106901547787,G7,19.28410437397372,127.03190237118727
2023,A02,24501.39092478581,611.59313082178,40.06158619189198,G7,18.916900762941168,111.77668950071329
2024,A02,6971.17513743276,104.154,66.93142018004839,G7,18.549697151908617,260.8221720922364
2015,A03,8951.733,120.6023986565958,74.22516550014261,G7,75.01940442894704,-1.0587113225574596
2016,A03,9675.251,130.8422219940145,73.94593925837337,G7,75.41325303929307,-1.9456975024736978
2017,A03,10172.699,129.1966283430244,78.73811515414246,G7,75.8071016496391,3.866410192081693
2018,A03,10295.385,132.1313270722587,77.91782030895489,G7,76.200950259985,2.2530822031906483
2019,A03,10601.381,142.8594509753595,74.20846802658183,G7,76.59479887033103,-3.115525961219734
2020,A03,8865.77373285035,119.1895198419006,74.38383630213788,G7,76.98864748067706,-3.3833704887372473
2021,A03,9421.86162179758,118.6059879264578,79.43833010892881,G7,77.38249609102297,2.6567171153119906
2022,A03,8872.88254693926,180.947063366912,49.035791915271034,G7,77.776344701369,-36.95282016203068
2023,A03,6968.081228578099,151.818869178223,45.897333225411785,G7,78.17019331171502,-41.28537837639791
2024,A03,2969.45610929639,23.105,128.5200653233668,G7,78.56404192206105,63.58637129548947
2015,B,772653.583,2527.7906000000003,305.663603227261,G7,312.61037944352574,-2.2221834824008857
2016,B,671928.307,2121.9321,316.65872202037,G7,323.43670987282894,-2.095614890197195
2017,B,782024.221,2198.2088,355.75520441916166,G7,334.2630403021285,6.429715979848427
2018,B,840901.0525868263,2401.0233,350.2261109198009,G7,345.08937073142806,1.4885246037817268
2019,B,821811.966,2395.8725,343.0115609240475,G7,355.9157011607276,-3.625617019591043
2020,B,681564.918713829,1929.1961000000001,353.2896001157316,G7,366.7420315900308,-3.668091005542895
2021,B,877826.385983204,1948.6199000000001,450.486206151956,G7,377.5683620193304,19.312487874419016
2022,B,1201128.680290834,2087.0905000000002,575.503879822573,G7,388.39469244862994,48.17501140252853
2023,B,1043596.605220366,2091.312538835123,499.01513324338276,G7,399.2210228779295,24.997208224669933
2024,B,185173.541578828,646.2336,286.5427325023459,G7,410.0473533072327,-30.11959955570046
2015,B05_06,236442.7065459935,1125.0686209846863,210.15847579061742,G7,210.7702248822534,-0.2902445504234352
2016,B05_06,208328.27761538772,1003.0830775272943,207.6879595346568,G7,237.00945210721693,-12.371444392561958
2017,B05_06,273812.90462311014,940.6035336932798,291.1034190441362,G7,263.24867933218775,10.581150789668037
2018,B05_06,317424.61250370805,979.1317104931436,324.1899012175143,G7,289.48790655715857,11.98737283123914
2019,B05_06,281020.5210434901,992.6418465596712,283.1036410740286,G7,315.7271337821221,-10.332812488205857
2020,B05_06,165286.6387935401,853.5297089610469,193.65071544461424,G7,341.9663610070929,-43.3714138214321
2021,B05_06,358825.81823614915,829.7599543267917,432.44533116481256,G7,368.20558823205647,17.446705043561117
2022,B05_06,542639.8599101349,881.0384894323752,615.9093687947054,G7,394.4448154570273,56.14589028913362
2023,B05_06,419422.9965751335,909.8583452823808,460.976149474084,G7,420.6840426819981,9.577759720860946
2024,B05_06,119395.514421349,200.084,596.7269467890935,G7,446.92326990696165,33.518880525804185
2015,B07_08,55527.509085795755,330.301958029538,168.11135306933323,G7,168.2821471131865,-0.10149266977108606
2016,B07_08,53820.80244802977,309.24099913481587,174.04161349435492,G7,177.1689476370957,-1.7651705812164464
2017,B07_08,63738.794084200854,333.2000003634777,191.29289920369192,G7,186.05574816100489,2.8148289394182013
2018,B07_08,66857.01798865336,343.6788198162974,194.53342520318725,G7,194.94254868491407,-0.2098687456826509
2019,B07_08,68420.03756127419,338.2116838046786,202.29944983446404,G7,203.82934920882326,-0.7505785502910256
2020,B07_08,72723.28776556574,300.0735628829326,242.35153229389022,G7,212.71614973273245,13.931891207316971
2021,B07_08,86271.24004885128,312.4907779331697,276.0761153319588,G7,221.60295025664163,24.58142592967785
2022,B07_08,95344.08392065889,319.5390550569317,298.38006469560224,G7,230.48975078055446,29.45480815747206
2023,B07_08,92472.36399661915,309.77457634065433,298.51502046742763,G7,239.37655130446365,24.705205602091574
2024,B07_08,38445.4158367029,169.937,226.23334433762452,G7,248.26335182837283,-8.873644590917273
2015,B09,71483.0683682107,461.10542098577577,155.02543478103203,G7,143.8729497350614,7.751620486344146
2016,B09,45579.6279365825,339.43492333788964,134.2809027673631,G7,148.06979878657876,-9.31242976772756
2017,B09,58872.82229268905,394.9654659432424,149.05815158317978,G7,152.2666478380943,-2.1071562948743128
2018,B09,72904.96450763856,456.6914696905591,159.63723727320078,G7,156.46349688961163,2.0284222497138016
2019,B09,68630.50839523571,420.19146963565015,163.3315127856963,G7,160.66034594112898,1.6626173863375948
2020,B09,46063.492154723455,282.3077281560205,163.1676626623057,G7,164.8571949926445,-1.0248459767947526
2021,B09,47345.12769820325,308.8402677400387,153.29972365538566,G7,169.05404404416186,-9.319102940040114
2022,B09,66203.33646004053,364.1234555106931,181.81563274244047,G7,173.25089309567738,4.943547183928931
2023,B09,75368.24464861264,369.3050783769649,204.0812571000748,G7,177.44774214719473,15.009216026421623
2024,B09,20427.6113207763,221.53,92.2114897340148,G7,181.64459119871208,-49.23521304681236
2015,BTE,130406695.463,74590.5309,1748.30094235192,G7,1755.52245775958,-0.4113598989144318
2016,BTE,131053458.359,74547.0023,1757.9976969644024,G7,1761.8248927771929,-0.2172290690454215
2017,BTE,134348694.78800002,75340.11129999999,1783.2293113164014,G7,1768.1273277948076,0.8541230761038632
2018,BTE,136443484.608,76456.3408,1784.59344483826,G7,1774.4297628124204,0.5727858176663103
2019,BTE,135315052.107,76599.9912,1766.5152435030566,G7,1780.7321978300333,-0.7983768892538268
2020,BTE,130581178.241,71285.03020000001,1831.8176744070452,G7,1787.0346328476462,2.505997406890592
2021,BTE,135897077.53800002,73372.4202,1852.154762887323,G7,1793.337067865259,3.279790290181128
2022,BTE,130885988.72338632,74603.5747,1754.4198015941229,G7,1799.639502882872,-2.5127088628756455
2023,BTE,144402465.06886658,74741.7407,1932.0190260014454,G7,1805.9419379004848,6.981237073852586
2024,BTE,1434475.691393409,15131.429699999999,94.80106770039113,G7,1812.2443729180977,-94.76885848745987
2025,BTE,924672.0,10701.4809,86.40598517537886,G7,1818.5468079357106,-95.24862462718455
2015,BTNXL,10866252.723563304,210458.55,51.63131991341433,G7,50.94226744041589,1.352614454793133
2016,BTNXL,11102017.802151067,213506.731,51.99844403102714,G7,52.295903801847544,-0.5688012811624676
2017,BTNXL,11490680.828241853,217015.563,52.94864879456527,G7,53.6495401632792,-1.3064256777985506
2018,BTNXL,12041246.617811896,220773.697,54.541128682607045,G7,55.00317652471085,-0.8400384692259122
2019,BTNXL,12762880.693049565,223407.875,57.128159394782145,G7,56.35681288614205,1.3686836943715086
2020,BTNXL,12553664.071,214331.481,58.57125613292431,G7,57.710449247573706,1.4915962301000452
2021,BTNXL,14231027.20118451,219834.899,64.73506829861672,G7,59.06408560900536,9.601406050966999
2022,BTNXL,651.710654401421,128613.166,0.005067215703261834,G7,60.417721970437015,-99.99161303084922
2023,BTNXL,687.4786825777619,130072.029,0.0052853690979000716,G7,61.77135833186867,-99.99144365731848
2024,BTNXL,247.17898760484934,40144.59,0.00615721788676505,G7,63.12499469329987,-99.99024599064651
2025,BTNXL,126.98001883405922,27073.0,0.004690282526282984,G7,64.47863105473152,-99.99272583420343
2015,C,113688479.40200001,66948.9019,1698.1380750921624,G7,1701.8204206016126,-0.2163768553293366
2016,C,114058093.549,67261.1528,1695.7499061627739,G7,1704.8239679075887,-0.5322579876649525
2017,C,116779391.967,67888.26670000001,1720.1704748635154,G7,1707.8275152135657,0.7227287029865082
2018,C,118715848.42400001,68697.4564,1728.0967104918898,G7,1710.8310625195418,1.0091965449189777
2019,C,116807540.002,68832.499,1696.9824094574863,G7,1713.8346098255179,-0.983303772220312
2020,C,111937961.27000001,64042.236399999994,1747.8771442466368,G7,1716.8381571314949,1.8079157307991256
2021,C,119056724.98200001,66025.001,1803.206712287668,G7,1719.841704437471,4.847248885470212
2022,C,115616660.89642552,66970.5468,1726.3807213893842,G7,1722.845251743447,0.20521109730311515
2023,C,126614674.51910268,68290.70778190313,1854.054213692822,G7,1725.8487990494232,7.428542680796424
2024,C,1050615.803179931,13193.946100000001,79.62862628186201,G7,1728.8523463554002,-95.39413377610138
2025,C,787292.0,9719.1535,81.00417387172658,G7,1731.8558936613763,-95.3226954870666
2015,C10,9101097.424431046,5523.920097787338,1647.579484011107,G7,1640.8813266957986,0.40820485956754027
2016,C10,9383208.671412908,5559.961262541627,1687.6392169544647,G7,1653.2827028026659,2.0780786064934498
2017,C10,9328885.545829646,5709.471940645878,1633.9314113126766,G7,1665.6840789095331,-1.9062839105506657
2018,C10,9311964.14021068,5777.625360350428,1611.7286184935128,G7,1678.0854550163967,-3.9543180786484777
2019,C10,9562058.749184785,5471.7200438723985,1747.5416637759135,G7,1690.486831123264,3.3750533634585578
2020,C10,9159937.385933686,5339.07722906651,1715.6405485326197,G7,1702.8882072301312,0.748865442155533
2021,C10,9615670.326066297,5438.14246459188,1768.1902209577238,G7,1715.2895833369948,3.084064529664654
2022,C10,9327631.065162871,5114.013861404423,1823.9354287947306,G7,1727.690959443862,5.57069936754484
2023,C10,334262.9641497608,3021.984470556076,110.61041756056841,G7,1740.0923355507293,-93.64341677158409
2024,C10,40351.0114760114,493.902,81.69841684385041,G7,1752.4937116575966,-95.33816205442609
2015,C10T12,13602234.249,9871.789,1377.8894837602384,G7,1396.1714274691403,-1.3094340243047342
2016,C10T12,14105406.294000002,10056.9969,1402.546548860923,G7,1375.2973260297222,1.9813332226759517
2017,C10T12,14041142.174,10291.143,1364.3909305312345,G7,1354.4232245902967,0.7359373170784833
2018,C10T12,13900306.991,10651.6267,1304.9938176109758,G7,1333.5491231508713,-2.141301362219472
2019,C10T12,14095482.432999998,10659.859400000001,1322.2953421880966,G7,1312.6750217114532,0.7328790688879483
2020,C10T12,13508140.82897177,10135.6004,1332.74204742442,G7,1291.8009202720277,3.169306238284064
2021,C10T12,13706998.410355262,10528.157299999999,1301.9370835535733,G7,1270.9268188326023,2.4399724879088813
2022,C10T12,13186509.788639287,10748.7122,1226.7990381805262,G7,1250.0527173931841,-1.8602158844268857
2023,C10T12,14730558.828759735,9934.9902,1482.6948524579052,G7,1229.1786159537587,20.624849245968633
2024,C10T12,47684.9009251406,594.563,80.20159499521598,G7,1208.3045145143333,-93.36246831557588
2015,C10_11,12427437.277486052,6068.961826702562,2047.7039784312221,G7,2042.668078893883,0.24653538131687025
2016,C10_11,12864773.817786794,6167.732031752346,2085.81918792145,G7,2059.541722506903,1.2758889575959387
2017,C10_11,13001042.305836953,6306.105028480442,2061.6596531646674,G7,2076.4153661199234,-0.7106339702556363
2018,C10_11,12934167.005347207,6390.953059819537,2023.8244412504623,G7,2093.2890097329437,-3.3184413695146353
2019,C10_11,13133220.768497648,6071.566514395018,2163.069569831809,G7,2110.162653345964,2.507243524661651
2020,C10_11,12589546.586203678,6015.453905164205,2092.8672689845866,G7,2127.036296958977,-1.606414898666364
2021,C10_11,12900774.530992148,6054.7381619941,2130.690739356983,G7,2143.909940571997,-0.6165931210471931
2022,C10_11,12437951.315210491,5729.241725522288,2170.9594237929673,G7,2160.7835841850174,0.47093284503028077
2023,C10_11,390823.6267535804,3535.8401322227082,110.53204108181778,G7,2177.6572277980376,-94.92426816898161
2024,C10_11,45768.5289383819,585.208,78.20899396177411,G7,2194.5308714110506,-96.43618620359226
2015,C11,3326339.853055007,545.0417289152331,6102.908596879803,G7,5993.3802373916515,1.8274889152672724
2016,C11,3481565.1463738973,607.7707692107205,5728.418217439481,G7,5980.971992254243,-4.22262092418817
2017,C11,3672156.760007309,596.6330878345581,6154.799046320359,G7,5968.56374711683,3.120269919098906
2018,C11,3620616.1865605633,613.3276994691046,5903.232790064043,G7,5956.155501979421,-0.8885381165382733
2019,C11,3571162.0193128637,599.8464705226231,5953.460084880466,G7,5943.747256842009,0.16341253452989424
2020,C11,3429609.200269991,676.3766760976999,5070.561007598372,G7,5931.3390117045965,-14.512372373381622
2021,C11,3285104.2049258514,616.5956974022205,5327.809160469859,G7,5918.930766567188,-9.986966048602087
2022,C11,3110320.2500476213,615.2278641178737,5055.558162189651,G7,5906.522521429775,-14.407197401731631
2023,C11,56560.66260381926,513.8556616666285,110.07110911334831,G7,5894.114276292363,-98.13252502490353
2024,C11,5417.51746237054,91.306,59.33364140768997,G7,5881.706031154954,-98.99121715547489
2015,C12,1174796.6705138977,35.69417329744249,32912.84156448225,G7,35426.55000202777,-7.095549629872611
2016,C12,1240633.0762132164,34.05496824765783,36430.310760854765,G7,33368.64667574642,9.175271969701049
2017,C12,1040099.1691630412,32.99097151955788,31526.782063585004,G7,31310.743349465076,0.6899827056441321
2018,C12,967763.464228726,32.594940180461236,29690.604089798075,G7,29252.84002318373,1.4964839867424917
2019,C12,930724.3635023301,35.806485604975165,25993.178268604217,G7,27194.93669690285,-4.419052126109547
2020,C12,887705.8427680635,37.7140948357914,23537.774050608095,G7,25137.033370621502,-6.362164128255943
2021,C12,773782.8793631139,34.61783800590703,22352.143401649722,G7,23079.130044340156,-3.1499742030732136
2022,C12,683557.3734287837,31.19227447771468,21914.31644130829,G7,21021.22671805881,4.248513824753375
2023,C12,49539.20200615583,27.86186777729752,1778.028752491658,G7,18963.323391777463,-90.62385471281571
2024,C12,1916.37198675868,9.355,204.8500253082501,G7,16905.420065496117,-98.78825829518222
2015,C13,622969.4923463082,739.8089054909588,842.0681174862142,G7,783.2082393149904,7.515227140958558
2016,C13,584896.0753563782,735.2433425947385,795.5135959371336,G7,850.0339069422625,-6.413898382153849
2017,C13,637093.6808389933,720.8341239572298,883.8284144228371,G7,916.8595745695638,-3.602641130975137
2018,C13,701698.2510239916,717.5790042954698,977.8689828208253,G7,983.6852421968651,-0.591272403665466
2019,C13,703287.6892822298,648.1802101455469,1085.0187621808273,G7,1050.5109098241373,3.2848637776133893
2020,C13,666851.8562332143,610.4543667015557,1092.3860858533765,G7,1117.3365774514386,-2.2330327406780537
2021,C13,698090.4251656216,596.2429584120819,1170.8153787254453,G7,1184.16224507874,-1.1271146676701593
2022,C13,606433.2205690857,480.3539432403792,1262.4716193192855,G7,1250.9879127060121,0.917971028867326
2023,C13,14091.91286085171,245.0757849061652,57.50022535375019,G7,1317.8135803333134,-95.63669503700162
2015,C13T15,1782305.35850434,2114.113064843756,843.0511064629657,G7,795.175552932058,6.020752694719511
2016,C13T15,1573565.47540471,2082.20991616056,755.7189422602729,G7,792.575648823602,-4.650244631920564
2017,C13T15,1515548.1294388198,2036.269851958749,744.2766625361411,G7,789.975744715146,-5.784871558997462
2018,C13T15,1632594.7141079602,2046.263417048718,797.8419105310579,G7,787.37584060669,1.3292343230017822
2019,C13T15,1613752.6406984602,1994.774271202089,808.9901017852923,G7,784.7759364982339,3.0854877374432377
2020,C13T15,1489020.0255493857,1719.602562965948,865.9094011706655,G7,782.1760323897779,10.705182121862977
2021,C13T15,1575014.6072135277,1739.036028231799,905.6825630087471,G7,779.576128281321,16.17628223242862
2022,C13T15,1543336.5046832121,1773.6616431985321,870.1414447346546,G7,776.9762241728649,11.990742787653419
2023,C13T15,54112.70583436476,1193.3581,45.344901781254734,G7,774.3763200644089,-94.14433259303652
2024,C13T15,2872.17090771217,54.424,52.77397669616658,G7,771.7764159559529,-93.16201226092163
2015,C13_14,1654273.7267990385,1753.1618386335037,943.5944191486947,G7,869.2174686049912,8.556771260369533
2016,C13_14,1460150.8688613009,1740.7427457679075,838.8091074406133,G7,889.0734295209768,-5.653562508042265
2017,C13_14,1403575.748697012,1670.3529024017175,840.2869517446762,G7,908.9293904369697,-7.552010025695555
2018,C13_14,1510343.4639234324,1642.8287425576036,919.3553928038085,G7,928.7853513529553,-1.0153000944093549
2019,C13_14,1529124.165931421,1525.1571086822628,1002.6010810470443,G7,948.6413122689482,5.688110783309219
2020,C13_14,1383192.9566029916,1389.00742694748,995.8139386214323,G7,968.4972731849339,2.8205206346804346
2021,C13_14,1436389.10992931,1316.2933094324608,1091.2378720124545,G7,988.3532341009268,10.40970316701788
2022,C13_14,1253432.9311751062,1028.962219013582,1218.152530786518,G7,1008.2091950169124,20.82339030503324
2023,C13_14,1341146.7871679273,941.7654403663457,1424.0773017177426,G7,1028.0651559329053,38.52014081981805
2015,C14,1031304.2344527312,641.7509331425451,1607.0163379468884,G7,1472.1908398344895,9.158153580656482
2016,C14,875254.7935049228,636.114803173169,1375.9384141649239,G7,1445.4324924721222,-4.807839775923584
2017,C14,766482.0678580188,607.2650784444877,1262.18696754532,G7,1418.674145109755,-11.03052297836361
2018,C14,812569.7719398738,591.3596382621339,1374.070395348293,G7,1391.9157977473878,-1.282074851652304
2019,C14,825836.4766491913,560.208698536716,1474.1586105433635,G7,1365.1574503850134,7.984511979010822
2020,C14,716341.1003697772,519.976460245924,1377.641403287722,G7,1338.3991030226462,2.932032767838133
2021,C14,738298.6847636893,492.61265102037953,1498.7408123490227,G7,1311.640755660279,14.264580898491342
2022,C14,646999.7106060206,323.9202757732028,1997.4041731769405,G7,1284.8824082979118,55.454239257809505
2023,C14,5054.87430707553,129.25245546018078,39.108535997080544,G7,1258.1240609355445,-96.89151990559665
2015,C15,128031.63070530158,240.1559262102523,533.1187646529786,G7,536.209367408519,-0.576379851489206
2016,C15,113415.40554340916,240.34367039265294,471.8884643732068,G7,495.7741277885798,-4.81785193630736
2017,C15,111972.48174180796,241.21384955703184,464.20419867033195,G7,455.33888816864055,1.9469697695594146
2018,C15,118326.89014409458,245.90347449111357,481.19242881365085,G7,414.90364854868676,15.97690945761483
2019,C15,78126.87476703913,239.4395625198254,326.290584333031,G7,374.4684089287475,-12.865657942559217
2020,C15,100460.66894639439,232.05493601846752,432.9176128294012,G7,334.03316930879373,29.603180943146
2021,C15,132465.5972842177,228.4468187993377,579.8531053328975,G7,293.5979296888545,97.49904433842802
2022,C15,255575.17350810586,97.8946241849506,2610.7171423964214,G7,253.1626900689007,931.2408758517652
2023,C15,4436.081202978439,49.671759633654105,89.30791330317321,G7,212.72745044896146,-58.01768266639365
2015,C16,1091423.17391662,1398.782106320225,780.2667541893469,G7,764.2411502358518,2.0969302619401553
2016,C16,1048794.5233775598,1435.807626952778,730.4561583945767,G7,749.1203365385481,-2.4914793036073135
2017,C16,1052382.27419617,1447.705817403051,726.9310253128449,G7,733.9995228412445,-0.9630111884866177
2018,C16,1050425.9278834502,1449.0515799680811,724.9058228186663,G7,718.8787091439444,0.8384048098877495
2019,C16,1019362.49808297,1440.92162025684,707.43785349079,G7,703.7578954466408,0.522901138013343
2020,C16,1081833.2103440787,1347.899796983625,802.6065533692052,G7,688.6370817493371,16.55000502301631
2021,C16,1168323.3002639404,1420.082057799831,822.7153451076292,G7,673.516268052037,22.152260328783147
2022,C16,1591627.0806550125,1393.060124756467,1142.5401189580807,G7,658.3954543547334,73.53402296463875
2023,C16,90313.2394073976,1111.637,81.2434629356504,G7,643.2746406574297,-87.37033021344985
2024,C16,16005.3491063792,168.56,94.95342374453726,G7,628.1538269601297,-84.8837307568351
2015,C16T18,6331320.241916619,4861.661765161285,1302.295500539943,G7,1297.1747780761953,0.3947596384306973
2016,C16T18,6341825.34337756,4870.138086725989,1302.1859402021457,G7,1294.8881829689408,0.5635820396841185
2017,C16T18,6256778.42919617,4854.607035306909,1288.8331400855836,G7,1292.6015878616854,-0.2915397761761862
2018,C16T18,6118673.383526372,4873.58955107455,1255.47572675202,G7,1290.314992754431,-2.70005899319512
2019,C16T18,6267005.9420829695,4768.621110218479,1314.2176317287328,G7,1288.0283976471765,2.033280797954129
2020,C16T18,5960901.505563684,4353.387718654902,1369.2558280578482,G7,1285.741802539922,6.495396303748402
2021,C16T18,6215390.9783497,4454.416570745683,1395.332223566424,G7,1283.4552074326675,8.716861756129957
2022,C16T18,6217787.3972671395,4507.936924998425,1379.2977809398503,G7,1281.168612325413,7.659348478443118
2023,C16T18,251567.3497683826,3225.5196,77.9928138611784,G7,1278.8820172181577,-93.90148482728458
2024,C16T18,29994.6809073896,340.76,88.02289267340534,G7,1276.5954221109032,-93.10487166499031
2015,C17,2599301.898,1660.9873,1564.9137702618195,G7,1585.46866608024,-1.2964555060705374
2016,C17,2769300.733,1665.4571999999998,1662.7870911362959,G7,1609.302479693215,3.3234654216947934
2017,C17,2726856.8109999998,1672.018,1630.8776645945197,G7,1633.13629330619,-0.13830007458213167
2018,C17,2712107.1999999997,1712.9966,1583.253113286973,G7,1656.9701069191651,-4.4489030504753835
2019,C17,2896639.166,1680.3315,1723.849827251349,G7,1680.8039205321402,2.5610308372900903
2020,C17,2678842.7767918324,1592.5674,1682.0906774757743,G7,1704.6377341451152,-1.3226890510345535
2021,C17,2713904.684489574,1590.121,1706.7284090264664,G7,1728.471547758083,-1.257940216593012
2022,C17,2294370.7482451997,1547.6829,1482.4553196557251,G7,1752.305361371058,-15.399715578350682
2023,C17,2717722.529455512,1424.885,1907.327629566956,G7,1776.1391749840332,7.3861584965098315
2024,C17,10111.2280068633,97.751,103.43861450893904,G7,1799.9729885970082,-94.25332406851481
2015,C18,2640618.971,1677.78525884106,1573.8718391315601,G7,1554.740739296787,1.230500967217596
2016,C18,2523729.787,1657.17565977321,1522.910243169623,G7,1537.0090053925596,-0.917285596471551
2017,C18,2477539.844,1633.686617903858,1516.5331079095627,G7,1519.2772714883395,-0.18062296002681055
2018,C18,2367990.89,1607.80937110647,1472.8057520714565,G7,1501.545537584112,-1.9140135808931924
2019,C18,2351003.878,1556.682589961639,1510.2654151595125,G7,1483.8138036798846,1.782677274872868
2020,C18,2200227.5184277724,1396.2731216712768,1575.7859148604093,G7,1466.0820697756571,7.4827901756918225
2021,C18,2333163.293596186,1359.513112945852,1716.1756450738358,G7,1448.3503358714297,18.491749031235827
2022,C18,2314649.2683669263,1322.2774002419578,1750.5020262339647,G7,1430.6186019672095,22.359797630681655
2023,C18,51504.38090547338,865.052,59.53905765835277,G7,1412.886868062982,-95.78599964341244
2024,C18,3878.10379414704,74.449,52.090743920630764,G7,1395.1551341587547,-96.26631170647269
2015,C19,5423957.233,388.2718,13969.485378541527,G7,14450.458420824492,-3.3284275714730027
2016,C19,5778253.975,380.2624,15195.438662881208,G7,14682.20272830571,3.4956330740893105
2017,C19,5979709.171,392.3206,15241.894437865358,G7,14913.947035786987,2.198930982465197
2018,C19,5955829.022,400.4193,14873.980904516839,G7,15145.691343268205,-1.793978449667355
2019,C19,6003214.399999999,392.6509,15288.935795129973,G7,15377.435650749481,-0.5755176456563094
2020,C19,5921270.83500864,372.5876,15892.291732222542,G7,15609.179958230758,1.8137517457635477
2021,C19,6116628.710936108,376.8461,16231.105246773439,G7,15840.924265711976,2.4631200460065283
2022,C19,3163697.2524560387,371.7548,8510.171899477933,G7,16072.668573193252,-47.051904537672144
2023,C19,4389202.671369069,362.1737,12119.054120630706,G7,16304.41288067447,-25.670097970866813
2024,C19,17590.0702547307,16.038,1096.774551361186,G7,16536.157188155747,-93.36741578541134
2015,C19T23,25646816.3982095,9311.68558137497,2754.2614249677526,G7,2788.9933113670195,-1.2453198169286028
2016,C19T23,26624192.2916212,9321.6132208875,2856.178609938757,G7,2803.3927835551513,1.8829265272155116
2017,C19T23,26851083.192292802,9497.14765793549,2827.278690339932,G7,2817.7922557432794,0.33666195857118275
2018,C19T23,27019002.952893198,9671.09673509439,2793.788925184346,G7,2832.1917279314075,-1.355939372618331
2019,C19T23,27813062.723264802,9733.5132398813,2857.4536282856056,G7,2846.5912001195393,0.381594243866501
2020,C19T23,28576877.002590954,9269.593189472329,3082.862043508696,G7,2860.9906723076674,7.7550539870186785
2021,C19T23,28213473.307316896,9577.955638554391,2945.667569574918,G7,2875.390144495799,2.4441005062790344
2022,C19T23,23074854.620413233,9735.19898237251,2370.2499211567,G7,2889.7896166839273,-17.97846087229721
2023,C19T23,1205772.2239256916,6917.757,174.30103773892196,G7,2904.1890888720554,-93.99828894038652
2024,C19T23,65643.9376947432,509.295,128.89177725040145,G7,2918.588561060187,-95.58376336527608
2015,C20,7119300.31530637,1884.156749398604,3778.5074503906053,G7,3851.8421562296644,-1.9038865785414694
2016,C20,7534127.563422561,1886.654454242901,3993.3796814138627,G7,3873.9923810272594,3.081763943865723
2017,C20,7524439.36651114,1931.305445920953,3896.0379790795196,G7,3896.1426058248544,-0.0026853931162196254
2018,C20,7538970.60674108,1956.30476601651,3853.6790063095186,G7,3918.2928306224494,-1.6490300012280246
2019,C20,7729108.2718341,1952.2343142777609,3959.10891193075,G7,3940.4430554200444,0.47369943552491023
2020,C20,7700624.898632621,1788.432787718639,4305.794968373228,G7,3962.5932802176394,8.66103745415776
2021,C20,8029042.452348205,1958.642964677262,4099.2884344652375,G7,3984.7435050152344,2.874587267808737
2022,C20,7209094.122069418,1988.971112746719,3624.5343513882617,G7,4006.8937298128294,-9.54253854000836
2023,C20,389336.3777213403,1309.853406015037,297.23660367904614,G7,4029.0439546104244,-92.62265174995376
2024,C20,17244.5850252749,120.098,143.58761199416227,G7,4051.1941794080194,-96.45567194176942
2015,C20_21,11738564.810999999,3837.3762,3059.0080823975504,G7,3147.3085932672784,-2.8055879572349673
2016,C20_21,12508874.743,3829.4678,3266.47863261835,G7,3140.0942883604603,4.024858257484953
2017,C20_21,12273194.346,3897.421,3149.05532299436,G7,3132.879983453642,0.5163089434050416
2018,C20_21,12209100.746000001,3980.3234,3067.364010170631,G7,3125.665678546824,-1.8652560565370013
2019,C20_21,12638105.961,4047.4398,3122.4938690873178,G7,3118.451373640004,0.12963150496700937
2020,C20_21,13115896.621902626,3925.7176,3341.018880701614,G7,3111.237068733186,7.385544942159905
2021,C20_21,12469301.649195634,4086.1284,3051.617675351473,G7,3104.0227638263677,-1.6882958812548976
2022,C20_21,11193922.543154277,4170.2207,2684.2518294425704,G7,3096.8084589195496,-13.321993754205796
2023,C20_21,12488249.708794449,3771.2885,3311.401317823987,G7,3089.5941540127315,7.179168290539861
2024,C20_21,24997.5585343047,187.732,133.15555437700925,G7,3082.3798491059133,-95.68010560360908
2015,C21,4619264.49569363,827.519750601396,5582.059512581544,G7,5768.952280964673,-3.239631033173962
2016,C21,4974747.17957744,834.592645757099,5960.688971881136,G7,5692.485839038098,4.711529205812814
2017,C21,4748754.97948886,844.2295540790469,5624.957046983722,G7,5616.019397111522,0.15914563750967226
2018,C21,4670130.13925892,854.60903398349,5464.639330443985,G7,5539.552955184947,-1.3523406193065357
2019,C21,4908997.6891659,901.105185722239,5447.752123667252,G7,5463.086513258371,-0.28069095288724144
2020,C21,5415271.723270006,840.672612281361,6441.594080928132,G7,5386.620071331796,19.585082957883504
2021,C21,4440259.196847428,929.187735322738,4778.645937793375,G7,5310.15362940522,-10.009271458147595
2022,C21,3984828.4210848594,942.9623872532809,4225.861471200473,G7,5233.687187478645,-19.2565141969002
2023,C21,274413.33107310854,679.778593984963,403.6804534612614,G7,5157.220745552069,-92.17251939798345
2024,C21,7752.97350902982,67.634,114.6313024370852,G7,5080.754303625494,-97.743813308286
2015,C22,5299431.635209501,3178.79858137497,1667.1177803650785,G7,1621.6778602034901,2.802031234235791
2016,C22,5222435.5856212005,3232.0792208875,1615.8129887011762,G7,1644.620791780937,-1.7516380203709603
2017,C22,5351296.2002928,3287.0046579354903,1628.0160076359168,G7,1667.5637233583839,-2.3715864748376836
2018,C22,5589681.6408932,3338.58673509439,1674.2658149737022,G7,1690.506654935838,-0.9607084310917613
2019,C22,5890111.4292648,3360.7732398813,1752.6060251160634,G7,1713.4495865132849,2.285240190956439
2020,C22,6161579.7125401385,3221.04418947233,1912.9137478705395,G7,1736.392518090739,10.165975028151774
2021,C22,6143443.36851601,3275.44463855439,1875.6059242165682,G7,1759.335449668186,6.608772339027857
2022,C22,5454247.775005897,3194.03498237251,1707.6355785416333,G7,1782.2783812456328,-4.188055215697095
2023,C22,146756.95004582911,2090.62,70.19781215420743,G7,1805.221312823087,-96.11140131929703
2024,C22,11721.7068287193,184.47,63.54261846760611,G7,1828.1642444005338,-96.52423907412968
2015,C22_23,8484294.7542095,5528.20088137497,1534.729821919802,G7,1505.2761797646199,1.9566935656809337
2016,C22_23,8337064.1736212,5559.9884208875,1499.475096441013,G7,1520.8141097988882,-1.4031309428538363
2017,C22_23,8598179.5752928,5671.02305793549,1516.1602214368227,G7,1536.3520398331602,-1.3142702891539293
2018,C22_23,8854073.8848932,5755.09363509439,1538.4760781130162,G7,1551.8899698674286,-0.8643584284237837
2019,C22_23,9171743.0622648,5757.8214398813,1592.9189812551533,G7,1567.4278999017006,1.6263000904253033
2020,C22_23,9539709.645679688,5435.22508947233,1755.1636755867703,G7,1582.9658299359726,10.878178315305952
2021,C22_23,9627543.447185151,5599.1819385543895,1719.4553691660917,G7,1598.503759970241,7.566551435456281
2022,C22_23,8717235.424802912,5670.14238237251,1537.3926855705222,G7,1614.041690004513,-4.748886283958154
2023,C22_23,290757.8437621729,3841.179,75.69494776530146,G7,1629.579620038785,-95.35494020454797
2024,C22_23,23056.3089057078,305.525,75.46455741987661,G7,1645.1175500730533,-95.41281670622713
2015,C23,3184864.019,2126.6468,1497.598952021558,G7,1483.562273011983,0.9461469373359899
2016,C23,3114628.488,2128.3718,1463.3855269084095,G7,1488.8739582624476,-1.7119267358120527
2017,C23,3246883.475,2151.1688,1509.357831426339,G7,1494.1856435129102,1.0154151848065007
2018,C23,3264391.344,2191.6440000000002,1489.47153096032,G7,1499.497328763373,-0.6686105810752685
2019,C23,3281631.6330000004,2171.6633,1511.1143762479203,G7,1504.8090140138374,0.4190141190917096
2020,C23,3378129.9331395496,2062.6594999999998,1637.7545266872937,G7,1510.1206992643001,8.451895764701067
2021,C23,3484101.17866914,2103.9498,1655.9811354192673,G7,1515.4323845147646,9.274498310890046
2022,C23,3235952.1497970154,2008.621,1611.0317226579903,G7,1520.7440697652273,5.937070851553705
2023,C23,3676770.093716344,1843.9784,1993.9333853999287,G7,1526.0557550156918,30.65927498693688
2024,C23,11334.6020769885,121.055,93.63183740439057,G7,1531.3674402661545,-93.88573669895207
2015,C24,9928603.16,2281.2989,4352.171107433577,G7,4443.065023341715,-2.0457480462389044
2016,C24,10140632.759000001,2222.8618,4561.9717604576235,G7,4457.045750850917,2.3541604792069792
2017,C24,10240270.012,2250.1895,4550.847833926876,G7,4471.02647836012,1.7853026805610295
2018,C24,10077085.36,2303.775,4374.162129548241,G7,4485.007205869326,-2.471458154538231
2019,C24,9597102.351,2125.143,4515.979560434286,G7,4498.987933378528,0.3776766532245013
2020,C24,8833191.240760263,1967.7892,4488.891005581423,G7,4512.968660887731,-0.5335214382271247
2021,C24,11012307.5494701,2052.0672,5366.445869545647,G7,4526.949388396937,18.54441941189866
2022,C24,12072720.095870538,1981.5515999999998,6092.559030948545,G7,4540.93011590614,34.16984792624977
2023,C24,14174706.148103254,1881.201,7534.923779066274,G7,4554.910843415342,65.42417707163007
2024,C24,18734.3719320034,112.866,165.9877370687665,G7,4568.891570924545,-96.36700205088961
2015,C241_2431,7644282.64979176,848.8895458413936,9005.038037327906,G7,9268.953907772084,-2.8473102042603005
2016,C241_2431,7682613.292385567,821.1372336446866,9356.064951878558,G7,9165.598208707554,2.0780612332543136
2017,C241_2431,7771138.257363737,831.1438323512565,9349.931931010844,G7,9062.242509643052,3.1745941588041227
2018,C241_2431,7483648.846548532,843.9154169404142,8867.771220106677,G7,8958.886810578522,-1.0170414293465324
2019,C241_2431,7072817.372938428,809.9505500049715,8732.406407891216,G7,8855.531111513992,-1.390370629071458
2020,C241_2431,6479652.46797997,771.4139736959863,8399.708443100613,G7,8752.175412449462,-4.027192700542592
2021,C241_2431,8198636.808090385,758.9560630309711,10802.518363643165,G7,8648.819713384932,24.90164810494506
2022,C241_2431,8483854.210217113,681.8154564487868,12443.035912393341,G7,8545.464014320401,45.609833375243625
2023,C241_2431,76983.53843474686,386.684090407079,199.08638691005615,G7,8442.108315255871,-97.64174564604573
2024,C241_2431,7435.66427963552,31.025,239.6668583283004,G7,8338.75261619137,-97.12586678896147
2015,C242_2432,2284320.5102082393,549.1974541586064,4159.379277727924,G7,4253.624674289138,-2.2156490940744344
2016,C242_2432,2458019.4666144336,544.8207663553137,4511.611191067185,G7,4389.569670509256,2.7802616137488245
2017,C242_2432,2469131.7546362635,546.4781676487437,4518.262395110598,G7,4525.514666729432,-0.16025296906341246
2018,C242_2432,2593436.5134514673,553.3465830595858,4686.821230758733,G7,4661.45966294955,0.5440692324501395
2019,C242_2432,2519859.9780615713,530.3294499950288,4751.499238982848,G7,4797.404659169668,-0.9568803019165295
2020,C242_2432,2349431.772780291,501.4110263040137,4685.640421787996,G7,4933.349655389844,-5.021116501061651
2021,C242_2432,2809500.7413797164,521.748936969029,5384.775209511328,G7,5069.294651609962,6.223362017458833
2022,C242_2432,3583621.885653425,493.8645435512132,7256.285012657134,G7,5205.23964783008,39.403476181583265
2023,C242_2432,67922.6096685077,292.3009095929211,232.3722145206511,G7,5341.184644050256,-95.64942554870296
2024,C242_2432,11298.7076523679,27.21,415.24100155707094,G7,5477.129640270374,-92.41863843236376
2015,C24_25,15266349.363,9661.7487,1580.0813948928314,G7,1618.557772661391,-2.377201383753691
2016,C24_25,15580165.180000002,9516.8629,1637.111445621435,G7,1618.7627004735612,1.1335043204606876
2017,C24_25,15920696.864999998,9589.0026,1660.3079099175548,G7,1618.9676282857313,2.553496494281182
2018,C24_25,16091264.320999999,9839.6379,1635.351268464869,G7,1619.1725560979014,0.9991963059179598
2019,C24_25,15636682.103,9884.2094,1581.986122531965,G7,1619.3774839100715,-2.3089960030704515
2020,C24_25,14451858.328747323,9081.1535,1591.4121844485198,G7,1619.5824117222417,-1.739351271650691
2021,C24_25,16790830.80372601,9424.763200000001,1781.5652709158792,G7,1619.7873395344118,9.987603152150104
2022,C24_25,17891389.786339775,9580.5922,1867.4617824083753,G7,1619.992267346582,15.2759689073781
2023,C24_25,20538233.36769953,8514.6054,2412.11804926386,G7,1620.197195158752,48.87805363886666
2024,C24_25,38886.2191157409,477.176,81.49240346484505,G7,1620.4021229709222,-94.97085307963971
2015,C25,5337748.0030000005,6556.3723,814.1313151176605,G7,823.6541187160874,-1.156165358982364
2016,C25,5439532.921,6492.2828,837.8459608999165,G7,839.968969755344,-0.25274848617871104
2017,C25,5680427.9520000005,6555.704,866.4863380042785,G7,856.2838207946006,1.1914877943402402
2018,C25,6014179.460999999,6707.359,896.6538783744837,G7,872.5986718338572,2.756731968210757
2019,C25,6039579.352,6971.682,866.3016115766611,G7,888.9135228731138,-2.5437695247752967
2020,C25,5618666.487987062,6510.868,862.9673475160396,G7,905.2283739123704,-4.6685485800317945
2021,C25,5778523.65425591,6649.4937,869.0170883620673,G7,921.543224951627,-5.699801720349784
2022,C25,5766338.390469234,6316.0650000000005,912.9637504473487,G7,937.8580759908837,-2.654380889905239
2023,C25,6314615.419596277,5682.6883,1111.2021434637331,G7,954.1729270301403,16.457102479562668
2024,C25,20151.8471837375,364.31,55.31510851675085,G7,970.4877780693969,-94.30027767822179
2015,C252,158516.40688289364,37.43410294001305,4234.54535926535,G7,3452.557778444694,22.649514678735528
2016,C252,106795.15120954529,33.48516467592092,3189.327340723558,G7,3517.557931602103,-9.331206401170755
2017,C252,118423.40074924463,33.87865244254807,3495.5168582950223,G7,3582.5580847594974,-2.4295831192453154
2018,C252,51825.461883534765,30.87822531130685,1678.3821401988912,G7,3647.558237916892,-53.986145505454374
2019,C252,114527.88878041341,21.54797465433814,5315.018725314683,G7,3712.558391074286,43.16323584547583
2020,C252,106516.07630025709,22.448883870728338,4744.82726685339,G7,3777.5585442317097,25.605658027423274
2021,C252,110331.9438136306,27.97209488986232,3944.357555201103,G7,3842.558697389104,2.6492466564315142
2022,C252,109559.87724535094,22.85659620945237,4793.359266680414,G7,3907.5588505464984,22.66889508292449
2015,C25X252,4963336.993117111,1676.1018970599862,2961.2382169742737,G7,2854.810712883307,3.728005629608866
2016,C25X252,5116397.348790455,1689.038835324079,3029.1768559654,G7,3045.144541148795,-0.5243654272440779
2017,C25X252,5342469.999250759,1707.284347557453,3129.220980028329,G7,3235.4783694142243,-3.2841322751643975
2018,C25X252,5735537.638116461,1759.086774688694,3260.520015637933,G7,3425.8121976796538,-4.824904942357189
2019,C25X252,5671748.911219591,1493.652025345662,3797.2357784652227,G7,3616.1460259450832,5.007810835648185
2020,C25X252,5276294.023699747,1496.5511161292711,3525.6356878383995,G7,3806.4798542105127,-7.378054715341764
2021,C25X252,5428921.556186366,1489.227905110137,3645.460535326771,G7,3996.8136824760004,-8.790831273665178
2022,C25X252,5385249.122754644,987.7434037905471,5452.072979772181,G7,4187.14751074143,30.209718329382838
2015,C26,9424491.469,4171.8652999999995,2259.0593874159845,G7,2233.825119015135,1.1296438645105322
2016,C26,8967484.493999999,4157.3078000000005,2157.041269352247,G7,2207.928788187295,-2.3047626856129932
2017,C26,8981778.231,4177.7934000000005,2149.8856863051196,G7,2182.032457359448,-1.4732489860957543
2018,C26,9584585.951000001,4218.2797,2272.15515154199,G7,2156.136126531608,5.380876633100695
2019,C26,8725849.776,4211.2752,2072.020792181903,G7,2130.2397957037683,-2.7329788711712433
2020,C26,8849873.271081533,4002.5708,2211.047277685015,G7,2104.343464875921,5.07064624145781
2021,C26,10351121.355374966,4079.5886,2537.2953918380313,G7,2078.4471340480814,22.076494045642402
2022,C26,10005046.188692752,4100.0287,2440.238086307238,G7,2052.5508032202415,18.888072464698812
2023,C26,9188903.631454123,3770.6986,2436.923394368917,G7,2026.6544723924017,20.243654138645837
2024,C26,8797.09678651394,114.873,76.581065929452,G7,2000.7581415645545,-96.17239763574986
2015,C265_267,1501690.3973860664,453.4769945945843,3311.502932422408,G7,3210.629537664645,3.141857183284258
2016,C265_267,1519321.4653371763,452.9001775379769,3354.6497455496738,G7,3302.572245461488,1.5768769376582892
2017,C265_267,1442642.3718965985,451.8218112696676,3192.9453955368363,G7,3394.51495325836,-5.9380960313060065
2018,C265_267,1542364.604304732,463.1905393805123,3329.87069720281,G7,3486.457661055203,-4.491291134882191
2019,C265_267,1501879.5261191267,396.9439544903931,3783.605995580103,G7,3578.400368852046,5.734563088978417
2020,C265_267,1522917.0695004552,383.337054563276,3972.788571758259,G7,3670.343076648918,8.24025135507165
2021,C265_267,1789813.2193067626,398.04350959865826,4496.526575980114,G7,3762.2857844457612,19.515816543493038
2022,C265_267,1725674.0971680698,374.1353732491621,4612.432345494438,G7,3854.2284922426043,19.672000629383255
2023,C265_267,30308.0869398411,206.13314383287,147.0316047981808,G7,3946.1712000394764,-96.27406928526796
2015,C266,515381.9659140891,43.835342248754124,11757.224638270896,G7,10337.738805351779,13.731105608745487
2016,C266,371328.88867262227,42.64509598084924,8707.422978702545,G7,10502.110947813955,-17.088830788680433
2017,C266,456699.216714258,43.71013797220748,10448.359074149897,G7,10666.483090276073,-2.044947845321432
2018,C266,485176.99248513975,44.21462639702162,10973.223840647948,G7,10830.85523273825,1.3144724479315695
2019,C266,465902.66751074366,40.70375158037028,11446.184919608959,G7,10995.227375200426,4.1013935321216
2020,C266,472955.32914417714,42.173984593746525,11214.38568586915,G7,11159.599517662544,0.49093310310908134
2021,C266,555504.5082600506,42.683669533930406,13014.450592596426,G7,11323.97166012472,14.928321822143165
2022,C266,534149.9393640701,28.08633145264132,19018.145544025367,G7,11488.343802586838,65.54297008192806
2015,C26T28,32324962.779000003,15007.556400000001,2153.912463657308,G7,2141.6860674689597,0.5708771408686086
2016,C26T28,31766681.654999997,14938.9048,2126.439794636083,G7,2169.693988060186,-1.99356193371647
2017,C26T28,33334112.075,15152.9738,2199.8396166302355,G7,2197.7019086514047,0.09727015162590558
2018,C26T28,35355179.921000004,15356.518199999999,2302.291408803853,G7,2225.709829242631,3.4407710544766434
2019,C26T28,33716783.578,15283.9448,2206.0262595295426,G7,2253.717749833857,-2.116125247175704
2020,C26T28,31916456.601492606,14361.9909,2222.286368493146,G7,2281.725670425083,-2.605015261140653
2021,C26T28,35079200.30385855,14678.1479,2389.892821822469,G7,2309.733591016302,3.470496819111357
2022,C26T28,35577018.87433644,14899.2474,2387.8399974978893,G7,2337.741511607528,2.1430293144733215
2023,C26T28,35179024.23851387,14272.9283,2464.737683752946,G7,2365.749432198754,4.1842238322843395
2024,C26T28,36310.4586913189,492.264,73.7621656089393,G7,2393.757352789973,-96.91856129348415
2015,C26_27,16185813.437,7122.2702,2272.5638009352692,G7,2239.3044600937137,1.4852531861685225
2016,C26_27,15673199.758000001,7082.3058,2213.0080514173787,G7,2272.128362183663,-2.601979348977701
2017,C26_27,16171024.087000001,7113.4488,2273.302942308378,G7,2304.9522642736265,-1.3731009728838006
2018,C26_27,17355937.19930514,7097.386399999999,2445.398379226632,G7,2337.77616636359,4.603614940195433
2019,C26_27,16228236.863,6993.4582,2320.488147480455,G7,2370.600068453554,-2.113891821735625
2020,C26_27,15841506.655583207,6649.9589000000005,2382.196175014436,G7,2403.4239705435175,-0.8832314144008868
2021,C26_27,17752696.66660886,6807.0099,2608.002181193957,G7,2436.247872633481,7.049952120627889
2022,C26_27,17426453.419874143,6904.255,2524.016482571131,G7,2469.071774723445,2.2253183730894355
2023,C26_27,16876678.89808717,6422.3072999999995,2627.8217640079556,G7,2501.8956768134085,5.033226939139834
2024,C26_27,14183.9523514649,185.372,76.51615320255972,G7,2534.719578903372,-96.98127738313111
2015,C27,6761321.968,2950.4048000000003,2291.659086237929,G7,2242.488541401981,2.192677640404228
2016,C27,6705715.264,2924.998,2292.5537945666974,G7,2359.561291852966,-2.839828637536579
2017,C27,7189245.856,2935.6547,2448.9412382185137,G7,2476.634042303951,-1.1181629426233464
2018,C27,7770854.189,2928.6041999999998,2653.432713440758,G7,2593.706792754936,2.3027244580095196
2019,C27,7502387.087,2782.1825,2696.5833790558313,G7,2710.779543205921,-0.5236930530064687
2020,C27,6991633.384501672,2647.3885,2640.9548067847513,G7,2827.852293656935,-6.609167221760758
2021,C27,7401575.311233894,2727.4218,2713.762613187991,G7,2944.9250441079203,-7.849518322458804
2022,C27,7421407.231181392,2804.2268000000004,2646.507490471666,G7,3061.9977945589053,-13.569255498013588
2023,C27,7687775.266633047,2651.6081000000004,2899.2878950072018,G7,3179.0705450098903,-8.800768842385597
2024,C27,5386.85556495096,70.499,76.41038262884524,G7,3296.1432954608754,-97.68182461199214
2015,C28,16139150.241999999,7885.2859,2046.7425590744908,G7,2052.475029864785,-0.27929551916019424
2016,C28,16093480.997,7856.599,2048.4030045316044,G7,2075.7325468161434,-1.3166215621785327
2017,C28,17163087.588,8039.5246,2134.838618193917,G7,2098.990063767509,1.7078953847957878
2018,C28,17986405.544392858,8344.5439,2155.468981880826,G7,2122.2475807188675,1.5653876326109595
2019,C28,17488546.314999998,8290.3863,2109.49715515669,G7,2145.505097670233,-1.678296758774589
2020,C28,16074949.9459094,7712.0317,2084.398842124754,G7,2168.7626146215916,-3.889949592826114
2021,C28,17326504.23724969,7871.2378,2201.2426352116677,G7,2192.0201315729573,0.42073079101205835
2022,C28,18150566.65446229,7994.8919000000005,2270.2704278543515,G7,2215.2776485243157,2.482432816792457
2023,C28,18264673.34042671,7533.4209,2424.48597826609,G7,2238.5351654756814,8.306807757960533
2024,C28,22126.506339854,306.892,72.09867425626605,G7,2261.79268242704,-96.81232171204569
2015,C29,13459991.849288901,4326.9002062082545,3110.7701143595705,G7,3086.5807963309926,0.7836930125830976
2016,C29,13094515.796570702,4472.90766399927,2927.5175747452763,G7,3016.157580007566,-2.9388386684381262
2017,C29,13764779.167159801,4547.16214833542,3027.114212806041,G7,2945.734363684169,2.7626336619196
2018,C29,13401172.6838907,4650.41700437273,2881.7141927895373,G7,2875.3111473607714,0.2226905228897902
2019,C29,12875659.895806901,4628.94192124446,2781.555723720415,G7,2804.887931037374,-0.8318409822644868
2020,C29,11051435.47891085,4256.0106949703095,2596.6653448430648,G7,2734.4647147139476,-5.0393544714398715
2021,C29,12687267.625135602,4409.101531543009,2877.5176834486656,G7,2664.0414983905503,8.013245483866683
2022,C29,13456628.587555222,4324.2459115676465,3111.9017888316303,G7,2593.618282067153,19.98302951317099
2023,C29,341024.9682049925,3139.733,108.61591358405076,G7,2523.1950657437555,-95.69530255275629
2024,C29,17405.7260936182,223.293,77.95016455338143,G7,2452.771849420329,-96.82195616474465
2015,C29_30,16076622.973,8303.354299999999,1936.1600616030562,G7,1929.1269095855387,0.3645769483889838
2016,C29_30,15549523.349,8524.395700000001,1824.1203125988154,G7,1877.972604648152,-2.8675760187367616
2017,C29_30,16191622.467,8579.9871,1887.1383229702058,G7,1826.8182997107651,3.3019169596117504
2018,C29_30,15783455.584999999,8825.2237,1788.448216332465,G7,1775.6639947733784,0.7199685073705719
2019,C29_30,14833748.225,8734.8566,1698.224585049284,G7,1724.509689835977,-1.524207427862756
2020,C29_30,13663943.68852703,7901.262500000001,1729.3367596035482,G7,1673.3553848985903,3.3454563931947234
2021,C29_30,14845482.59164261,8165.5946,1818.0528570010824,G7,1622.2010799612035,12.073212098007158
2022,C29_30,15396113.59443017,8258.3415,1864.3105997045736,G7,1571.0467750238167,18.66677869449884
2023,C29_30,18050312.226529595,8010.0915,2253.4464464643875,G7,1519.89247008643,48.26354435036073
2024,C29_30,31422.87257479,386.51,81.29898987035264,G7,1468.7381651490286,-94.4647050237097
2015,C30,2616630.52371113,2083.178793791745,1256.0758258048559,G7,1283.6941855988407,-2.1514750244896463
2016,C30,2455006.7514293,2081.2393360007272,1179.5888675383185,G7,1204.8921910520876,-2.100048759688178
2017,C30,2426842.9998401897,2057.551851664576,1179.4808465589113,G7,1126.0901965053636,4.741240996435003
2018,C30,2382283.3011093303,2114.032995627269,1126.8903115688915,G7,1047.2882019586395,7.600783572409209
2019,C30,1958089.22919309,2204.025078755542,888.4151310558976,G7,968.4862074118864,-8.267652728887597
2020,C30,2612507.4096161495,2076.085305029693,1258.3815334017715,G7,889.6842128651624,41.44136933139979
2021,C30,2158214.866506971,2062.208468456991,1046.5551371350032,G7,810.8822183184384,29.063767029605113
2022,C30,1914896.706874907,2045.680088432354,936.0685073404273,G7,732.0802237716853,27.86419806804672
2023,C30,220207.75832460102,1687.2060000000001,130.516225241376,G7,653.2782292249613,-80.02134168833112
2024,C30,14017.1464811718,163.217,85.88043207001598,G7,574.4762346782372,-85.05065538209472
2015,C301,979327.4891184358,181.40985801824567,5398.42486961176,G7,4547.092844803112,18.7225564523416
2016,C301,638635.0002299154,178.88434733192986,3570.0999542732075,G7,4526.2556177202205,-21.124650134731205
2017,C301,727700.4042081797,168.83423306377276,4310.147243262625,G7,4505.418390637336,-4.334140149569732
2018,C301,754678.7320328485,173.95875842673036,4338.2623494103145,G7,4484.581163554452,-3.26270857428671
2019,C301,748594.9038713952,152.4584289377741,4910.1575366287825,G7,4463.743936471568,10.00087833241816
2020,C301,810049.7540228827,140.4120667037643,5769.089317173095,G7,4442.906709388684,29.849436293180354
2021,C301,689883.5498464141,142.4062434998493,4844.475444976851,G7,4422.0694823058,9.552223554180683
2022,C301,621734.7829070083,119.16603707033799,5217.382386728427,G7,4401.232255222916,18.54367332096576
2023,C301,1352.38683380555,19.5007974940836,69.35033473455915,G7,4380.395028140032,-98.41680181150222
2015,C302_309,799282.0504158633,148.17612027631787,5394.135363548237,G7,5401.149855840718,-0.1298703513085364
2016,C302_309,664356.4152431728,147.83808786648825,4493.810930801197,G7,4823.479139661882,-6.834656050441512
2017,C302_309,657166.0012195554,145.70393680684106,4510.283082403991,G7,4245.808423483279,6.229076598414585
2018,C302_309,621885.7380732503,149.62660827876653,4156.250985216658,G7,3668.1377073044423,13.306841696270698
2019,C302_309,368535.0172047791,137.7926744276039,2674.5617554466357,G7,3090.466991125606,-13.457682507959412
2020,C302_309,598766.1989786241,123.9703253674841,4829.915523765118,G7,2512.7962749470025,92.21277792872351
2021,C302_309,472135.02023717697,123.8744109029631,3811.4007307532097,G7,1935.1255587681662,96.95883367792501
2022,C302_309,403955.64972917753,111.0364868921078,3638.0442234424627,G7,1357.45484258933,168.00480644372183
2023,C302_309,2292.77330688964,28.4036874744485,80.72097360429635,G7,779.7841264104936,-89.64829228111226
2015,C303,815810.3345425455,862.9556460227896,945.3676307727651,G7,1129.3729559129351,-16.29269801236105
2016,C303,1124316.48346238,871.6339924238994,1289.895177602934,G7,1108.650553748288,16.348219305160438
2017,C303,1014988.2666658051,869.4874612507326,1167.3408897763445,G7,1087.928151583641,7.299446942071164
2018,C303,979856.1112269119,890.2379068809576,1100.6677020302823,G7,1067.205749418994,3.1354734201446632
2019,C303,796559.8867602348,850.6898268075684,936.3693577358624,G7,1046.4833472543542,-10.522287794392193
2020,C303,1142526.234686877,745.4557933562564,1532.6545784061793,G7,1025.760945089707,49.4163514162788
2021,C303,933472.3473421226,730.0234220504849,1278.6882162221477,G7,1005.03854292506,27.227778996480943
2022,C303,825405.5147139903,706.608470786676,1168.12286979104,G7,984.316140760413,18.673546172739886
2023,C303,152860.5667928501,609.353865252231,250.8568099909832,G7,963.5937385957659,-73.96653797724402
2015,C304,2544.7763830777453,15.97704636424087,159.27702311569635,G7,162.32955355897502,-1.88045268181537
2016,C304,2699.5406001131673,14.448839302803469,186.83442618047408,G7,171.88710277345308,8.696012188140468
2017,C304,2668.581930224499,14.841524891055666,179.80510424725534,G7,181.44465198793478,-0.9036076416231054
2018,C304,2983.166356029514,18.454540912984562,161.6494482358305,G7,191.00220120241283,-15.367756382805254
2019,C304,3261.752690014155,14.849282547413702,219.65725816041223,G7,200.5597504168909,9.522103863723675
2020,C304,1063.6140502900769,5.970979938965103,178.13056837608866,G7,210.11729963136895,-15.223273529308635
2021,C304,992.293005775729,5.621759238596742,176.50933874276285,G7,219.674848845847,-19.649727918271974
2022,C304,1353.483928425492,8.433487782871193,160.48922619826175,G7,229.2323980603287,-29.98841893368639
2023,C304,2450.57741428083,17.1743028404609,142.68861083010137,G7,238.78994727480676,-40.245134915210244
2015,C31T33,2657869.13836958,4805.022588619988,553.1439424789312,G7,531.5293233983284,4.066496076342485
2016,C31T33,2516732.96159655,4916.174776225951,511.9291067045007,G7,542.5288957562625,-5.6402136902048206
2017,C31T33,2668408.6330721797,4847.459254798853,550.4757219837438,G7,553.5284681141966,-0.5515066173295669
2018,C31T33,2803783.82111535,4867.896396782341,575.9744235659246,G7,564.5280404721307,2.0276022222423196
2019,C31T33,2831023.25695383,4913.954478698133,576.1191458378875,G7,575.5276128300648,0.10278099514877681
2020,C31T33,2370763.188557215,4605.747428906823,514.7401643602321,G7,586.5271851879952,-12.239333937224695
2021,C31T33,2630332.9795374447,4854.4188624681265,541.8430205670608,G7,597.5267575459293,-9.319036557888094
2022,C31T33,2729649.2303162753,4900.949649430535,556.9633286547734,G7,608.5263299038634,-8.473421562093474
2023,C31T33,275274.87807149533,3539.2486,77.77777409348847,G7,619.5259022617975,-87.44559770470721
2024,C31T33,18295.5623630956,390.51,46.85043241682825,G7,630.5254746197315,-92.56962100618003
2015,C31_32,166155.956,3149.0519999999997,52.76380193150193,G7,53.19915609284271,-0.8183478711222492
2016,C31_32,176122.10499999998,3205.184,54.94914020536729,G7,54.95675815281584,-0.013861711834173285
2017,C31_32,182538.412,3175.152,57.48966096741196,G7,56.71436021278896,1.3670272426844265
2018,C31_32,188402.59,3210.37,58.685631251226496,G7,58.471962272762084,0.3654212551781333
2019,C31_32,191699.14,3211.925,59.683566708438086,G7,60.22956433273521,-0.9065276004335487
2020,C31_32,187654.46528722398,2945.4809999999998,63.70927712221671,G7,61.98716639270833,2.778173015037111
2021,C31_32,199588.36568199698,3125.931,63.84925504817508,G7,63.744768452681456,0.16391399330470957
2022,C31_32,192128.330403648,3036.067,63.281979746707826,G7,65.50237051265458,-3.3897868864422143
2023,C31_32,183778.2038199425,2702.0860000000002,68.01345472347752,G7,67.2599725726277,1.1202534316174573
2024,C31_32,10445.5244020243,390.51,26.748417203206834,G7,69.01757463260128,-61.24404929382741
2015,C325,8961.2930589395,153.2247511335151,58.4846311881487,G7,53.490029733935444,9.337443779816311
2016,C325,9535.51108171655,156.9153242667653,60.7685140140017,G7,61.53313977659309,-1.2426243246606572
2017,C325,9949.62549800219,150.2847412282342,66.20516106084189,G7,69.57624981925073,-4.845171688854255
2018,C325,10497.363970245511,157.436036069274,66.67700884965453,G7,77.61935986190656,-14.097450728426109
2019,C325,8157.912572029851,85.203749471245,95.74593398360977,G7,85.6624699045642,11.771157299432833
2020,C325,7315.6053340144,88.08803995912069,83.04879229245397,G7,93.70557994722185,-11.372628674589224
2021,C325,8429.37272058791,91.22576034221291,92.40123282028031,G7,101.7486899898795,-9.18680837122221
2022,C325,3830.37405363671,41.6581975192546,91.94766652748945,G7,109.79180003253714,-16.25270147657615
2015,C33,88640.141,806.052,109.96826631532457,G7,108.48238341115939,1.3696997221507745
2016,C33,89600.196,828.7620000000001,108.11330152685571,G7,109.21734827986575,-1.0108712309888301
2017,C33,88765.15,820.3629999999999,108.20228362322533,G7,109.9523131485721,-1.5916259287624634
2018,C33,91242.612,817.909,111.55594571034186,G7,110.68727801727846,0.7847945207648976
2019,C33,94920.73999999999,848.099,111.92176856711302,G7,111.42224288598482,0.448317739968096
2020,C33,90853.6472650807,900.348,100.90947862946405,G7,112.15720775469094,-10.028538825456323
2021,C33,99043.1744940578,874.3240000000001,113.27971609387114,G7,112.8921726233973,0.34328639574212616
2022,C33,94004.9707774972,746.427,125.93993890560925,G7,113.62713749210366,10.836145031252986
2023,C33,63306.27425155313,301.0,210.31984801180442,G7,114.36210236081001,83.90694440737873
2015,D,411056.55700000003,2045.2546,200.98062950206787,G7,197.1817009422557,1.9266131398900432
2016,D,412057.79500000004,2043.6179,201.63152563891717,G7,201.81548703322187,-0.09115325935041829
2017,D,424473.844,2056.2089,206.43517494744816,G7,206.44927312418622,-0.0068288817512973665
2018,D,408549.1979008757,2079.4755,196.46742551228698,G7,211.0830592151524,-6.924114970291395
2019,D,466982.25100000005,2059.6257,226.73161002020902,G7,215.71684530611674,5.10612173029954
2020,D,473920.65530176705,2026.9081,233.81457467251082,G7,220.3506313970829,6.110235850046286
2021,D,507793.772301196,2060.9686,246.38598196071302,G7,224.98441748804726,9.512465223865018
2022,D,218575.7,1018.3582,214.6353807530592,G7,229.61820357901343,-6.525102362277879
2023,D,271780.1985592517,906.693554782246,299.7486825904736,G7,234.25198966997777,27.959930249800568
2024,D,142494.8600390981,685.6757,207.8166982424754,G7,238.88577576094394,-13.005829844619864
2015,D_E,15945562.578,5113.838900000001,3118.1198488673544,G7,3115.7841500382856,0.07496343509674208
2016,D_E,16323436.603,5164.1152,3160.935798450042,G7,3141.5692346450305,0.6164614674551316
2017,D_E,16787278.6,5253.864,3195.2251904503055,G7,3167.354319251768,0.879941692318198
2018,D_E,16882836.888,5499.3757000000005,3069.955174730106,G7,3193.139403858513,-3.8577779905116016
2019,D_E,17685700.139,5371.4529999999995,3292.535583761042,G7,3218.924488465258,2.2868226812888137
2020,D_E,17961652.05228617,5315.4728,3379.1259457270053,G7,3244.709573072003,4.142631863588964
2021,D_E,15962526.170016795,5404.8168,2953.3889418817666,G7,3270.494657678748,-9.695955780036314
2022,D_E,14068199.246669956,5448.6622,2581.9547496759765,G7,3296.279742285493,-21.67064231369621
2023,D_E,16647352.944543557,5159.585279261756,3226.4905110601244,G7,3322.0648268922378,-2.876955171327056
2024,D_E,198686.34663465072,1291.25,153.87132362799667,G7,3347.8499114989754,-95.4038762878978
2015,E,143606.021,1983.4799,72.40104676634233,G7,72.58862195236134,-0.2584085232284816
2016,E,146578.808,2013.6852,72.79132209940262,G7,73.21754014916087,-0.5821256066373515
2017,E,156204.756,2084.1378999999997,74.94933804524165,G7,73.84645834596063,1.4934767678555172
2018,E,163121.39299999998,2195.4849,74.29857203754851,G7,74.47537654276016,-0.23739994803535502
2019,E,167217.888,2235.772,74.7920127812675,G7,75.10429473955969,-0.4157977374996902
2020,E,168331.39698440372,2191.7527,76.80218529417289,G7,75.73321293635945,1.4114974347011033
2021,E,182132.3977156001,2252.8958000000002,80.84368469931013,G7,76.36213113315898,5.868816780841657
2022,E,112850.1,1273.335,88.62561698217672,G7,76.99104932995874,15.111584727668781
2023,E,88072.137525221,1013.99002447951,86.85700588664983,G7,77.61996752675827,11.900337830864505
2024,E,56191.486595552604,605.5744,92.7903930475803,G7,78.2488857235578,18.5836605717244
2015,E36,31245.689,211.602,147.66254099677695,G7,149.20302359317702,-1.0324741143318938
2016,E36,33032.235,214.963,153.66474695645297,G7,151.9688807866869,1.1159298936645579
2017,E36,33208.049,214.18099999999998,155.046661468571,G7,154.73473798019677,0.20158594795574025
2018,E36,34238.42382315922,216.766,157.95108007325513,G7,157.50059517370755,0.28602107760338225
2019,E36,34835.37,218.611,159.34866040592652,G7,160.26645236721743,-0.5726662989881226
2020,E36,35479.95289692861,227.902,155.68074390276792,G7,163.0323095607273,-4.5092691612891755
2021,E36,36700.92658582487,228.204,160.82508012929162,G7,165.79816675423717,-2.9994822755291195
2022,E36,22387.1,125.92699999999999,177.77839541956848,G7,168.56402394774796,5.466392683338417
2023,E36,11259.370470227139,57.11,197.15234582782594,G7,171.32988114125783,15.07178112455354
2024,E36,5000.14554853742,24.996,200.03782799397584,G7,174.0957383347677,14.901048071219435
2015,E37T39,64891.5,676.673,95.89787090662698,G7,95.51284275430305,0.40311662936718395
2016,E37T39,65977.9,693.129,95.18848583741266,G7,96.04036185166126,-0.8869979223572355
2017,E37T39,69665.4,717.1279999999999,97.14500061355852,G7,96.56788094901947,0.5976310745016145
2018,E37T39,71800.2,740.539,96.95667615074966,G7,97.09540004637768,-0.14287380819457685
2019,E37T39,73713.7,754.866,97.6513712367493,G7,97.62291914373588,0.029144890629129172
2020,E37T39,73182.5,745.117,98.21611907928553,G7,98.15043824109387,0.06691853787788027
2021,E37T39,80224.2,774.438,103.59021638917511,G7,98.67795733845207,4.9780712767235835
2022,E37T39,71051.0,637.642,111.42772903917871,G7,99.20547643581028,12.320139010951369
2023,E37T39,42196.26705499386,372.815,113.182857596915,G7,99.73299553316849,13.485869938874394
2024,E37T39,9293.34104701518,131.653,70.58966409436306,G7,100.2605146305267,-29.59375447603143
2015,ENERGYP,908617.6484778814,1902.1316209846862,477.6838986607629,G7,399.24205840154536,19.647689567896975
2016,ENERGYP,678265.0034212063,1848.6770775272944,366.89209363077214,G7,407.6618265618672,-10.00087088725925
2017,ENERGYP,607028.3714467407,1821.3325336932799,333.2880515870513,G7,416.0815947221927,-19.89839112936984
2018,ENERGYP,735492.6954556755,1845.0497104931437,398.630286909231,G7,424.5013628825145,-6.0944624058706705
2019,ENERGYP,847604.8421081492,1682.0438465596712,503.913642823151,G7,432.92113104284,16.398486165205426
2020,ENERGYP,552100.8291039469,1610.995708961047,342.7078210282784,G7,441.3408992031618,-22.34850165778083
2021,ENERGYP,808416.6001607439,1620.9449543267917,498.73167993943025,G7,449.7606673634873,10.888238151862573
2022,ENERGYP,86592.58767048185,636.2494894323752,136.0984788337272,G7,458.18043552380914,-70.29587728290181
2023,ENERGYP,110041.9720891262,536.8023452823808,204.99532659686773,G7,466.6002036841346,-56.06617292956875
2024,ENERGYP,191733.4447151778,228.17,840.3096143891738,G7,475.01997184445645,76.89984931082647
2015,F,29129656.152,31285.5288,931.0904200538877,G7,950.9670648687999,-2.09015070544577
2016,F,30573923.108,31622.8591,966.8298179907457,G7,950.9453109038816,1.6703912312018954
2017,F,31494281.705,32470.3565,969.9395109813469,G7,950.9235569389633,1.9997352998169626
2018,F,31488015.63757723,33330.423,944.7229528883335,G7,950.901802974045,-0.649788449910027
2019,F,31956957.847,33923.3203,942.0350827805024,G7,950.8800490091268,-0.9301873814516637
2020,F,32387423.22,32303.6927,1002.5919798326956,G7,950.8582950442085,5.4407354974046696
2021,F,32659095.601,33789.0275,966.5592062689583,G7,950.8365410792902,1.6535613126333226
2022,F,32308780.98508077,34697.5695,931.1540102277415,G7,950.8147871143719,-2.0677819858375246
2023,F,33166874.936678946,35503.053199999995,934.1978209547045,G7,950.7930331494537,-1.7454074247660767
2024,F,415788.188229635,6261.7057,66.40174549079094,G7,950.7712791845354,-93.01601268943011
2025,F,199904.0,3123.8799,63.99221685827295,G7,950.7495252196171,-93.26928752938466
2015,G,73064045.118,73401.9647,995.396314207922,G7,998.1158098933347,-0.2724629405182255
2016,G,73201352.75500001,73577.5324,994.8873027848379,G7,997.486770636202,-0.26060173707428413
2017,G,74979127.191,74497.7776,1006.4612610806258,G7,996.8577313790695,0.9633801694320709
2018,G,73750170.574,74068.8132,995.6980190145669,G7,996.2286921219368,-0.05326820152505851
2019,G,72539235.84200001,73135.6011,991.8457598073944,G7,995.599652864804,-0.3770484498069049
2020,G,72040981.73272912,69155.8957,1041.718583839109,G7,994.9706136076716,4.6984272291151985
2021,G,76520597.7056517,71482.0793,1070.4864555563047,G7,994.3415743505388,7.65781932184626
2022,G,82034771.71664163,71776.3071,1142.9227140698304,G7,993.7125350934064,15.01542686712698
2023,G,85324222.82051016,65157.9473,1309.4983245506594,G7,993.0834958362736,31.86185552786107
2024,G,714666.562169531,11909.3601,60.00881291426657,G7,992.4544565791409,-93.95349453907346
2025,G,416387.0,6624.8877,62.85193332409242,G7,991.8254173220084,-93.66300437290701
2015,G45,429775.498,7042.737,61.023931179028835,G7,60.49729141989155,0.8705179137393992
2016,G45,447833.879,7224.289000000001,61.99002822284656,G7,61.97060699395706,0.03133942014057478
2017,G45,463127.39100000006,7366.0470000000005,62.873260379685334,G7,63.44392256802257,-0.8994749461233131
2018,G45,480089.63800000004,7513.876,63.89373979554627,G7,64.91723814208763,-1.5766202873590762
2019,G45,507395.951,7523.8150000000005,67.43865326300553,G7,66.39055371615314,1.5786877623185092
2020,G45,481086.78572968,7083.334,67.91812806366042,G7,67.86386929021819,0.07995237231492869
2021,G45,564433.9015643101,7459.505,75.66640166664008,G7,69.3371848642837,9.128171001959196
2022,G45,595256.852134926,7128.534,83.50340366405295,G7,70.81050043834875,17.925170909864274
2023,G45,571331.7651832202,6150.359,92.89405141768474,G7,72.28381601241426,28.51293213646995
2024,G45,48114.0108721414,794.267,60.576620798977416,G7,73.75713158647932,-17.87015099963305
2015,G46,1324490.161,16542.84,80.0642550493144,G7,79.22691432257443,1.0568892325286239
2016,G46,1325368.574,16495.539,80.34709105292043,G7,81.1209947520174,-0.9540115989242315
2017,G46,1374815.258,16705.097999999998,82.29914353091493,G7,83.0150751814599,-0.8624116149748007
2018,G46,1419944.506,16643.869,85.31336710232459,G7,84.90915561090287,0.47605171493403375
2019,G46,1465050.604,16829.696,87.0515191718258,G7,86.80323604034538,0.28602981041514486
2020,G46,1456477.138045361,15781.085,92.29258558871973,G7,88.69731646978835,4.0534136341723315
2021,G46,1599839.27522681,16249.385,98.45537386349145,G7,90.59139689923086,8.68071056792299
2022,G46,1706302.9237828,16166.58,105.54507655810939,G7,92.48547732867337,14.12070262991132
2023,G46,1538606.254696346,14513.996,106.0084524411021,G7,94.37955775811633,12.321412559263356
2024,G46,136887.992701068,1575.307,86.8960734009739,G7,96.27363818755884,-9.74053226109074
2015,G47,1106180.459,30590.824999999997,36.16053045316693,G7,35.746144579089105,1.1592463437867684
2016,G47,1136249.301,30624.388,37.10275944126622,G7,37.11795480194451,-0.040938033249304784
2017,G47,1171484.442,31019.817,37.76567869500971,G7,38.48976502479945,-1.881243830205781
2018,G47,1202236.43,30284.719,39.697790492954546,G7,39.861575247654855,-0.4108837989535874
2019,G47,1242289.286,29775.354,41.722066041599376,G7,41.23338547051026,1.1851575259048674
2020,G47,1280217.8089540792,28608.464,44.749617069762266,G7,42.60519569336566,5.033239119074229
2021,G47,1419223.528860579,29447.690000000002,48.19473204385739,G7,43.97700591622106,9.590753257898822
2022,G47,1429343.140723907,28333.046000000002,50.447916567950614,G7,45.34881613907646,11.244175400822254
2023,G47,1307135.600630587,23636.191,55.30229471536201,G7,46.72062636193141,18.368050734060915
2024,G47,121586.558596322,2857.896,42.54408088899036,G7,48.09243658478681,-11.536857123083621
2015,GTI,116038947.707,130332.5299,890.3298953533166,G7,894.0361910685824,-0.4145576825962616
2016,GTI,117447506.27600001,131929.13390000002,890.23176916346,G7,891.6445237184553,-0.15844369784313583
2017,GTI,120508903.85399999,133830.3135,900.4604465340358,G7,889.252856368329,1.2603378314103075
2018,GTI,119246053.78239898,134968.6221,883.5094552128422,G7,886.8611890182019,-0.37793217775943244
2019,GTI,118371815.92400001,134249.0914,881.7327155779917,G7,884.4695216680757,-0.30942910106415145
2020,GTI,105500334.866,121156.6269,870.7764285405341,G7,882.0778543179485,-1.2812276968627745
2021,GTI,108601068.488,127816.9188,849.6611364723337,G7,879.6861869678223,-3.413154706791688
2022,GTI,118250697.34900233,132435.6138,892.8919794005012,G7,877.2945196176952,1.7779046185770087
2023,GTI,128130899.7094836,133271.141,961.4301997270632,G7,874.902852267568,9.889937749686606
2024,GTI,1178412.8230233,20542.7038,57.364056576783234,G7,872.5111849174418,-93.42540731071418
2025,GTI,673315.0,11719.2779,57.45362519306757,G7,870.1195175673147,-93.39704212661535
2015,GTN,282503387.106,236632.9696,1193.8462657318569,G7,1193.1969166304461,0.054420950336053764
2016,GTN,285886185.75100005,240808.0436,1187.195333997556,G7,1188.4330549465412,-0.1041473008373206
2017,GTN,290040276.391,244467.0105,1186.4188783500504,G7,1183.6691932626363,0.23230182073379346
2018,GTN,291195630.8016523,247926.985,1174.5217278452055,G7,1178.9053315787314,-0.37183678927430464
2019,GTN,292203963.81,248395.9245,1176.3637603885084,G7,1174.1414698948265,0.1892693981655258
2020,GTN,280548521.667,231418.8618,1212.297560729771,G7,1169.3776082109234,3.670324471537678
2021,GTN,286734853.659,244033.7253,1174.980438898377,G7,1164.6137465270185,0.8901399629081208
2022,GTN,299711630.7056166,253315.3021,1183.1564387188143,G7,1159.8498848431136,2.009445720542824
2023,GTN,316921929.1162716,254888.2562,1243.3759555701006,G7,1155.0860231592087,7.643580706605313
2024,GTN,3333698.2907790197,38563.145000000004,86.44778040740762,G7,1150.3221614753038,-92.48490698496697
2025,GTN,1914787.0,22680.911,84.42284350924,G7,1145.558299791399,-92.63041928772957
2015,GTNXL,7388939.05707303,149917.896,49.286571211438485,G7,48.96341468288347,0.659995898259913
2016,GTNXL,7700972.889984484,152775.839,50.40700768126355,G7,50.41431427714906,-0.014493097824042067
2017,GTNXL,8017182.396532816,155444.579,51.57582495387514,G7,51.86521387141511,-0.5579634131219868
2018,GTNXL,8316089.545932139,158027.902,52.62418497419613,G7,53.316113465681156,-1.297784940626645
2019,GTNXL,8863837.396427631,159903.315,55.432480536301775,G7,54.76701305994675,1.2150881327535945
2020,GTNXL,8866306.11,152604.572,58.099872066742535,G7,56.217912654212796,3.3476152416141103
2021,GTNXL,10061200.03818078,157487.411,63.885741560516095,G7,57.668812248478844,10.780401172908217
2022,GTNXL,631.1151898066466,87309.244,0.007228503660009318,G7,59.11971184274489,-99.98777310742103
2023,GTNXL,661.9270317531468,88334.322,0.007493429697158335,G7,60.570611437010484,-99.98762860483099
2024,GTNXL,233.7290549909564,26373.7,0.00886220192809338,G7,62.02151103127653,-99.98571108349226
2025,GTNXL,120.6759533847938,17195.0,0.007018083942122349,G7,63.47241062554258,-99.98894309531818
2015,GTU,645.7089302449333,266034.019,0.0024271667686414696,G7,0.002421330752133688,0.24102516777764205
2016,GTU,652.9245985059808,270526.21400000004,0.002413535416223955,G7,0.002416535446819145,-0.12414593790208706
2017,GTU,659.0272362711086,274438.257,0.002401367956039411,G7,0.0024117401415046005,-0.4300706069733762
2018,GTU,668.4325358836446,276973.442,0.002413345232874871,G7,0.0024069448361900576,0.26591372550710535
2019,GTU,678.4660607573566,282307.744,0.0024032853337432945,G7,0.0024021495308755147,0.04728277125054525
2020,GTU,700.0,272276.05799999996,0.0025709201357689707,G7,0.00239735422556097,7.239894228287724
2021,GTU,707.8311638178382,278954.24,0.002537445438426884,G7,0.002392558920246427,6.055713694421105
2022,GTU,730.7401471646693,287127.881,0.0025449989204102035,G7,0.0023877636149318843,6.585044871906409
2023,GTU,1976978.911504087,291594.489,6.779891205365295,G7,0.0023829683096173414,284414.53500252444
2024,GTU,2115130.9604376513,47571.375,44.46226245168762,G7,0.0023781730043027968,1869497.475509252
2025,GTU,119.25194867147748,32084.0,0.0037168666211032752,G7,0.002373377698988254,56.60662113273149
2015,H,29536097.126,25934.9336,1138.8537785190242,G7,1128.7032905268852,0.8993052538546875
2016,H,29592335.202999998,26510.4391,1116.2521711305792,G7,1129.9262914154392,-1.2101780787604044
2017,H,30493449.614,26897.2678,1133.7006360921164,G7,1131.1492923039932,0.22555323205184497
2018,H,30706041.235,27229.1506,1127.6900145023253,G7,1132.3722931925472,-0.41349286964810217
2019,H,31123141.441,27318.977600000002,1139.2498612759211,G7,1133.5952940811012,0.498817102042004
2020,H,23866779.051815774,26375.0559,904.8996575516557,G7,1134.8182949696552,-20.260392208793874
2021,H,24282950.121713214,28246.2199,859.6884895636323,G7,1136.0412958582092,-24.325947243476687
2022,H,26814737.540461224,29266.005100000002,916.241811919223,G7,1137.2642967467632,-19.434575187121673
2023,H,29621882.251315154,26511.4311,1117.324905607044,G7,1138.4872976353172,-1.8588167010934908
2024,H,329597.74666266504,4948.4077,66.60682923572871,G7,1139.7102985238712,-94.15581053167665
2025,H,184000.0,3202.9307,57.44738716950698,G7,1140.9332994124252,-94.96487768398976
2015,H49,475057.527,7324.853,64.8555714360411,G7,63.73694307428923,1.7550706196374222
2016,H49,479250.179,7367.209,65.0517962772605,G7,65.64750759334629,-0.907439349831729
2017,H49,496836.037,7443.169,66.75060542088995,G7,67.55807211240335,-1.1952186707902657
2018,H49,520520.59,7610.374,68.3961905157355,G7,69.46863663146041,-1.5437846022722024
2019,H49,543242.87,7468.673,72.73619691208867,G7,71.37920115051747,1.901108081483982
2020,H49,493367.68635499896,6928.312,71.21037366027959,G7,73.28976566957454,-2.8372201634125127
2021,H49,558094.184620686,7676.22,72.70429776904335,G7,75.2003301886316,-3.3191774734595336
2022,H49,579612.2634513071,7569.602,76.57103549847233,G7,77.11089470768866,-0.7001075675010959
2023,H49,528436.7741988314,6039.007,87.50391814396497,G7,79.02145922674572,10.734373928579966
2024,H49,81691.3986869518,847.058,96.4413283233873,G7,80.93202374580233,19.163371752939007
2015,H50,38680.795,290.892,132.97304497889252,G7,125.02999277652543,6.352917428831839
2016,H50,32474.656,278.674,116.53278023784064,G7,127.21178789462647,-8.394668319284682
2017,H50,35042.535,275.128,127.36811593149372,G7,129.3935830127266,-1.5653535778769379
2018,H50,35919.422,264.325,135.89112645417572,G7,131.57537813082763,3.280057701264494
2019,H50,35366.879,263.533,134.20284746122877,G7,133.75717324892867,0.3331964944195409
2020,H50,25881.6792035056,227.902,113.56494986224605,G7,135.9389683670297,-16.458870310369512
2021,H50,55303.088415123595,229.917,240.5350122658333,G7,138.12076348512983,74.14833671385654
2022,H50,73793.9758382961,207.349,355.8926054058428,G7,140.30255860323086,153.66080914624703
2023,H50,34203.72397837712,193.837,176.45611507801465,G7,142.4843537213319,23.84245039502657
2024,H50,2654.06427256724,33.988,78.08827446649524,G7,144.66614883943203,-46.02173687974024
2015,H51,131213.112,974.6469999999999,134.62629239098874,G7,138.31354280151936,-2.6658636138196856
2016,H51,140488.803,995.277,141.15548033361569,G7,139.9329653079103,0.8736433355895468
2017,H51,147653.454,1004.932,146.9288011527148,G7,141.55238781430126,3.798179191061557
2018,H51,146692.177,1022.242,143.5004402088742,G7,143.17181032069175,0.22953533062575193
2019,H51,153971.59399999998,1087.747,141.55092498531366,G7,144.7912328270827,-2.2379171573452816
2020,H51,67004.7740827874,955.587,70.11896779967432,G7,146.41065533347364,-52.10801588179004
2021,H51,101650.5272500072,964.1510000000001,105.43009056673404,G7,148.0300778398646,-28.777926685422816
2022,H51,156251.49250149098,1054.59,148.16326013094283,G7,149.64950034625508,-0.993147462486299
2023,H51,170609.8040511855,1007.295,169.3742191226855,G7,151.26892285264603,11.9689463827783
2024,H51,17232.6568391349,164.893,104.50811640964079,G7,152.88834535903698,-31.644157594734878
2015,H52,265356.199,4909.731,54.04699340961858,G7,52.798371780957496,2.364886617794193
2016,H52,277968.13399999996,5230.521,53.14348876526831,G7,53.59606718544569,-0.8444246825264901
2017,H52,289800.635,5462.142,53.05622501209233,G7,54.39376258993411,-2.4589907264280786
2018,H52,309438.4977450241,5706.062,54.22978189599484,G7,55.19145799442231,-1.7424364808856008
2019,H52,331938.256,5773.610000000001,57.492323866696914,G7,55.98915339891073,2.6847529861300456
2020,H52,322073.844984966,6121.037,52.61752951092535,G7,56.78684880339915,-7.342050809877366
2021,H52,376639.790864575,6618.429,56.907733068463074,G7,57.58454420788735,-1.1753347165185501
2022,H52,390600.19891832396,6676.0689999999995,58.50751376570913,G7,58.38223961237577,0.21457579251003
2023,H52,323344.3301117164,5717.057,56.55782863660733,G7,59.179935016863965,-4.430735484095127
2024,H52,33347.761393968,465.424,71.65028316968615,G7,59.97763042135239,19.461677072487717
2015,H53,130090.39300000001,3316.12,39.229700071167514,G7,38.28784009262927,2.459945445498146
2016,H53,132853.531,3410.545,38.95375401878585,G7,39.569997684395275,-1.5573507750101356
2017,H53,137617.954,3492.398,39.405003095294404,G7,40.85215527616083,-3.542413297618363
2018,H53,142361.764,3302.298,43.109908312332806,G7,42.13431286792684,2.31544168636153
2019,H53,149121.843,3423.177,43.562410883223386,G7,43.416470459692846,0.3361406903539699
2020,H53,172550.967189517,3575.035,48.26553227856986,G7,44.698628051458854,7.979896436652689
2021,H53,192562.53056282003,3828.341,50.29921069278312,G7,45.98078564322441,9.391803530862596
2022,H53,194325.109751804,3727.645,52.130798332943186,G7,47.262943234990416,10.29951747556197
2023,H53,165442.7189750433,3256.708,50.80059955483983,G7,48.545100826756425,4.646192282373929
2024,H53,16482.865470043,248.087,66.43985968649305,G7,49.82725841852198,33.34038796281791
2015,HDI,294.1888660012404,15901.598,0.018500585035619715,G7,0.01840356185426195,0.5271978442330516
2016,HDI,296.171623819111,16365.868,0.01809690899493452,G7,0.018093577313134435,0.01841361574013156
2017,HDI,294.93207338925083,16719.552,0.017639950722917148,G7,0.017783592772006918,-0.8077223254677524
2018,HDI,296.38632065339834,17070.187,0.017362804558227647,G7,0.0174736082308794,-0.6341201610320035
2019,HDI,297.9257871282989,17203.528,0.017317714548335604,G7,0.017163623689751883,0.8977757923912311
2020,HDI,300.0,17053.451999999997,0.017591746234134887,G7,0.016853639148624366,4.3795116235817
2021,HDI,300.78330406096245,17551.923,0.01713677208252124,G7,0.01654365460749685,3.585165969045412
2022,HDI,309.07434249091295,18104.61,0.01707158245833039,G7,0.016233670066369332,5.161570911170155
2015,I,13438805.563000001,30995.6326,433.57094002333736,G7,449.8912030475285,-3.627602165510002
2016,I,14653819.319,31841.3954,460.21284981122403,G7,448.6786048346612,2.570714282401143
2017,I,15036326.949000001,32435.5481,463.5755468858564,G7,447.4660066217939,3.6001707449653475
2018,I,15136543.458999999,34036.683300000004,444.7126450478798,G7,446.2534084089266,-0.3452664634070235
2019,I,14709438.640999999,33794.7537,435.258051340673,G7,445.0408101960593,-2.198171185936093
2020,I,9592574.081455104,25626.2402,374.32623773873405,G7,443.828211983192,-15.65965667975383
2021,I,7797520.660635083,28093.5015,277.55602699204593,G7,442.61561377032467,-37.291858136737346
2022,I,9401189.191899475,31343.0086,299.9453342810069,G7,441.40301555745737,-32.04728474675247
2023,I,12789197.637658283,29690.4237,430.75160418334764,G7,440.19041734459006,-2.1442568464305145
2024,I,134148.5141911043,3684.936,36.40457098606443,G7,438.97781913172275,-91.70696800624893
2025,I,72928.0,1891.4595,38.55646922389827,G7,437.76522091885545,-91.19243206598975
2015,I55,42159.9634786003,791.169694608912,53.28814256395482,G7,50.55711533325302,5.401865222530833
2016,I55,45453.5621881528,821.293482859964,55.34387297202373,G7,56.03112090869581,-1.2265468288452874
2017,I55,47872.6838671719,792.673673975198,60.39393692374574,G7,61.50512648413678,-1.8066616945786373
2018,I55,50868.67875353621,843.046050015023,60.33914606756029,G7,66.97913205957775,-9.913514534812439
2019,I55,34138.2786077811,436.77130781045,78.16053389339491,G7,72.45313763502054,7.877362450643788
2020,I55,16764.1676540701,353.80010049516,47.38316249941098,G7,77.92714321046151,-39.195560690013956
2021,I55,23549.7405448044,375.226815432387,62.761347473706564,G7,83.4011487859043,-24.747622320144924
2022,I55,10688.0,188.1,56.82083997873472,G7,88.87515436134527,-36.0666764665019
2015,I56,102539.3365213997,2965.769305391087,34.57427937331698,G7,32.55871185791875,6.190562833670632
2016,I56,107580.5378118472,3083.9325171400387,34.8842061925579,G7,34.55846561423414,0.9425782439530295
2017,I56,112507.3161328281,3295.611326024803,34.138526968996516,G7,36.55821937054998,-6.618737026078136
2018,I56,116484.2620646052,3390.32294998498,34.3578661334081,G7,38.55797312686536,-10.89296623460434
2019,I56,80585.42139221891,1797.32869218955,44.83621818447006,G7,40.5577268831812,10.549139781951379
2020,I56,50938.3323459299,1640.79989950484,31.04481683677702,G7,42.557480639497044,-27.052033225940708
2021,I56,57758.7594551956,1695.6731845676131,34.062436076043596,G7,44.55723439581243,-23.553522704172035
2022,I56,31249.0,868.4,35.984569322892675,G7,46.55698815212827,-22.708554072891197
2015,ICT,148077.08948050597,1291.5485684686728,114.65080996224081,G7,113.97579106528792,0.5922476085875372
2016,ICT,155318.43622673285,1347.0285765705103,115.30448494431232,G7,116.07619605626496,-0.6648314970440383
2017,ICT,163350.46986451987,1381.033996497437,118.28128074964664,G7,118.17660104724109,0.08857904312520315
2018,ICT,171997.4922877828,1437.1123478259037,119.68270438145252,G7,120.27700603821813,-0.49411078338346126
2019,ICT,179186.3626353518,1457.229458086233,122.96372519855295,G7,122.37741102919426,0.4791032629533287
2020,ICT,177986.88234861213,1507.1748647884187,118.09305377023946,G7,124.4778160201704,-5.129237043246604
2021,ICT,185133.1717213763,1512.5154766018286,122.40084454363095,G7,126.57822101114743,-3.300233195052249
2022,ICT,126628.66675842449,1013.9191412891164,124.89030101298448,G7,128.67862600212356,-2.9440203916045626
2015,ICT2,339.214699887816,2170.459,0.15628708023870344,G7,0.15651307492225897,-0.14439348512433892
2016,ICT2,335.5651625492371,2236.226,0.1500586982484047,G7,4.2479497149015515,-96.46750295273017
2017,ICT2,329.21371727903903,2307.6910000000003,0.14265935832788662,G7,8.339386354880844,-98.28933026655623
2018,ICT2,97193.7865670727,2363.728,41.11885401665196,G7,12.430822994860137,230.78142962580733
2019,ICT2,309.33015135270114,2396.559,0.12907262093388944,G7,16.52225963483943,-99.21879558978894
2020,ICT2,300.0,2477.082,0.1211102418087088,G7,20.61369627481872,-99.41247682999649
2021,ICT2,292.78852897205354,2505.5679999999998,0.11685515179474418,G7,24.705132914799833,-99.5270005136271
2022,ICT2,287.8844213497041,2617.898,0.10996777618902802,G7,28.796569554779126,-99.6181219572705
2015,ICT_MANUF,7112631.5386231365,577.459482971424,12317.109248987968,G7,12076.918925985723,1.9888377530251633
2016,ICT_MANUF,6780500.773196372,576.0180262186988,11771.334341231182,G7,11985.61939408962,-1.7878513059083612
2017,ICT_MANUF,6774663.436523427,586.3935632367974,11553.099933649311,G7,11894.319862193486,-2.8687636829807683
2018,ICT_MANUF,7224435.055676806,593.7458772439456,12167.554053951913,G7,11803.020330297382,3.0884783170185948
2019,ICT_MANUF,6404827.794653128,549.1812941342945,11662.501733147012,G7,11711.72079840125,-0.4202547695720038
2020,ICT_MANUF,6496955.598462558,554.4561808958105,11717.70794937431,G7,11620.421266505145,0.8372044406822265
2021,ICT_MANUF,7629205.144867548,547.9143276004584,13924.084041165646,G7,11529.121734609012,20.77315481340829
2022,ICT_MANUF,7352967.694094338,478.5973711563767,15363.577272328628,G7,11437.822202712909,34.32257470031821
2015,ICT_WHSL,13570.91659692692,157.2955340081372,86.27655376550533,G7,83.52939221562701,3.2888561463330745
2016,ICT_WHSL,15297.911937934,168.65166134591402,90.7071523390281,G7,92.62757208925541,-2.0732700932469705
2017,ICT_WHSL,16546.355541447658,164.69770085824052,100.46500622185081,G7,101.7257519628838,-1.239357504570715
2018,ICT_WHSL,17925.36283495261,165.7943802609431,108.11803636974882,G7,110.8239318365122,-2.4416165551273905
2019,ICT_WHSL,12246.09450985827,99.51157468154571,123.06201111828344,G7,119.9221117101406,2.6182822861993804
2020,ICT_WHSL,12002.85495934409,97.6951311172188,122.86031885194514,G7,129.02029158376536,-4.774421648102467
2021,ICT_WHSL,11768.722379638639,91.0258274979964,129.28992466338946,G7,138.11847145739375,-6.392010207503418
2022,ICT_WHSL,7173.96022689739,49.3008624611455,145.51388898219093,G7,147.21665133102215,-1.1566370607102638
2015,INFO,428.9695826243949,4975.289,0.08622003317282573,G7,0.0872692254348415,-1.2022477073537652
2016,INFO,429.01377870972425,5022.903,0.08541151973464832,G7,0.08473549767409505,0.7978026672520899
2017,INFO,425.6716293709954,5121.4400000000005,0.08311561384512858,G7,0.0822017699133486,1.1117083400312255
2018,INFO,416.55971523749616,5206.407,0.08000905715544254,G7,0.07966804215260304,0.4280449144040688
2019,INFO,407.4706982166253,5343.6939999999995,0.07625262565869702,G7,0.07713431439185658,-1.14305642062289
2020,INFO,400.0,5481.705,0.07296999747341384,G7,0.07460058663111013,-2.185759162671641
2021,INFO,392.59299335440164,5681.646,0.06909846079013048,G7,0.07206685887036368,-4.118950273069155
2022,INFO,386.6343378636702,5938.782,0.06510330533494414,G7,0.06953313110961723,-6.370813026799526
2023,INFO,194.6363520973483,3464.3,0.05618345758085278,G7,0.06699940334887078,-16.143346399218782
2015,J,28232644.684,18344.5403,1539.021650163673,G7,1546.1837092485948,-0.463208805142723
2016,J,28760885.96,18773.3022,1532.009960400041,G7,1521.8163067048445,0.6698347001727667
2017,J,28613636.766000003,19163.6408,1493.1211174653201,G7,1497.448904161094,-0.2890106422828831
2018,J,29086276.205000002,19655.487699999998,1479.804350262955,G7,1473.0815016173437,0.4563799517019351
2019,J,29193250.976999998,20226.914,1443.2874425134746,G7,1448.7140990736007,-0.3745843685511341
2020,J,29544655.581,20188.146,1463.465519864974,G7,1424.3466965298503,2.7464397137599628
2021,J,29918894.909,21481.533900000002,1392.7727437098893,G7,1399.9792939861,-0.5147612044812289
2022,J,29767818.292972863,22756.8154,1308.0836562471243,G7,1375.6118914423569,-4.908959832008131
2023,J,30263501.938363258,22838.0543,1325.1348622270007,G7,1351.2444888986065,-1.9322651737797458
2024,J,340490.41770283,3656.5768000000003,93.11726139673313,G7,1326.8770863548561,-92.9822240240397
2025,J,196683.0,2074.2337,94.82200583280465,G7,1302.5096838111058,-92.72005367704
2015,J58,272891.884,1426.662459481776,191.27992202102652,G7,189.26167414559313,1.0663795956284305
2016,J58,285201.351,1421.6363672893149,200.61483904200037,G7,204.53328558473004,-1.915798952491976
2017,J58,304610.138,1382.555002759985,220.32406478723007,G7,219.8048970238633,0.23619481203387416
2018,J58,327677.743,1378.4158874259379,237.7205210627015,G7,235.0765084630002,1.1247455634714854
2019,J58,352374.50999999995,1414.674968315752,249.08513820635497,G7,250.3481199021371,-0.5044901860161155
2020,J58,378056.88502150704,1326.176006356909,285.0729339162557,G7,265.6197313412704,7.323703881769106
2021,J58,433435.419652255,1444.072508612383,300.1479614543355,G7,280.8913427804073,6.855540111459568
2022,J58,443145.35171242,1495.1608664317941,296.38640340419533,G7,296.1629542195442,0.07544805367030172
2023,J58,460104.5699148498,1214.2146040449811,378.9318365815052,G7,311.4345656586811,21.673018465393532
2024,J58,16808.4407044126,169.581,99.11747604043259,G7,326.70617709781436,-69.66158493821275
2015,J581,17918.69657611724,215.0613603892763,83.31899576792004,G7,83.46028811013821,-0.16929290015355036
2016,J581,18384.10178646538,208.0196499999469,88.3767556885615,G7,88.03454445502393,0.3887238079733679
2017,J581,18837.26216467178,201.6352570651859,93.42246211723753,G7,92.60880079990966,0.8786004249054846
2018,J581,18787.17969134328,197.5637402347886,95.09427017840535,G7,97.18305714479538,-2.1493324327901075
2019,J581,9302.90548519315,90.4674506689118,102.83152024742527,G7,101.75731348968111,1.0556555798351575
2020,J581,8150.04729447034,85.7094082829738,95.08929600310108,G7,106.33156983456684,-10.572846661585778
2021,J581,9154.69395102232,90.51838563139941,101.13629277814583,G7,110.90582617945074,-8.808854987922231
2022,J581,5627.52760233007,57.2637289169812,98.27385866695214,G7,115.48008252433647,-14.899732907411334
2015,J582,7810.603423882756,69.6916396107232,112.07375041698641,G7,115.90839150784268,-3.308337766551439
2016,J582,8712.598213534582,72.74435000005293,119.77010191895648,G7,120.34423774236166,-0.47707795086484595
2017,J582,9229.437835328215,70.5947429348141,130.73831636231768,G7,124.78008397687881,4.774986676994786
2018,J582,9822.320308656723,73.10425976521168,134.3604372741477,G7,129.2159302113978,3.9813257191535723
2019,J582,8243.694514806855,64.93254933108821,126.95781391198149,G7,133.65177644591495,-5.008509959194085
2020,J582,9196.352705529656,70.19059171702618,131.01973470468536,G7,138.08762268043392,-5.11840803582031
2021,J582,9567.50604897768,73.38161436860062,130.38015218525277,G7,142.52346891495108,-8.520222544502243
2022,J582,9863.47239766993,83.3362710830188,118.35749631566827,G7,146.95931514947006,-19.462406180044667
2015,J58T60,504256.815,2818.02377673487,178.9398723896723,G7,179.56686999546946,-0.3491722085554927
2016,J58T60,533062.912,2878.67308152303,185.17660634043602,G7,186.50035114306775,-0.7097813996158386
2017,J58T60,557865.1699999999,2851.34785625132,195.64963593513554,G7,193.4338322906642,1.1455098718934131
2018,J58T60,579877.373,2864.7954485933496,202.41493098040456,G7,200.36731343826068,1.021931924427788
2019,J58T60,598978.6140000001,2922.01629172485,204.98811580767276,G7,207.30079458585715,-1.1156150090040118
2020,J58T60,607073.263572438,2552.74175325944,237.81225139491815,G7,214.23427573345543,11.00569718862252
2021,J58T60,685691.311542009,2900.00280321025,236.4450512885578,G7,221.1677568810519,6.907559502772509
2022,J58T60,722074.466722285,3107.57907733322,232.35916086226703,G7,228.10123802864837,1.866681158952721
2023,J58T60,696653.9621422753,2204.64664557894,315.9934783831692,G7,235.03471917624483,34.44544682192934
2024,J58T60,27320.7877360293,342.963,79.66103555202542,G7,241.96820032384312,-67.07789062967389
2015,J59_60,231366.03100000002,1129.836817253094,204.7782719300179,G7,209.31284077395185,-2.1664073867456057
2016,J59_60,247861.56199999998,1179.7805142337152,210.0912491854383,G7,208.57395879651403,0.7274591697252752
2017,J59_60,253256.132,1184.614353491335,213.7878299833149,G7,207.83507681907622,2.864171561098261
2018,J59_60,252199.63,1207.985161167411,208.77709272212527,G7,207.0961948416384,0.8116507798572536
2019,J59_60,246605.104,1222.385023409098,201.74094027448515,G7,206.3573128642006,-2.237077293574463
2020,J59_60,229017.278550931,994.914546902531,230.1878882602841,G7,205.61843088676278,11.949054016005057
2021,J59_60,252255.89188975398,1173.469794597867,214.96581595114586,G7,204.87954890932474,4.923022866613724
2022,J59_60,269824.315009865,1232.876310901426,218.85757121294762,G7,204.14066693188693,7.20919770776054
2023,J59_60,236549.39222742547,911.7475415339591,259.4461530759334,G7,203.4017849544491,27.55352817284036
2024,J59_60,10512.3470316167,173.381,60.63148229400396,G7,202.6629029770113,-70.0825945926169
2015,J61,434853.23899999994,1746.442723265133,248.9937020018626,G7,247.1413612939141,0.7495065569965931
2016,J61,451544.381,1732.4080184769691,260.6455154813767,G7,256.9741030002697,1.4287091338161861
2017,J61,447213.204,1727.336343748676,258.9033720146565,G7,266.80684470662527,-2.9622451030666963
2018,J61,457028.85899999994,1667.8489514066491,274.02293152179385,G7,276.63958641298086,-0.9458714586424888
2019,J61,479291.37,1644.400808275148,291.46870251343427,G7,286.47232811933645,1.744103672036501
2020,J61,466842.495749141,1545.64654674056,302.0370321621153,G7,296.30506982569204,1.9344800073097579
2021,J61,474972.354121064,1602.7627967897502,296.34600645361166,G7,306.1378115320513,-3.198495811228619
2022,J61,459177.20835354796,1583.5177226667802,289.9728887026626,G7,315.97055323840686,-8.227875752753588
2023,J61,402239.14340740413,1007.6368544210629,399.19058303848004,G7,325.80329494476246,22.52502943721297
2024,J61,41663.8012213403,239.546,173.92818590725915,G7,335.63603665111805,-48.179525761695416
2015,J62,102092.9778103369,1018.1807034712178,100.26999869696793,G7,90.11807912572476,11.265130892415165
2016,J62,111003.12079625949,1082.4368877693223,102.54927751493565,G7,102.68291371775922,-0.130144537182586
2017,J62,117998.5800566664,1123.4064355361525,105.03641097654106,G7,115.24774830979368,-8.860335653416717
2018,J62,125195.29147643529,1158.9099682835613,108.0284878918244,G7,127.81258290182814,-15.478988500842483
2019,J62,82854.5821142378,516.6961187251904,160.3545664686999,G7,140.37741749386623,14.231027562326082
2020,J62,82952.27902544581,547.6668500670208,151.46485315898616,G7,152.9422520859007,-0.965984812414522
2021,J62,90798.5778630516,570.0766529682124,159.27433160135843,G7,165.50708667793515,-3.7658538988757706
2022,J62,68067.0,609.4,111.69510994420742,G7,178.0719212699696,-37.27528228615575
2015,J62_63,677634.629,8960.9617,75.62074827303412,G7,75.33002798651796,0.3859288178788223
2016,J62_63,736678.666,9394.057,78.41965042366678,G7,77.80845480013068,0.785513123356707
2017,J62_63,788057.2930000001,9772.4046,80.64108326010162,G7,80.28688161374248,0.4411700133817531
2018,J62_63,809328.5865560552,10236.8342,79.06043711795735,G7,82.7653084273552,-4.476357763651285
2019,J62_63,936781.994,10682.579600000001,87.69248899395048,G7,85.243735240967,2.872649522057369
2020,J62_63,997639.821678421,10887.7348,91.6296952492286,G7,87.72216205457971,4.4544424158374785
2021,J62_63,1133631.2433369271,11586.279999999999,97.84255544807542,G7,90.20058886819152,8.472191452154455
2022,J62_63,1232366.717897027,12424.3575,99.18957321511611,G7,92.67901568180423,7.024845360534093
2023,J62_63,1142201.6328135796,9992.6293,114.30441363551628,G7,95.15744249541694,20.121359546859942
2024,J62_63,80238.8287454603,992.777,80.8226104608188,G7,97.63586930902875,-17.220370922282736
2015,J63,21978.72218966307,448.5532965287821,48.99913200894907,G7,51.2242913379946,-4.343953368457953
2016,J63,23009.87920374054,459.27511223067756,50.10042693579158,G7,49.33907471850489,1.543101936204616
2017,J63,23671.8199433336,487.958564463848,48.51194684807588,G7,47.453858099014724,2.229721231208237
2018,J63,25422.208523564637,507.7430317164388,50.069044645722045,G7,45.56864147952501,9.876096850987226
2019,J63,17494.41788576221,441.90388127481003,39.58874005653466,G7,43.6834248600353,-9.373543435800402
2020,J63,17201.82097455422,459.933149932979,37.40069829074258,G7,41.79820824054559,-10.520809706711987
2021,J63,18988.32213694841,470.22334703178797,40.38149585044905,G7,39.912991621055426,1.1738138645224216
2022,J63,11869.0,89.0,133.35955056179776,G7,38.027775001565715,250.68985907355074
2015,J631,18568.222482824858,408.9411542580644,45.40560980347624,G7,46.386462620472685,-2.1145238536976696
2016,J631,19070.64223634139,422.6007273985042,45.1268561550727,G7,44.98509076632172,0.31513860778318303
2017,J631,19546.53468384674,450.27462025520424,43.41025188754423,G7,43.5837189121703,-0.3980087724400949
2018,J631,21344.54253677229,463.7356073728113,46.0273962090057,G7,42.18234705801933,9.115303958069788
2019,J631,15933.06375811495,419.8603882360768,37.94848050575372,G7,40.78097520386791,-6.945627670633881
2020,J631,16007.93268849459,438.6954644081613,36.4898522716452,G7,39.379603349716945,-7.338192445487179
2021,J631,17848.89436202671,447.667223762918,39.87089832486682,G7,37.978231495565524,4.983557039832909
2022,J631,11207.5793989994,87.151872952792,128.59826208290747,G7,36.57685964141456,251.5836606631496
2015,K,24919532.294,19965.5057,1248.1292819945952,G7,1223.3419572122248,2.0261975514071606
2016,K,24274628.66,20309.3443,1195.2443319403471,G7,1219.781489454197,-2.0116027113044055
2017,K,24399091.187,20406.862699999998,1195.6316630189315,G7,1216.2210216961694,-1.6928961356483918
2018,K,24911703.751000002,20281.4251,1228.301444704692,G7,1212.6605539381417,1.2897995828887288
2019,K,24873805.318,20492.5345,1213.7983868222839,G7,1209.100086180114,0.38857830678129535
2020,K,25044543.900999997,20487.8792,1222.407827404605,G7,1205.5396184220863,1.3992247724382123
2021,K,26015421.197,20742.9643,1254.1804932383748,G7,1201.9791506640586,4.342949089048376
2022,K,28018635.703495547,20812.5721,1346.2360908047278,G7,1198.4186829060309,12.334371118135135
2023,K,31555956.136248346,20790.2552,1517.8243765015616,G7,1194.8582151480032,27.029664043742095
2024,K,351287.860549014,3192.3291,110.04124247372053,G7,1191.2977473899746,-90.76291021998398
2025,K,158878.0,1374.2077,115.61425539967503,G7,1187.7372796319469,-90.2660076952791
2015,K64,1177704.511,9429.027,124.90201915849853,G7,124.27245762538769,0.5065977974046509
2016,K64,1247630.531,9499.047,131.34270532612376,G7,131.24838031851505,0.07186755934038835
2017,K64,1291775.187,9442.986,136.79732099571044,G7,138.2243030116424,-1.0323669462176777
2018,K64,1354152.61,9322.719000000001,145.2529685813763,G7,145.20022570476794,0.036324238720952806
2019,K64,1427879.853,9343.143,152.82650099650618,G7,152.1761483978953,0.42736828698699547
2020,K64,1494381.086401,9262.292,161.34031257068986,G7,159.15207109102266,1.3749374825387628
2021,K64,1651956.21405744,9409.59,175.5609132871294,G7,166.12799378415002,5.678103544207946
2022,K64,1683701.8628479,9139.012999999999,184.23235231724698,G7,173.10391647727556,6.428760288293245
2023,K64,1598769.196677133,8235.374,194.13437649305703,G7,180.07983917040292,7.804614546192945
2024,K64,119160.625140427,1321.129,90.19605590402377,G7,187.05576186353028,-51.78119347650577
2015,K65,462087.677,5567.448,82.99811277985893,G7,82.9601021763931,0.04581793231765996
2016,K65,471367.51999999996,5603.903,84.11414687227811,G7,83.8639796049224,0.29830121171714463
2017,K65,474177.43,5669.469,83.63700903911813,G7,84.76785703345149,-1.334052828405352
2018,K65,499314.993,5737.216,87.03088623471733,G7,85.67173446198058,1.5864646388592973
2019,K65,510501.9,5931.99,86.05913024128498,G7,86.57561189050966,-0.5965671370337766
2020,K65,516089.344443265,6026.705,85.63374919516801,G7,87.47948931903875,-2.109911864184877
2021,K65,545556.555935422,5962.207,91.50245134652687,G7,88.38336674756806,3.5290402637265794
2022,K65,578218.000428491,6075.631,95.17003261529395,G7,89.28724417609715,6.588610157565666
2023,K65,552386.6850935231,5915.1630000000005,93.38486278290608,G7,90.19112160462623,3.541081562640236
2024,K65,35382.6486714097,276.68,127.8829285507073,G7,91.09499903315532,40.38413733794815
2015,K66,277442.10599999997,1066.129,260.23314814623745,G7,257.35852677874755,1.1169714885573834
2016,K66,292731.609,1091.336,268.23233999428226,G7,265.3931251401955,1.0698147710446415
2017,K66,301137.57,1138.612,264.4777764506258,G7,273.4277235016434,-3.2732405245526675
2018,K66,318937.248,1141.728,279.3460859329017,G7,281.46232186309135,-0.7518718371189337
2019,K66,341623.565,1158.638,294.8492669841659,G7,289.4969202245393,1.848844110491843
2020,K66,344273.470155732,1175.7740000000001,292.8058199583695,G7,297.5315185859872,-1.5883018545653549
2021,K66,380908.42700714304,1255.68,303.3483268086957,G7,305.56611694743333,-0.7257971403678787
2022,K66,390670.440219161,1167.265,334.6887298249849,G7,313.60071530888126,6.724479086513857
2023,K66,328544.2544776858,480.669,683.5145484266425,G7,321.6353136703292,112.51228312797564
2024,K66,44058.5867371776,252.493,174.49428988992804,G7,329.66991203177713,-47.06999834637369
2015,L,67944781.47,5949.3074,11420.620401964774,G7,11420.805303115281,-0.0016189852256487391
2016,L,68390161.752,6077.1565,11253.644982155718,G7,11224.386293520627,0.2606707206075143
2017,L,68993923.159,6253.6756000000005,11032.539513082513,G7,11027.967283925915,0.041460307587803946
2018,L,68979497.463,6425.4436000000005,10735.36735471462,G7,10831.54827433126,-0.8879701883854452
2019,L,69612417.946,6507.254,10697.66416771191,G7,10635.129264736548,0.5880032242082001
2020,L,69789830.157,6456.9559,10808.472481126904,G7,10438.710255141894,3.542221375508281
2021,L,69388973.822,6777.8451000000005,10237.615761091973,G7,10242.291245547181,-0.04564881375777041
2022,L,69429553.51579893,6828.9985,10166.871982150667,G7,10045.872235952527,1.2044722783264294
2023,L,69602589.03099808,7023.3837,9910.121958878322,G7,9849.453226357815,0.6159604104535754
2024,L,752120.579155074,964.6529,779.6800063059718,G7,9653.03421676316,-91.92295408057288
2025,L,392360.0,536.1018,731.8759235652632,G7,9456.615207168448,-92.26069891254033
2015,LDI,374.10285721411503,31450.7,0.01189489764024696,G7,0.011908143762347001,-0.11123582620765626
2016,LDI,378.6254714004049,31758.85,0.011921888588547914,G7,0.011887777689981852,0.28694091911567465
2017,LDI,382.5992324143521,32231.909,0.011870200812938263,G7,0.011867411617616709,0.023502979515876987
2018,LDI,388.5148250358475,32946.990000000005,0.011792118947310434,G7,0.011847045545251567,-0.46363118746638454
2019,LDI,394.2791365880738,33250.188,0.011857952099039976,G7,0.011826679472886417,0.2644243993020545
2020,LDI,400.0,32724.746,0.012223165918537612,G7,0.011806313400521275,3.5307593816536587
2021,LDI,404.9817470133694,32784.822,0.012352720628264183,G7,0.011785947328156132,4.808890489049222
2022,LDI,423.33280859579565,33280.489,0.012720149893103903,G7,0.011765581255790983,8.113229738166016
2023,LDI,332.8607352457482,27110.09011565683,0.012278112460183666,G7,0.01174521518342584,4.537143580901093
2015,LTN,113312262.421,67990.3936,1666.5922407750263,G7,1663.0290644072484,0.21425821376417353
2016,LTN,115403164.855,69796.2629,1653.4289954799285,G7,1652.4088928603014,0.061734273159319564
2017,LTN,116518644.58399999,71066.19320000001,1639.5790929181214,G7,1641.7887213133508,-0.13458664726736513
2018,LTN,117570172.863,72651.5505,1618.2747932268837,G7,1631.1685497664039,-0.7904613254937187
2019,LTN,119765091.59099999,73427.3838,1631.0684841668021,G7,1620.5483782194533,0.6491695088367333
2020,LTN,120458987.31899999,69586.2103,1731.075550740259,G7,1609.9282066725027,7.5250153122138785
2021,LTN,122199469.065,73992.3076,1651.5158538588407,G7,1599.3080351255558,3.264400452361027
2022,LTN,123674479.36014587,77310.3014,1599.7153952389826,G7,1588.6878635786052,0.6941282748605726
2023,LTN,126971571.33217639,77988.8051,1628.0743264288888,G7,1578.0676920316546,3.1688523027078697
2024,LTN,1463507.189503876,11171.535,131.0032318301716,G7,1567.4475204847076,-91.64225722915043
2025,LTN,885911.0,7513.191,117.91407938384636,G7,1556.827348937757,-92.42600154318328
2015,M,2035549.733,26783.7848,75.99933124462679,G7,75.22221542504622,1.0330935019521092
2016,M,2087441.472,27571.765,75.70938864450645,G7,76.85105964953209,-1.4855631272126413
2017,M,2189181.011,27854.252099999998,78.59414078470267,G7,78.47990387401796,0.14556199109021506
2018,M,2305544.033,28748.5703,80.19682401388843,G7,80.10874809850384,0.10994543976181603
2019,M,2402842.3619999997,29338.7938,81.89983468236515,G7,81.73759232298971,0.19849172793631187
2020,M,2399431.52334564,28546.8026,84.05254896552373,G7,83.36643654747559,0.8230079711484484
2021,M,2651079.6639064997,30215.125500000002,87.7401506707791,G7,84.99528077196146,3.22943800395461
2022,M,867174.0,11431.1422,75.86066071332749,G7,86.62412499644734,-12.42548110420888
2023,M,731896.899088181,8532.89280573758,85.77359586611098,G7,88.25296922093321,-2.8093936971291478
2024,M,422597.81283817696,5160.654500000001,81.88841412231277,G7,89.88181344541908,-8.893233254534106
2015,M69,106027.2830539133,971.940821678245,109.08820855043064,G7,106.77407530703385,2.1673175222940433
2016,M69,108926.1319972609,897.411410055224,121.37814471353548,G7,113.46097054414713,6.9778833473910895
2017,M69,113907.4461534876,1032.3893579014511,110.33380505299714,G7,120.1478657812604,-8.168318816524478
2018,M69,117445.6194993691,1035.1751671743061,113.45482699315296,G7,126.83476101837368,-10.549106505023854
2019,M69,64905.1444038501,443.085880787184,146.48434359618946,G7,133.52165625548696,9.708303285198205
2020,M69,66767.2975643992,447.488335307055,149.2045541669487,G7,140.20855149260024,6.416158343111644
2021,M69,67987.1495376957,461.53146809299005,147.30772274014814,G7,146.8954467297135,0.2806594891897607
2022,M69,37448.0,285.1,131.35040336723955,G7,153.5823419668286,-14.475582488767369
2015,M69T71,1502899.859,10076.9473796637,149.14237440923867,G7,148.0242191965899,0.7553866649103957
2016,M69T71,1544030.8599999999,10390.29827015258,148.6031314842443,G7,151.0152770936238,-1.5972858215424601
2017,M69T71,1628930.206,10489.561731141679,155.29058770529852,G7,154.00633499065862,0.8338960307819887
2018,M69T71,1710623.2930000003,10882.33267580998,157.19270343595497,G7,156.9973928876925,0.12440368892123743
2019,M69T71,1779034.519,11132.68135200104,159.80287791855537,G7,159.98845078472732,-0.1159914139187812
2020,M69T71,1757585.8289723801,10817.15376332791,162.48135761284186,G7,162.97950868176122,-0.30565257739981755
2021,M69T71,1921846.13818308,11367.70905002191,169.06186899456014,G7,165.97056657879602,1.8625606211306822
2022,M69T71,2166054.4062514785,11892.80312489696,182.13152807658585,G7,168.96162447582992,7.794612321947625
2023,M69T71,1896442.5440603,7220.834026220909,262.6348337565683,G7,171.95268237286473,52.73668903115281
2024,M69T71,107871.021744614,1228.373,87.81617777711982,G7,174.94374026989954,-49.80318950444362
2015,M69_70,1168962.185,5896.49504201403,198.2469546180988,G7,196.82689808433315,0.7214748327524001
2016,M69_70,1210931.4989999998,6081.36684311089,199.12160049541666,G7,201.1583412853215,-1.0125062559627862
2017,M69_70,1275248.276,6208.4682175553,205.40465559508863,G7,205.48978448630987,-0.04142731057606985
2018,M69_70,1340838.1060000001,6372.15409348568,210.42148170439773,G7,209.82122768729823,0.28607878417052923
2019,M69_70,1395060.626,6511.23959549929,214.25423001855071,G7,214.1526708882866,0.047423704706961445
2020,M69_70,1388211.31421757,6466.0713063856,214.69161851751235,G7,218.48411408927495,-1.7358221157502296
2021,M69_70,1530601.52257031,6666.4017348385205,229.59935261198078,G7,222.8155572902633,3.0445788454888545
2022,M69_70,1673794.9852952452,6722.036753320101,249.00116537871298,G7,227.14700049125167,9.62115495260656
2023,M69_70,1513561.0477580843,4746.9622861648,318.84834058391715,G7,231.47844369224003,37.744290784950564
2024,M69_70,69276.5002750221,723.75,95.71882594130861,G7,235.8098868932284,-59.4084763779863
2015,M70,78869.9169460867,933.091178321755,84.52541271255082,G7,71.33456052805923,18.491530734675244
2016,M70,83511.4680027391,1109.919589944776,75.24100732999425,G7,81.42573776812787,-7.595547314223405
2017,M70,85733.8538465124,1030.206642098549,83.22005541710645,G7,91.51691500819288,-9.065930151102307
2018,M70,90700.4805006309,1079.862832825694,83.99259400686431,G7,101.60809224825789,-17.336707984196607
2019,M70,71443.0555961499,547.014119212816,130.60550557444563,G7,111.6992694883229,16.926015875241873
2020,M70,68365.4024356008,561.711664692945,121.70906664894022,G7,121.79044672839154,-0.06681975609532653
2021,M70,77047.5504623043,592.66853190701,130.0010820793723,G7,131.88162396845655,-1.425931704885608
2022,M70,60801.0,470.3,129.28130980225387,G7,141.97280120852156,-8.939382260710026
2015,M71,333938.675,2394.517637649672,139.45968480222848,G7,137.94829720955568,1.095618882759286
2016,M71,333099.36100000003,2446.205327041692,136.16982896641483,G7,139.51403933364145,-2.3970421781202234
2017,M71,353683.03,2470.56011358638,143.15904642634956,G7,141.07978145772677,1.4738220793500734
2018,M71,366773.187,2574.315282324304,142.4740743755547,G7,142.64552358181254,-0.12019248971351093
2019,M71,383973.893,2663.964356501754,144.136272718087,G7,144.2112657058983,-0.05200217018013209
2020,M71,369375.51475480804,2622.9617569423062,140.82382778824964,G7,145.7770078299841,-3.3977786452519365
2021,M71,391243.61561276997,2679.038915183391,146.03879525430028,G7,147.34274995406986,-0.8849805641445219
2022,M71,420086.8072795147,2686.614171576858,156.36290901903214,G7,148.90849207815563,5.006038834215043
2023,M71,382683.80384170456,1809.885440056107,211.44089861833535,G7,150.47423420224095,40.516348024176516
2024,M71,38594.5214695919,504.624,76.48173980942622,G7,152.03997632632672,-49.69629589702659
2015,M72,210570.563,1260.133620336301,167.10177365460936,G7,163.5290017955549,2.1847940241946473
2016,M72,210303.33000000002,1273.014329847424,165.20107045865362,G7,165.15099748757802,0.03031950871466016
2017,M72,215796.902,1299.427668858325,166.07073034669088,G7,166.77299317960114,-0.4210890621564767
2018,M72,232698.13799999998,1497.816824190017,155.35820818799888,G7,168.39498887162426,-7.741786600053735
2019,M72,247125.065,1371.901947998959,180.13318325005216,G7,170.01698456364738,5.950110638868367
2020,M72,269195.729406427,1370.755736672095,196.38490082848554,G7,171.6389802556705,14.417424605968844
2021,M72,301289.712151225,1436.6921499780851,209.71069700340522,G7,173.26097594769362,21.037467240583663
2022,M72,327141.4851667849,1502.717175103038,217.6999708174318,G7,174.88297163971674,24.48322942837684
2023,M72,254055.6255269202,852.2312737790869,298.10643348060916,G7,176.50496733173986,68.89407589324111
2024,M72,12438.082257024,151.224,82.24939333058245,G7,178.12696302376298,-53.8254108561824
2015,M73,133250.764,3140.6589617855097,42.427645160251664,G7,42.54720888081147,-0.2810142514747316
2016,M73,137694.712,3131.5398244672197,43.970289288409894,G7,43.99345252822059,-0.052651561720085116
2017,M73,142323.73,3145.9283371647502,45.24061413562537,G7,45.43969617562925,-0.4381236160435731
2018,M73,151202.511,3161.12623130382,47.83184850471342,G7,46.88593982303837,2.017467678466489
2019,M73,152492.432,3195.02523239121,47.728083789144954,G7,48.33218347044749,-1.2498911448350136
2020,M73,150055.947489118,3161.16754898157,47.468520780387415,G7,49.77842711785661,-4.640376305985328
2021,M73,171995.573511009,3077.2309885842997,55.892968109662995,G7,51.22467076526527,9.113376962030628
2022,M73,173933.2755905512,3436.44737961595,50.61427002266207,G7,52.67091441267439,-3.9047060658537247
2023,M73,156121.80264607776,3197.21241526852,48.83060065090038,G7,54.11715806008351,-9.768726959597062
2024,M73,8539.30706740621,109.805,77.76792557175182,G7,55.56340170749263,39.96249902256244
2015,M73T75,322080.311,12359.7039,26.05890186414579,G7,25.951688000807167,0.4131286694541325
2016,M73T75,333107.181,12686.4523,26.256921408989964,G7,26.38388853077447,-0.4812297536673227
2017,M73T75,344453.904,12890.2628,26.722023386520867,G7,26.816089060741888,-0.3507807346848746
2018,M73T75,364780.603,13318.7668,27.388466851150213,G7,27.248289590709305,0.5144442552045714
2019,M73T75,376682.778,13621.2115,27.654131792902565,G7,27.680490120676723,-0.09522348650347068
2020,M73T75,372648.864966837,13307.8931,28.002093356673942,G7,28.112690650644026,-0.3934070037780235
2021,M73T75,427943.813572192,14213.7234,30.107791007962906,G7,28.544891180611444,5.4752348413681595
2022,M73T75,129489.8,1728.6229,74.9092239840164,G7,28.97709171057886,158.51187804561073
2023,M73T75,59496.576095819,730.5362,81.44233796466075,G7,29.409292240546165,176.92722864094424
2024,M73T75,23738.7088365385,292.184,81.24575211694855,G7,29.841492770513582,172.2576673417209
2015,M74,24705.7333010649,258.5666733666412,95.54879203644614,G7,79.31232596988048,20.471554538359648
2016,M74,25537.66008847317,298.7935069214813,85.4692605324389,G7,91.99715124694558,-7.095753103249935
2017,M74,27167.5244515999,288.378529671673,94.2078610447556,G7,104.68197652401432,-10.005653147804217
2018,M74,27405.869791424047,294.8362804584577,92.95284063687517,G7,117.36680180107942,-20.801419813400525
2019,M74,19105.7650934876,123.0794705556895,155.23112836955906,G7,130.05162707814452,19.36115822394506
2020,M74,17468.280567714603,121.9069876238677,143.29187283022122,G7,142.73645235520962,0.3891230767242293
2021,M74,19437.8097777461,125.8092071909327,154.50228335233496,G7,155.42127763227836,-0.5912924497492034
2022,M74,5930.0,51.9,114.25818882466281,G7,168.10610290934346,-32.0320994614454
2015,M74_75,188829.547,3753.11203821449,50.31279244459592,G7,49.81283730984978,1.003667250745588
2016,M74_75,195411.56900000002,3936.72517553278,49.638102810555935,G7,50.18729036239654,-1.094276156124363
2017,M74_75,202130.074,4013.97466283525,50.35658941036426,G7,50.56174341494318,-0.4057494673300521
2018,M74_75,214033.091,4197.20076869618,50.99424659318532,G7,50.93619646748982,0.11396635344091965
2019,M74_75,224189.346,4352.60076760879,51.50698581601455,G7,51.31064952003646,0.3826423906433174
2020,M74_75,222593.017477719,4562.1504510184295,48.79124874718425,G7,51.685102572583105,-5.599009543097877
2021,M74_75,255948.240061183,4707.3130114157,54.37247097027182,G7,52.05955562512986,4.442825754788982
2022,M74_75,56550.0,647.7909999999999,87.29667439035121,G7,52.4340086776765,66.48865229241439
2023,M74_75,35255.875811945996,341.116,103.35450641994511,G7,52.808461730223144,95.71580582661366
2024,M74_75,15199.4017691323,182.379,83.33964858416978,G7,53.182914782769785,56.7038003174098
2015,M75,5483.766698935138,70.34932663335876,77.95052150982218,G7,68.26858695976989,14.182122380470208
2016,M75,5916.939911526876,63.01349307851857,93.89957011515004,G7,85.57925728572445,9.722347556308497
2017,M75,6393.475548400081,76.80347032832665,83.24461799797136,G7,102.88992761167901,-19.093520687323064
2018,M75,7017.030208575993,73.244719541542,95.80254047660274,G7,120.20059793763357,-20.297783771167122
2019,M75,2898.234906512361,17.72052944431046,163.55238795886532,G7,137.51126826358814,18.937444199380327
2020,M75,2931.01943228538,19.09301237613235,153.5126764988309,G7,154.8219385895427,-0.8456566960983847
2021,M75,3135.190222253928,21.49079280906733,145.88527515518822,G7,172.13260891548998,-15.248321585126334
2022,M75,2288.0,20.0,114.4,G7,189.44327924144454,-39.61253180473203
2015,MED,43993.93259924161,313.74112186390374,140.22367338357873,G7,140.74336288507675,-0.36924618741870363
2016,MED,46191.715620883835,318.8931259039937,144.8501452953563,G7,142.51234084060752,1.6404224651417998
2017,MED,46445.31158293421,323.1836524458913,143.71182215260802,G7,144.28131879613875,-0.3947126684746949
2018,MED,46962.347259633236,330.128767791063,142.25463468047562,G7,146.05029675166998,-2.5988732345050503
2019,MED,32323.66448940253,214.96612285640538,150.36631846867482,G7,147.8192747072012,1.7230795960261336
2020,MED,31690.576247754558,220.3050709257992,143.84860100849988,G7,149.58825266273243,-3.836966842024281
2021,MED,33777.6655917665,219.76971127247634,153.69572720550215,G7,151.35723061826366,1.545018085813421
2022,MED,17624.34193074685,92.75469484841284,190.0102410939949,G7,153.12620857379443,24.087341326958644
2015,MHDI,270.5571460194064,19366.681,0.013970238164164855,G7,0.013961840077172383,0.06015028782777598
2016,MHDI,273.6235696525436,19397.851,0.014105870266378663,G7,2.5786052610455954,-99.45296511724874
2017,MHDI,277.6263058035552,19540.91,0.014207439970991895,G7,5.143248682014018,-99.72376525325957
2018,MHDI,504935.0141821133,19678.334000000003,25.659439167061258,G7,7.707892102981532,232.89826614381107
2019,MHDI,287.48978726333365,19798.625,0.014520694606990821,G7,10.272535523949955,-99.85864546709878
2020,MHDI,300.0,19642.938000000002,0.015272664404886884,G7,12.837178944917468,-99.8810278763705
2021,MHDI,300.34271176618796,19769.672,0.01519209381754983,G7,15.401822365885891,-99.90136171255163
2022,MHDI,313.4688683016378,20041.619,0.015640895493604475,G7,17.966465786854315,-99.91294394969405
2015,MLDI,100008547.85945117,30377.842346218727,3292.154417013745,G7,3310.2578240907383,-0.5468881289319549
2016,MLDI,103276377.78462175,30788.25003704806,3354.408830003245,G7,3311.8411866458146,1.2853165643652797
2017,MLDI,103661816.73336095,31060.05570989424,3337.4639666322064,G7,3313.424549200891,0.7255157639582732
2018,MLDI,105512842.50707158,32853.26185214311,3211.6397751290165,G7,3315.007911755967,-3.118186724694616
2019,MLDI,106571503.11013919,31609.93671108339,3371.4557572262406,G7,3316.5912743110434,1.6542431182327233
2020,MLDI,106380490.39156511,31903.038952438277,3334.4939505656307,G7,3318.1746368661197,0.4918159978138936
2021,MLDI,109513662.72796942,32321.65606678619,3388.2441698433245,G7,3319.757999421196,2.0629868331989654
2022,MLDI,105529717.5397094,32548.68382557104,3242.211516301089,G7,3321.3413619762723,-2.3824665113043153
2023,MLDI,110.31825388172943,4980.1,0.02215181500004607,G7,3322.9247245313486,-99.99933336392375
2015,M_N,45367480.951,62041.0865,731.2489756445513,G7,730.6407083220245,0.08325122260484097
2016,M_N,47013003.103,63719.1067,737.8164186190639,G7,731.5514352339285,0.8563968414786904
2017,M_N,47524721.425,64812.5177,733.2645469040311,G7,732.4621621458325,0.10954624001981994
2018,M_N,48590675.4,68385.54980000001,710.5401000958245,G7,733.3728890577365,-3.1133941958569555
2019,M_N,50152673.645,66920.1299,749.4407694656911,G7,734.2836159696408,2.0642096822540257
2020,M_N,50669157.162,63129.254199999996,802.6256258544554,G7,735.1943428815448,9.171899053061017
2021,M_N,52810495.243,67214.46280000001,785.7013660905134,G7,736.1050697934488,6.737665359509237
2022,M_N,51225522.2,35301.3032,1451.0943663972157,G7,737.0157967053528,96.88782423442954
2023,M_N,53882103.847236164,35616.422,1512.844379686319,G7,737.9265236172569,105.01287476027782
2024,M_N,711386.6103488021,10206.882300000001,69.69675846549165,G7,738.8372505291609,-90.56669673658519
2025,M_N,493551.0,6977.0894,70.73880979653207,G7,739.7479774410649,-90.43744464956409
2015,N,1116231.218,24929.9151,44.774770131487536,G7,44.27033479903184,1.1394432292992862
2016,N,1165961.632,25524.1102,45.68079446702906,G7,45.75892874178635,-0.1707519754192588
2017,N,1229140.514,26038.6646,47.20443743493666,G7,47.247522684540854,-0.09119049456172146
2018,N,1298730.366,27609.681,47.03894862095654,G7,48.736116627294905,-3.4823620013003986
2019,N,1358432.283,26357.538399999998,51.538662768295545,G7,50.22471057004941,2.6161468793603815
2020,N,1261825.63865436,23668.6057,53.31220835937793,G7,51.713304512803916,3.091861681703456
2021,N,1423515.579093505,25678.915699999998,55.43519032205496,G7,53.201898455557966,4.197767243893691
2022,N,578547.2,12384.8568,46.71408069893872,G7,54.69049239831247,-14.584640491589118
2023,N,503142.9481479855,9700.75439426242,51.86637324263904,G7,56.17908634106698,-7.676723455851819
2024,N,288788.7975106245,5046.227800000001,57.228648597795065,G7,57.66768028382103,-0.7613132414295065
2015,N77,303448.306,1572.123,193.0181709700831,G7,197.0002493057582,-2.021357003205926
2016,N77,322068.66500000004,1557.391,206.80013240091924,G7,202.5666052512115,2.0899432778949567
2017,N77,330452.79000000004,1575.524,209.74151456912116,G7,208.13296119666484,0.7728489342619715
2018,N77,351731.944,1645.838,213.70994229079656,G7,213.69931714211816,0.004972008717896159
2019,N77,370597.465,1704.719,217.39504575240846,G7,219.26567308756967,-0.8531327812603462
2020,N77,361287.117113556,1410.3380000000002,256.17058968386016,G7,224.832029033023,13.93865490856474
2021,N77,406857.946611017,1437.5320000000002,283.02531464413795,G7,230.39838497847632,22.841709446261092
2022,N77,419823.55905511806,1510.281,277.9771175397943,G7,235.96474092392782,17.804514543726157
2023,N77,379248.6092381121,1276.945,296.9968238554614,G7,241.53109686938114,22.964217736350466
2024,N77,19572.7097611166,149.744,130.70780639702826,G7,247.09745281483447,-47.10273015441573
2015,N78,328290.162,3022.673,108.60922170542432,G7,104.78063098116854,3.6539107356051925
2016,N78,338558.04799999995,3189.603,106.14425933258777,G7,107.21168375589968,-0.9956232249296981
2017,N78,364679.38,3457.208,105.483783446064,G7,109.64273653063083,-3.793186139060789
2018,N78,382853.731,3535.788,108.27960584740941,G7,112.07378930536197,-3.3854333662393876
2019,N78,398614.085,3330.198,119.69681232166977,G7,114.50484208009311,4.534280076946451
2020,N78,365931.37486306496,3022.857,121.05480836938862,G7,116.93589485482516,3.522368832664302
2021,N78,434499.18454602,3359.457,129.3361351391073,G7,119.36694762955631,8.351715200500397
2022,N78,461837.8428351309,3162.373,146.0415462803189,G7,121.79800040428745,19.90471583733655
2023,N78,381187.14577768167,1162.349,327.94551875356,G7,124.22905317901859,163.98455945806697
2024,N78,13904.6880373699,309.484,44.928616785907835,G7,126.66010595374973,-64.52820211415768
2015,N79,43064.121,527.262017953456,81.6749918136555,G7,81.47114581362621,0.2502063742856997
2016,N79,44213.881,536.5387127904551,82.4057611240211,G7,84.87409547625248,-2.9082305247329687
2017,N79,48252.793000000005,539.20390888939,89.48895251777259,G7,88.27704513887784,1.3728454288294056
2018,N79,51996.445,542.501032784877,95.84579910029154,G7,91.6799948015032,4.543853114092933
2019,N79,50517.935,549.288769983787,91.96972113864825,G7,95.08294446412856,-3.2742184658099416
2020,N79,14571.775992109579,434.373874944051,33.54662154575129,G7,98.48589412675483,-65.93763823418651
2021,N79,26293.3532778089,365.78905091802403,71.8811927580124,G7,101.88884378938019,-29.45136083141564
2022,N79,19362.0,214.636,90.20853910807134,G7,105.29179345200555,-14.325194632390337
2023,N79,8143.1342630094605,126.13,64.56143869824356,G7,108.69474311463182,-40.60297963981968
2024,N79,2802.22070877116,55.541,50.45319149405233,G7,112.09769277725718,-54.991766338755134
2015,N80T82,441692.828,10287.561610428169,42.93464717161647,G7,42.52406747192208,0.9655231122128294
2016,N80T82,461121.037,10541.064903077251,43.745204231252295,G7,44.11262308809819,-0.8329109246396738
2017,N80T82,485753.552,10697.374219658881,45.40867151373618,G7,45.7011787042743,-0.6400429897681414
2018,N80T82,513304.147,10844.14380329074,47.33468647328651,G7,47.28973432045086,0.09505689444360144
2019,N80T82,538702.798,10975.41439577647,49.08268413148046,G7,48.87828993662697,0.41816969275827454
2020,N80T82,520037.370685629,10857.263796079129,47.89764534167711,G7,50.46684555280308,-5.09086744571311
2021,N80T82,555866.0946586591,10928.15783662934,50.865489222299644,G7,52.05540116897919,-2.285856837058886
2022,N80T82,238014.0,5126.423,46.42886472692558,G7,53.64395678515575,-13.449962475972155
2023,N80T82,149179.1633436614,2906.751,51.321617621757554,G7,55.23251240133186,-7.080783780315592
2024,N80T82,50912.1790033668,987.236,51.57042389394917,G7,56.82106801750797,-9.240664258441866
2015,O,28583883.591,36153.9924,790.6148586511291,G7,790.2026779069693,0.0521613955107858
2016,O,28949001.014,36315.0584,797.162452422216,G7,797.1041065637091,0.0073197287564275015
2017,O,29321617.878,36550.8992,802.2133112938573,G7,804.0055352204508,-0.22291188904590697
2018,O,29879018.906,36766.5907,812.6676511782204,G7,810.9069638771925,0.21712568512290975
2019,O,30335743.138,37113.8717,817.3694025568342,G7,817.8083925339342,-0.05367883004231411
2020,O,30439255.04490841,36935.7047,824.1146417035441,G7,824.7098211906759,-0.07216835204806316
2021,O,30944697.99367374,37317.793399999995,829.2210008771244,G7,831.6112498474176,-0.2874238378487326
2022,O,31620005.33712532,37543.239799999996,842.2290006289048,G7,838.5126785041593,0.44320404688156234
2023,O,32166593.938092686,36953.37462477878,870.4643152272118,G7,845.4141071608992,2.9630695601280177
2024,O,454695.346899638,6399.9623,71.046566461749,G7,852.3155358176409,-91.66428822705986
2015,OTQ,90876781.009,132426.5237,686.243046105121,G7,688.012337078781,-0.2571597743686094
2016,OTQ,93534265.028,134848.6684,693.6239425854056,G7,689.3089984126259,0.6259811177159236
2017,OTQ,93969582.089,136500.1642,688.4210186832875,G7,690.6056597464708,-0.3163369764425772
2018,OTQ,95788964.61,138743.36430000002,690.4039345829816,G7,691.9023210803157,-0.21656040913325958
2019,OTQ,97523936.736,140456.3304,694.3363567755576,G7,693.198982414161,0.16407617296776422
2020,OTQ,97899072.207,137884.1649,710.0095379190276,G7,694.4956437480059,2.2338360666018575
2021,OTQ,99973422.962,141022.9609,708.9159263426017,G7,695.7923050818508,1.886140614792664
2022,OTQ,101266271.47463974,143139.2963,707.4666013615141,G7,697.0889664156957,1.4887102573403643
2023,OTQ,103981647.60842982,147152.5593,706.6247988011027,G7,698.3856277495406,1.1797452187141566
2024,OTQ,1360063.0806685071,23647.3476,57.51440303894831,G7,699.6822890833855,-91.77992584115646
2025,OTQ,827319.0,15282.8514,54.133811704797445,G7,700.9789504172304,-92.2773983908395
2015,OTU,114257039.279,160891.86,710.1480415416914,G7,710.9022984853054,-0.10609853776265554
2016,OTU,116512900.171,163387.0923,713.1095763493186,G7,710.4340732191981,0.3766011838363781
2017,OTU,117300422.432,165173.6093,710.164432012566,G7,709.9658479530909,0.02797093128459327
2018,OTU,118907677.93800001,168881.12829999998,704.0909729521272,G7,709.4976226869837,-0.7620391615098865
2019,OTU,121026738.176,169905.9144,712.316216909751,G7,709.0293974208765,0.46356603842243604
2020,OTU,118840877.639,164015.2216,724.5722468907728,G7,708.5611721547693,2.2596601909914193
2021,OTU,121695324.341,168089.0181,723.9933085253713,G7,708.092946888662,2.245518996704443
2022,OTU,123696707.1464155,171625.3524,720.7367991770865,G7,707.6247216225548,1.85297052998179
2023,OTU,127198673.09167837,176271.6099,721.6061234355265,G7,707.1564963564476,2.043342195614284
2024,OTU,1553834.272625763,27646.253,56.20415441563683,G7,706.6882710903404,-92.0468250691468
2025,OTU,966502.0,17946.506,53.85460545913505,G7,706.2200458242332,-92.37424570747194
2015,P,20308109.411000002,32940.7587,616.5039972500695,G7,615.0635024840153,0.2342026083870241
2016,P,20496089.413000003,33460.9166,612.538193678771,G7,613.4360202773601,-0.14636026723424678
2017,P,20619709.525000002,33794.5564,610.1488441197589,G7,611.8085380707048,-0.2712766899559127
2018,P,20794626.614,34065.4299,610.4319444974918,G7,610.18105586405,0.04111708009133519
2019,P,20945269.692,34369.202900000004,609.4197108074334,G7,608.5535736573947,0.142327181620705
2020,P,20837226.20937163,32942.3009,632.5370614707617,G7,606.9260914507395,4.2197839870097065
2021,P,20931376.557099577,33813.7051,619.020497611768,G7,605.2986092440847,2.2669618198560837
2022,P,21184738.481302682,34317.8723,617.3092054224667,G7,603.6711270374294,2.2591901076944643
2023,P,21711767.687246405,31729.666096470988,684.2734373955865,G7,602.0436448307742,13.6584437475336
2024,P,341806.806597356,5612.6426,60.899442732618674,G7,600.4161626241189,-89.8571280182636
2015,Q,41984789.007,63331.7736,662.9340474841841,G7,667.7960990189426,-0.7280742642703841
2016,Q,44089174.602000006,65071.884300000005,677.5456877618035,G7,667.9796859533557,1.4320797487718417
2017,Q,44028254.686,66153.7536,665.5443159313033,G7,668.1632728877687,-0.3919636206800692
2018,Q,45115318.089999996,67910.4967,664.3349744488027,G7,668.3468598221817,-0.6002699518101173
2019,Q,46242924.905,68972.2108,670.4573388127498,G7,668.5304467565948,0.2882280179614005
2020,Q,46622591.852719955,68004.7954,685.5780034112117,G7,668.7140336910078,2.5218507270024393
2021,Q,48097348.41122668,69886.4614,688.2212584199704,G7,668.8976206254208,2.8888782376713884
2022,Q,48461526.75621174,71177.70120000001,680.8526538394547,G7,669.081207559834,1.7593449265376426
2023,Q,49616733.98309074,68575.53057875023,723.5340880973902,G7,669.2647944942469,8.108792521225293
2024,Q,563560.927171513,11634.742699999999,48.43776452155775,G7,669.44838142866,-92.76452585960587
2015,Q86,1622077.24,31090.3786,52.172965175792356,G7,52.1493183848238,0.04534439126138157
2016,Q86,1692879.345,31889.5445,53.08571732656765,G7,53.04029798454599,0.08563176254192673
2017,Q86,1753829.7259999998,32452.7438,54.0425714635568,G7,53.931277584267946,0.2063624009554621
2018,Q86,1815599.84,33394.1347,54.3688242354727,G7,54.822257183989905,-0.8270964601027497
2019,Q86,1899262.148,33923.6888,55.98630971995003,G7,55.71323678371209,0.49014013904460363
2020,Q86,1915846.8563818,33437.0083,57.29719714134234,G7,56.60421638343405,1.2242564285566138
2021,Q86,2075902.11240696,34967.5294,59.36656515421304,G7,57.49519598315601,3.25482701477402
2022,Q86,2190188.9849891798,35535.0781,61.63456229998211,G7,58.386175582878195,5.563623040342636
2023,Q86,1996714.7939625531,30251.6771,66.00344130879782,G7,59.277155182600154,11.347181060693101
2024,Q86,169610.802388279,2543.709,66.67854003279425,G7,60.16813478232211,10.820354119378383
2015,Q87_88,465611.66599999997,19763.1094,23.55963611677421,G7,23.552964341875168,0.028326688743729456
2016,Q87_88,488595.257,20311.4273,24.055190695535217,G7,24.04494746569526,0.04260034194116802
2017,Q87_88,508724.96,20667.016799999998,24.615306840027348,G7,24.53693058951535,0.3194215764928954
2018,Q87_88,530418.249,21375.1244,24.814744423195027,G7,25.02891371333544,-0.8556875164194788
2019,Q87_88,559563.757,21824.0511,25.639774872044722,G7,25.520896837155533,0.46580665110529385
2020,Q87_88,575344.996338159,21233.012600000002,27.0967199604148,G7,26.012879960975624,4.166551343277436
2021,Q87_88,598546.298819716,21726.4478,27.549201983202977,G7,26.504863084795716,3.9401784309021304
2022,Q87_88,658337.7712225621,22087.555500000002,29.805823067317792,G7,26.996846208615807,10.404833353480836
2023,Q87_88,564755.5891281877,18477.5762,30.564376139776805,G7,27.4888293324359,11.18835134863987
2024,Q87_88,59171.1247832338,1480.652,39.96288444768507,G7,27.98081245625599,42.822459176842486
2015,R,293951.944,5358.2986,54.85919429723457,G7,55.055984241192164,-0.3574360656154685
2016,R,309680.56200000003,5466.8544,56.646937953935634,G7,56.399784640098005,0.43821676876034665
2017,R,324980.275,5604.7107,57.98341652139156,G7,57.74358503900385,0.41533874667760706
2018,R,340266.832,5801.3125,58.653422307451976,G7,59.08738543790969,-0.734442939455715
2019,R,354707.093,5855.672500000001,60.57495411500557,G7,60.43118583681553,0.23790411556421365
2020,R,256567.05938731,4509.5909,56.89364403039531,G7,61.77498623572137,-7.901810267832044
2021,R,312618.786303494,5028.8915,62.16455183085458,G7,63.11878663462721,-1.5118079016575026
2022,R,383315.381053018,5701.0036,67.23647412764622,G7,64.4625870335326,4.303096139580442
2023,R,398839.7971817727,5260.81632021808,75.8132907337923,G7,65.80638743243844,15.206583573103249
2024,R,67312.1312182948,1074.8295,62.625868771088626,G7,67.15018783134428,-6.737611920936137
2015,R90T92,164579.20500000002,1720.926000000001,95.63409757305074,G7,97.3340107040276,-1.7464739392543338
2016,R90T92,171719.294,1677.357,102.37492316781699,G7,100.64955148628542,1.7142368307191846
2017,R90T92,178852.272,1696.007999999999,105.45485162805842,G7,103.96509226854232,1.432941891368733
2018,R90T92,188014.613,1774.984479867166,105.92465181107973,G7,107.28063305080013,-1.2639571571863462
2019,R90T92,196104.305,1775.713,110.4369371627059,G7,110.59617383305704,-0.1439802705937132
2020,R90T92,141438.5969193718,1483.027633390704,95.37151819349126,G7,113.91171461531485,-16.27593481885046
2021,R90T92,165562.803472884,1485.202564013841,111.47489742102348,G7,117.22725539757175,-4.907014121450992
2022,R90T92,195468.240994525,1596.748319148935,122.41643761285394,G7,120.54279617982866,1.5543371254057803
2023,R90T92,186557.2892107816,1186.466846275752,157.2376757061301,G7,123.85833696208647,26.949609984074918
2024,R90T92,15250.6966326607,203.367,74.99100951806685,G7,127.17387774434337,-41.032694097115865
2015,R93,129372.739,2633.71,49.12186193620406,G7,49.15478349236105,-0.06697528463756042
2016,R93,137961.267,2734.1459999999997,50.458632055493744,G7,49.93471725422705,1.0491994950113437
2017,R93,146126.903,2823.754,51.749161931244714,G7,50.71465101609306,2.039865984335343
2018,R93,138224.47877766995,2880.5465201328298,47.985504768482635,G7,51.49458477795906,-6.81446413172827
2019,R93,158603.789,2923.136,54.25809438903971,G7,52.27451853982507,3.7945368118569522
2020,R93,115128.4624679382,2520.8393666092998,45.67068572195213,G7,53.05445230169107,-13.917336358033772
2021,R93,147057.0828306098,2560.9244359861605,57.42343692932161,G7,53.834386063557076,6.66683718010137
2022,R93,169718.34005849302,2761.80168085106,61.45203735490292,G7,54.61431982542308,12.520008582615127
2023,R93,158427.9079709911,2274.91715372425,69.6411769156648,G7,55.394253587289086,25.719135841275875
2024,R93,8884.43458563411,210.386,42.22921005026052,G7,56.17418734915509,-24.824528768379793
2015,RTU,23380258.27,28465.337,821.3589134743073,G7,818.0092957986053,0.40948406001082294
2016,RTU,22978635.143,28538.4243,805.1823359778136,G7,812.0532574448207,-0.8461170993423361
2017,RTU,23330840.343000002,28673.445200000002,813.6741218317219,G7,806.0972190910361,0.9399489988601628
2018,RTU,23118713.328,29182.8637,792.2016689540992,G7,800.1411807372497,-0.9922638622142932
2019,RTU,23502801.44,29449.5837,798.069055217239,G7,794.1851423834651,0.4890437539687209
2020,RTU,20941805.432,26131.0573,801.414393285954,G7,788.2291040296805,1.6727737137421261
2021,RTU,21721901.379,27066.0565,802.5513941789045,G7,782.273065675894,2.592231458907479
2022,RTU,22430435.671775766,28486.0565,787.4180714264808,G7,776.3170273221094,1.4299627231756373
2023,RTU,23217025.48324855,29119.050300000003,797.313966082491,G7,770.3609889683248,3.4987463669807317
2024,RTU,193771.191957256,3998.9047,48.456066471715616,G7,764.4049506145402,-93.66094287684041
2025,RTU,139183.0,2663.6555,52.25262801439601,G7,758.4489122607538,-93.1105935851838
2015,S,431287.927,11242.8537,38.36107259849873,G7,38.14467138654686,0.5673170172549646
2016,S,440717.288,11367.519199999999,38.769874081233134,G7,39.01956810790557,-0.6399200164951213
2017,S,455284.663,11415.693,39.88234993705595,G7,39.89446482926405,-0.030367351109861218
2018,S,468338.49600000004,11513.5754,40.677068567249755,G7,40.769361550622534,-0.2263782896334554
2019,S,482303.23699999996,11543.3371,41.78195896228309,G7,41.644258271981016,0.3306594858833778
2020,S,430684.673943296,10349.3779,41.614547087250145,G7,42.519154993339725,-2.1275303007110113
2021,S,476986.656661508,10617.3665,44.92513813679767,G7,43.39405171469821,3.5283324824468165
2022,S,535897.846671259,11326.7857,47.31243804420693,G7,44.26894843605669,6.874998651811981
2023,S,534569.141467195,11308.879479781921,47.2698592661546,G7,45.14384515741517,4.709421852139717
2024,S,113181.76115804599,2198.2762000000002,51.48659716101461,G7,46.01874187877365,11.88180089026516
2015,S94,67722.1,1761.64,38.44264435412457,G7,38.27389006610019,0.44091229747729166
2016,S94,68740.2,1765.223,38.941368880872275,G7,39.12712205229923,-0.47474274028809216
2017,S94,71611.7,1786.395,40.08727073239681,G7,39.98035403849826,0.2674230793344057
2018,S94,73198.0,1807.269,40.50199499908425,G7,40.8335860246973,-0.8120546292762265
2019,S94,75840.8,1808.813,41.92849122601397,G7,41.68681801089633,0.5797353375699421
2020,S94,74834.2,1758.983,42.54401549076938,G7,42.54004999709559,0.009321788935512387
2021,S94,78598.0,1771.938,44.35708247128285,G7,43.39328198329463,2.2210822595978508
2022,S94,77127.0,1732.037,44.52964919340638,G7,44.24651396949366,0.639904025225424
2023,S94,54202.672,1202.328,45.08143534875674,G7,45.0997459556927,-0.040600244076638425
2015,S95,39413.112,142.164,277.23693762133877,G7,279.2920189769193,-0.7358181458634316
2016,S95,40122.441,149.845,267.7596249457773,G7,275.3905243816689,-2.77093754515525
2017,S95,40035.311,140.007,285.95220953238055,G7,271.48902978641854,5.327353284712921
2018,S95,38474.387,142.617,269.7741994292406,G7,267.5875351911691,0.8171771665333116
2019,S95,38823.068,151.226,256.72217740335657,G7,263.6860405959187,-2.64096771176211
2020,S95,37874.372879141,141.308,268.0270959828248,G7,259.78454600066834,3.172840767108309
2021,S95,42283.064346095896,142.464,296.79823917688606,G7,255.88305140541797,15.989799850652297
2022,S95,42213.9562461859,127.593,330.84852810252835,G7,251.9815568101685,31.298707846215358
2023,S95,36670.0628374591,30.0,1222.3354279153034,G7,248.08006221491814,392.7181237387641
2015,S951,3671.937433737718,46.04655583179251,79.74401923026034,G7,79.30619513095371,0.5520679671791928
2016,S951,3430.8279151143083,41.920657975163905,81.84098439358749,G7,84.25134036083728,-2.8609111225133654
2017,S951,4416.625947784181,48.61894887663391,90.8416584445493,G7,89.19648559072084,1.8444368552561041
2018,S951,3971.5451352851433,41.22808650439697,96.33105661747311,G7,94.1416308206044,2.3256722639964256
2019,S951,3771.007023616292,38.7865086151284,97.22470926773332,G7,99.08677605048615,-1.8792283460752457
2020,S951,3811.3759562995983,42.10343911509215,90.52410055817495,G7,104.03192128036972,-12.984303813625353
2021,S951,3985.395662354455,43.01694237933097,92.64711627364248,G7,108.97706651025328,-14.984758499692564
2022,S951,3513.5785878396,36.0253456965624,97.53073898121878,G7,113.92221174013685,-14.388302780065377
2015,S96,215433.886,1374.952,156.68465953720568,G7,155.06250140067368,1.0461317996801833
2016,S96,218739.752,1390.877,157.2675024462983,G7,158.7109055764813,-0.9094542841527997
2017,S96,226967.676,1394.824,162.7213727323304,G7,162.35930975228894,0.22300105894379474
2018,S96,234202.551,1435.723,163.1251648124325,G7,166.00771392809656,-1.7363946815824427
2019,S96,240471.225,1398.106,171.99784923317688,G7,169.6561181039042,1.3802809798102889
2020,S96,184136.788708293,1243.077,148.12983323502326,G7,173.30452227971182,-14.52627358682358
2021,S96,216879.465518601,1275.73,170.00420584183252,G7,176.95292645551945,-3.9268752164060006
2022,S96,243954.374533257,1128.103,216.2518622264607,G7,180.60133063132707,19.73990527672762
2023,S96,228730.634609745,697.769,327.80280380719836,G7,184.2497348071347,77.91222557271482
2015,T,34904.7,2760.0798999999997,12.646264334594083,G7,12.594478510147042,0.4111787908115394
2016,T,35290.1,2715.7525,12.994593579495922,G7,12.890575285706518,0.8069329062818653
2017,T,34892.3,2705.8623000000002,12.895075998508867,G7,13.186672061265881,-2.211293807886061
2018,T,35452.5,2617.0459,13.546762783182366,G7,13.482768836825358,0.47463504812321755
2019,T,36218.2,2614.9071999999996,13.850663610548015,G7,13.778865612384834,0.5210733610657048
2020,T,33966.9,2456.8375,13.82545650658621,G7,14.074962387944197,-1.7726930593555235
2021,T,34572.2,2539.5378,13.613579604918657,G7,14.371059163503674,-5.270867999129036
2022,T,34355.2,2460.6516,13.961830272924454,G7,14.667155939063036,-4.808878211079004
2023,T,33451.50766729274,2235.2444,14.965481030751151,G7,14.963252714622513,0.014891923374804605
2024,T,13277.299580915169,725.8,18.293330918869067,G7,15.25934949018199,19.882770432901943
2015,_T,562187491.199,509709.0788,1102.9575783161429,G7,1105.5267842902476,-0.23239653806798044
2016,_T,570461750.635,516731.0909,1103.981859580805,G7,1103.6191344471454,0.03286687611132599
2017,_T,579757838.715,523941.8425,1106.5309003546515,G7,1101.711484604043,0.4374480812769699
2018,_T,584143782.6750001,531352.0192,1099.353651755164,G7,1099.8038347609413,-0.04093302746803751
2019,_T,586629120.224,535375.7607,1095.7334330134531,G7,1097.8961849178395,-0.19699056560145145
2020,_T,568460063.432,505279.0367,1125.0418524082024,G7,1095.9885350747372,2.6508778516997955
2021,_T,582954180.476,525570.1741,1109.184290136452,G7,1094.080885231635,1.380465110824014
2022,_T,592251727.1693238,540421.5708,1095.9068978179355,G7,1092.1732353885332,0.34185624664881953
2023,_T,627696120.0701914,547945.7789,1145.5442203246641,G7,1090.2655855454313,5.070198996658082
2024,_T,34591420.2135688,251642.42001425198,137.46259558149887,G7,1088.357935702329,-87.36972543019196
2025,_T,4044817.0,54921.297,73.64751418743808,G7,1086.4502858592268,-93.22127159005777
2015,A,160609.850303,2712.573295,59.209404810939866,ZONA_EURO,58.20483171189335,1.72592733197654
2016,A,159623.544522,2780.438163,57.40949273612744,ZONA_EURO,59.68899378288825,-3.818963769187045
2017,A,175061.77017899998,2778.439244,63.007233488025115,ZONA_EURO,61.1731558538836,2.998173967879536
2018,A,173999.176116,2815.093675,61.809373400691534,ZONA_EURO,62.6573179248785,-1.353304852920112
2019,A,177355.786667,2752.677792,64.43027483363372,ZONA_EURO,64.14147999587385,0.4502466076218514
2020,A,171550.358153,2662.691712,64.42742033554653,ZONA_EURO,65.6256420668692,-1.8258438219952877
2021,A,184230.530592,2685.130161,68.61139667187999,ZONA_EURO,67.1098041378641,2.2375158939983653
2022,A,216293.179094,2664.835747,81.16567009336204,ZONA_EURO,68.59396620885946,18.327710991697764
2023,A,229001.355798,2668.164244,85.82730853730757,ZONA_EURO,70.07812827985481,22.47374558087354
2024,A,140036.542109,1779.100415,78.71199451605996,ZONA_EURO,71.56229035084971,9.990882251193
2025,A,38952.0,468.5187,83.13862392258835,ZONA_EURO,73.04645242184506,13.816100804541144
2015,A01,138426.710623,2132.215322,64.92154389602496,ZONA_EURO,63.5115499214985,2.2200591487205656
2016,A01,136981.065937,2203.765064,62.15774456845641,ZONA_EURO,65.30873568675543,-4.824762086058931
2017,A01,152403.904776,2190.23887,69.58323444236929,ZONA_EURO,67.10592145201281,3.6916458886985026
2018,A01,150550.746517,2221.7748109999998,67.76147869335081,ZONA_EURO,68.90310721726973,-1.6568607280932457
2019,A01,155710.602306,2189.849884,71.10560565986265,ZONA_EURO,70.70029298252666,0.5732828822027081
2020,A01,152356.44905,2141.700259,71.13808218949278,ZONA_EURO,72.49747874778359,-1.8750949436739828
2021,A01,162141.0695,2152.415905,75.32980458068118,ZONA_EURO,74.29466451304052,1.3932899144580846
2022,A01,155092.772689,1752.362603,88.50495463866048,ZONA_EURO,76.09185027829744,16.31331649179708
2023,A01,113860.654899,1374.78399,82.82076000826865,ZONA_EURO,77.88903604355437,6.331730645577038
2024,A01,28141.796,241.745381,116.41089432025176,ZONA_EURO,79.6862218088113,46.08660277501026
2015,A01_02,155136.158303,2722.288195,56.98741176189099,ZONA_EURO,55.98495297417139,1.7905861029875014
2016,A01_02,153803.895522,2814.535563,54.64627896122981,ZONA_EURO,57.05860395581203,-4.227802342395903
2017,A01_02,168994.282179,2811.68636,60.10424369629904,ZONA_EURO,58.132254937453126,3.3922454254830647
2018,A01_02,166131.241922118,2840.381065,58.489068234271585,ZONA_EURO,59.20590591909422,-1.2107536802193453
2019,A01_02,171767.5269368365,2842.220501,60.434272033574544,ZONA_EURO,60.27955690073486,0.25666269095916405
2020,A01_02,166454.970153,2756.956207,60.37635626215806,ZONA_EURO,61.353207882375955,-1.592176927554756
2021,A01_02,178410.306592,2776.288875,64.26215520962313,ZONA_EURO,62.426858864016594,2.939914612081207
2022,A01_02,173640.589094,2337.967949,74.26987575611115,ZONA_EURO,63.50050984565769,16.959495186147542
2023,A01_02,128879.161798,1936.881908,66.53950417198072,ZONA_EURO,64.57416082729833,3.0435445377891224
2024,A01_02,34010.648,305.503278,111.32662216475464,ZONA_EURO,65.64781180893942,69.58161909304496
2015,A02,16709.44768,237.986873,70.21163591657428,ZONA_EURO,71.57229234185093,-1.9010938182302928
2016,A02,16822.829585,238.760499,70.45901501906309,ZONA_EURO,70.70777960586474,-0.35182067403092265
2017,A02,16590.377403000002,235.65849,70.40008362524941,ZONA_EURO,69.84326686987856,0.7972375582147695
2018,A02,17593.703599,237.579254,74.05404008466161,ZONA_EURO,68.97875413389238,7.357752418835739
2019,A02,15993.251361,249.53755900000002,64.09155970384401,ZONA_EURO,68.1142413979062,-5.905786530841173
2020,A02,14098.521103000001,230.790428,61.087980230271945,ZONA_EURO,67.24972866191979,-9.162488167981175
2021,A02,16269.237092,233.71097,69.6126377465294,ZONA_EURO,66.38521592593361,4.86165748740901
2022,A02,18518.816405,203.087346,91.18646124313427,ZONA_EURO,65.52070318994743,39.17198198984628
2023,A02,15018.506899,194.11991799999998,77.36716074133105,ZONA_EURO,64.65619045396124,19.659324494876817
2024,A02,5868.852,63.757897,92.0490210020572,ZONA_EURO,63.79167771797506,44.29628486808062
2015,A03,5474.3949999999995,116.80421600000001,46.86812845865084,ZONA_EURO,49.943909008142555,-6.158469792563215
2016,A03,5819.251,115.396513,50.42830886926367,ZONA_EURO,49.387160408908585,2.1081359036128733
2017,A03,6067.588,114.733515,52.88418122638359,ZONA_EURO,48.830411809674615,8.30173096329656
2018,A03,5855.725,118.667138,49.34580119392448,ZONA_EURO,48.273663210440645,2.2209584112356184
2019,A03,5652.6320000000005,126.66781,44.62563930015053,ZONA_EURO,47.716914611206676,-6.4783637757042545
2020,A03,5095.387,114.248665,44.59909444018449,ZONA_EURO,47.160166011972706,-5.430582180601384
2021,A03,5819.925,120.180332,48.426601118059814,ZONA_EURO,46.603417412738736,3.912124489013813
2022,A03,5040.99,102.287333,49.282641869252764,ZONA_EURO,46.046668813504766,7.027594262799175
2023,A03,3951.132,76.266458,51.8069424438198,ZONA_EURO,45.489920214270796,13.886641699510548
2024,A03,725.245,7.72787,93.84798139720259,ZONA_EURO,44.93317161503683,108.86124443037643
2015,B,29983.630822,253.5139,118.27213743309538,ZONA_EURO,111.2636542126238,6.298987095173447
2016,B,23995.75526,239.3113,100.27004683857388,ZONA_EURO,109.99415979624928,-8.84057205917853
2017,B,25704.534926,238.0768,107.96740768525115,ZONA_EURO,108.7246653798752,-0.6964911705897303
2018,B,26822.397359826347,243.6006,110.10809234388728,ZONA_EURO,107.45517096350113,2.4688633935422644
2019,B,24531.24644842003,229.251896,107.00564259856779,ZONA_EURO,106.18567654712706,0.7722002421643115
2020,B,19221.741507,208.279,92.2884280556369,ZONA_EURO,104.91618213075253,-12.036040407358895
2021,B,28548.024021999998,209.2821,136.40929645679202,ZONA_EURO,103.64668771437846,31.609894599524722
2022,B,40432.135924,213.8283,189.08692593075847,ZONA_EURO,102.37719329800439,84.69633698626147
2023,B,27379.128045,212.9942388351231,128.54398407552205,ZONA_EURO,101.10769888163031,27.13570331178459
2024,B,19438.692,131.221159,148.13687173727828,ZONA_EURO,99.83820446525624,48.376938999168416
2015,B05_06,16504.490157723747,46.6692489970319,353.6480768904897,ZONA_EURO,302.8787443798501,16.76226326630834
2016,B05_06,11600.353633578057,44.30317812961281,261.8402138022742,ZONA_EURO,335.043775434875,-21.848954375464857
2017,B05_06,12340.555967579456,33.59057109547616,367.38154681869736,ZONA_EURO,367.20880648989987,0.04704144501561647
2018,B05_06,11959.78687735953,28.77980944685123,415.5617117426063,ZONA_EURO,399.3738375449175,4.053313631458932
2019,B05_06,8983.266419110854,20.527902571506342,437.6124831954354,ZONA_EURO,431.53886859994236,1.4074316446158974
2020,B05_06,3344.1712030283666,16.288014471688125,205.31484723575207,ZONA_EURO,463.70389965496724,-55.72285516931758
2021,B05_06,10494.29404046664,15.031733221694962,698.1426483354868,ZONA_EURO,495.86893070998485,40.79177078827798
2022,B05_06,20388.837553616242,12.651065706437464,1611.63004182655,ZONA_EURO,528.0339617650097,205.21333068037993
2023,B05_06,8083.729769919314,10.337511979907745,781.9802081614087,ZONA_EURO,560.1989928200346,39.58972047145788
2015,B07_08,10140.531736736233,124.07864669969082,81.72664682005676,ZONA_EURO,79.93923266560887,2.235966114316801
2016,B07_08,9913.461110207785,117.20201076788759,84.58439445924587,ZONA_EURO,84.92067930689336,-0.3959987724923786
2017,B07_08,10977.58994077257,127.38625014904501,86.17562670954301,ZONA_EURO,89.90212594817604,-4.1450624213059895
2018,B07_08,12321.222801977832,128.08487245439267,96.19576899188516,ZONA_EURO,94.88357258945871,1.3829542528969174
2019,B07_08,13340.822134449485,132.31241946569727,100.82819276015255,ZONA_EURO,99.86501923074138,0.9644753857060984
2020,B07_08,12847.795378097751,128.96933667724466,99.61899246059018,ZONA_EURO,104.84646587202587,-4.9858365448543385
2021,B07_08,15801.082203594622,124.83728514781825,126.57342063218341,ZONA_EURO,109.82791251330855,15.247042155012913
2022,B07_08,14616.45527273457,110.93309685485603,131.75919258666892,ZONA_EURO,114.80935915459122,14.763459666432489
2023,B07_08,10032.671721329412,77.53379948865937,129.39739555517153,ZONA_EURO,119.7908057958739,8.019471691064052
2015,B09,3338.3089275400507,15.379175134920343,217.06683864728234,ZONA_EURO,199.74801829311946,8.670334004890323
2016,B09,2482.3415162141687,14.732690324437948,168.49207181777032,ZONA_EURO,191.8399451451769,-12.170496248702445
2017,B09,2386.6890176479787,13.629395505478858,175.1133435586749,ZONA_EURO,183.93187199723616,-4.794453697885359
2018,B09,2626.9310936626307,13.510990997151879,194.42919429199446,ZONA_EURO,176.0237988492936,10.456197152328839
2019,B09,2213.6266244396697,13.451961087551092,164.5579116704579,ZONA_EURO,168.11572570135104,-2.1162886553595883
2020,B09,3030.273925873879,14.863661700586682,203.87129274842627,ZONA_EURO,160.20765255340848,27.25440358129061
2021,B09,2113.8057779387427,13.570584841013055,155.76379372762136,ZONA_EURO,152.29957940546592,2.274605311241662
2022,B09,2370.0780976491874,13.498535394288549,175.58038916222023,ZONA_EURO,144.39150625752336,21.600219925035802
2023,B09,2014.2623647512728,12.024820531432884,167.50872576318213,ZONA_EURO,136.4834331095808,22.73191108014665
2015,BTE,1853217.052912,27520.809469,67.33875524262837,ZONA_EURO,67.38279648577554,-0.06535977347937871
2016,BTE,1899821.6660870002,27759.574581999997,68.43842871132802,ZONA_EURO,68.53438725512342,-0.14001517725429347
2017,BTE,1964774.296718,28114.819738000002,69.88393719140267,ZONA_EURO,69.68597802447084,0.2840731701610144
2018,BTE,2025231.033522,28562.319937,70.90569106392823,ZONA_EURO,70.83756879381872,0.09616686635278704
2019,BTE,2068873.750494,28789.105763,71.86307791306717,ZONA_EURO,71.9891595631666,-0.17513977224417054
2020,BTE,1957035.078286,27137.762436999998,72.11482828878152,ZONA_EURO,73.14075033251447,-1.4026681966877175
2021,BTE,2148010.882831,27912.017161,76.95649047652145,ZONA_EURO,74.29234110186235,3.586035027495349
2022,BTE,2422641.208319,28174.13965,85.98811670612983,ZONA_EURO,75.44393187120977,13.976186783212752
2023,BTE,2593929.1389059997,28340.407171000003,91.52758897410266,ZONA_EURO,76.59552264055765,19.494698670073983
2024,BTE,1717933.4374290002,21547.477287,79.727822173664,ZONA_EURO,77.74711340990552,2.5476299722095197
2025,BTE,924672.0,10701.4809,86.40598517537886,ZONA_EURO,78.8987041792534,9.515087825865098
2015,BTNXL,1598.6304331235751,81791.426288,0.019545207923071975,ZONA_EURO,0.019417797756464128,0.6561514761138865
2016,BTNXL,1600.4430128404003,83423.43134,0.019184574251299318,ZONA_EURO,0.019249109271295695,-0.33526237025737204
2017,BTNXL,1618.199091924703,85349.836483,0.018959603891531954,ZONA_EURO,0.019080420786127317,-0.6331982714092077
2018,BTNXL,1644.7875388292637,87315.319984,0.018837330483707337,ZONA_EURO,0.018911732300958883,-0.3934161930146063
2019,BTNXL,1676.5035182810525,88819.555564,0.01887538738102588,ZONA_EURO,0.01874304381579045,0.7060943064324254
2020,BTNXL,1700.0,86712.244834,0.019605074268973687,ZONA_EURO,0.018574355330622072,5.549150535805403
2021,BTNXL,1742.8273454919108,88086.642462,0.019785376043181067,ZONA_EURO,0.01840566684545364,7.496110895151986
2022,BTNXL,1899.233768862396,90898.653421,0.020893970343719336,ZONA_EURO,0.018236978360285205,14.5692555583675
2023,BTNXL,2035.6406244735088,92426.65135,0.022024390094638094,ZONA_EURO,0.018068289875116827,21.895266496523845
2024,BTNXL,1483.8649587700402,59287.420924,0.025028327015138557,ZONA_EURO,0.017899601389948394,39.82616970003217
2025,BTNXL,126.98001883405922,27073.0,0.004690282526282984,ZONA_EURO,0.01773091290477996,-73.54742786527049
2015,C,1589454.084074,23535.978655,67.53295061033441,ZONA_EURO,67.77892088433464,-0.36290084113316246
2016,C,1638974.5731870001,23780.341112,68.92140720218447,ZONA_EURO,68.99110350666433,-0.10102216218810245
2017,C,1698079.3973779452,23980.4281,70.8110543438524,ZONA_EURO,70.20328612899357,0.8657261623652657
2018,C,1743634.711276,24423.082048,71.39290233104653,ZONA_EURO,71.41546875132326,-0.031598784788922085
2019,C,1776755.2936768564,24555.024205,72.35811615755058,ZONA_EURO,72.6276513736525,-0.37111927895784325
2020,C,1668122.409288,23156.681045,72.0363339654057,ZONA_EURO,73.83983399598173,-2.4424486526800404
2021,C,1835210.85871,23856.731821,76.92633142208301,ZONA_EURO,75.05201661831143,2.497354352653436
2022,C,2023143.860254,24063.873985,84.07390520392138,ZONA_EURO,76.26419924064066,10.24033037918397
2023,C,2122281.615922,25599.16708190312,82.9043229856611,ZONA_EURO,77.47638186297036,7.005930055292131
2024,C,1365409.748,16924.828874,80.67495146716365,ZONA_EURO,78.6885644852996,2.524365509597204
2025,C,787292.0,9719.1535,81.00417387172658,ZONA_EURO,79.90074710762929,1.3809968042112652
2015,C10,141653.46399779717,2650.535408055287,53.44333962387211,ZONA_EURO,53.796255816943585,-0.6560237096655319
2016,C10,145160.68620031438,2707.9537561695597,53.60530469532327,ZONA_EURO,53.53813694146845,0.12545777214520992
2017,C10,147465.29239942975,2740.065938257505,53.81815464382861,ZONA_EURO,53.28001806599332,1.0100157570681612
2018,C10,146512.6605339999,2756.288022417092,53.155787545569154,ZONA_EURO,53.021899190518184,0.2525152005021125
2019,C10,150865.47426750872,2880.3486852297356,52.37750382137354,ZONA_EURO,52.76378031504305,-0.732086464167514
2020,C10,153019.2788623851,2816.3685473248634,54.33212176997608,ZONA_EURO,52.505661439567916,3.4785969366567304
2021,C10,162651.7058096983,2826.8177183751236,57.53880229079353,ZONA_EURO,52.24754256409278,10.127289183428822
2022,C10,148681.2224767076,2530.4182085301836,58.757568996103,ZONA_EURO,51.98942368861765,13.01831185516129
2023,C10,115256.67704614514,1760.9830317400658,65.45019172175526,ZONA_EURO,51.731304813142515,26.519506821191598
2015,C10T12,185050.1206521814,3523.2569620428317,52.522459373751396,ZONA_EURO,52.60135631732737,-0.14999032173241833
2016,C10T12,189444.8885867426,3584.280875900873,52.8543646957153,ZONA_EURO,52.35442413885136,0.9549155875309134
2017,C10T12,191717.97956540584,3624.5393529892444,52.8944400637536,ZONA_EURO,52.107491960375285,1.5102398403222805
2018,C10T12,194077.23133852315,3952.497516066956,49.10242967885409,ZONA_EURO,51.86055978189927,-5.3183577551892185
2019,C10T12,198550.0591,3734.687628,53.16376598980181,ZONA_EURO,51.613627603423254,3.003350972129204
2020,C10T12,199881.891056,3648.2172689999998,54.78892190836785,ZONA_EURO,51.36669542494718,6.662345037205952
2021,C10T12,203774.355258,3756.7298450000003,54.24248313442405,ZONA_EURO,51.119763246471166,6.108635270662077
2022,C10T12,217002.657709,3900.273486,55.6378055251585,ZONA_EURO,50.872831067995094,9.366442474559133
2023,C10T12,250100.197816,3719.5968669999997,67.23852254927712,ZONA_EURO,50.62589888951908,32.81447643233315
2024,C10T12,36646.816999999995,368.277035,99.50883035647334,ZONA_EURO,50.37896671104306,97.52058617482724
2015,C10_11,169573.68893238204,2887.395450732986,58.728945108414074,ZONA_EURO,58.90338624191189,-0.2961478866111311
2016,C10_11,174060.24414525385,2947.18698928633,59.059789819241516,ZONA_EURO,58.95539187113492,0.177079559295934
2017,C10_11,176531.76435690568,2988.5471563840074,59.06942575083884,ZONA_EURO,59.00739750035797,0.10511944791413708
2018,C10_11,178678.76443859283,3012.1209286227167,59.31991731829079,ZONA_EURO,59.059403129581014,0.4411053530937181
2019,C10_11,182549.91947722595,3101.4832081063973,58.858909505004654,ZONA_EURO,59.11140875880406,-0.4271582408561736
2020,C10_11,182315.957909225,3079.6014431551293,59.201153550063836,ZONA_EURO,59.16341438802711,0.0637880055218254
2021,C10_11,194680.2230976238,3129.776936469034,62.20258729277334,ZONA_EURO,59.21542001725014,5.044576690755553
2022,C10_11,177383.72638348106,2863.220524740929,61.95251984634721,ZONA_EURO,59.267425646473185,4.530472127961915
2023,C10_11,128876.83776970007,1901.9362509875803,67.76086091359834,ZONA_EURO,59.31943127569623,14.230462862445957
2015,C11,27920.224934584963,255.46004267769848,109.29390225543239,ZONA_EURO,110.69036564530583,-1.2615943417769948
2016,C11,28899.557944939603,257.93323311677057,112.04278562993976,ZONA_EURO,110.60566287260036,1.2993211378288239
2017,C11,29066.47195747592,262.8035619657999,110.60151445458149,ZONA_EURO,110.52096009989489,0.07288604316664227
2018,C11,30579.425328631136,274.1329062056248,111.54963390529178,ZONA_EURO,110.43625732718945,1.0081621788428974
2019,C11,31451.47590236658,288.2363536900507,109.11696425422903,ZONA_EURO,110.35155455448398,-1.1187792552984743
2020,C11,29296.679046839996,281.632895830265,104.02435042423656,ZONA_EURO,110.26685178177851,-5.661267422322036
2021,C11,31015.099239551357,274.37062433097066,113.0408888166473,ZONA_EURO,110.18214900907304,2.594558041646877
2022,C11,28702.503906773425,246.3697671561663,116.50172924253235,ZONA_EURO,110.09744623636757,5.8169223947442505
2023,C11,21225.714373910487,212.56360221592305,99.85582739771841,ZONA_EURO,110.0127434636621,-9.232490478976718
2015,C12,5132.967719799395,20.756739309846015,247.29162144289967,ZONA_EURO,230.9269605587251,7.086509450685385
2016,C12,4973.422441488739,20.4391056145421,243.3287706067837,ZONA_EURO,249.87778252728458,-2.620886040472914
2017,C12,5047.486208500138,20.722333765940302,243.57711180177498,ZONA_EURO,268.82860449584405,-9.39315693038888
2018,C12,6385.935475891976,21.83443744423912,292.4708040772933,ZONA_EURO,287.7794264644035,1.6301990974570524
2019,C12,6876.76293012468,21.660820893601702,317.4747145504526,ZONA_EURO,306.73024843297026,3.5029039921474547
2020,C12,8252.772146775022,20.234957844870536,407.8472616569873,ZONA_EURO,325.6810704015297,25.22903500475342
2021,C12,6537.335746542611,18.548071739626682,352.45365870437314,ZONA_EURO,344.6318923700892,2.269600262614224
2022,C12,6154.72332551897,15.17870331365049,405.48413117633794,ZONA_EURO,363.58271433865593,11.524589917289996
2023,C12,5185.859046299912,10.709967012420705,484.2086852635212,ZONA_EURO,382.5335363072154,26.579407896579752
2015,C13,19924.68558988333,435.30541122987205,45.77173882031457,ZONA_EURO,46.28259719312291,-1.1037806946673445
2016,C13,20185.0066005201,426.7267120669589,47.30195234966405,ZONA_EURO,46.79060248947599,1.0928473517798132
2017,C13,20323.684594648705,429.78017474644673,47.28855770659704,ZONA_EURO,47.298607785828835,-0.021248150214703276
2018,C13,20764.687979572125,429.58966907421427,48.33609715131417,ZONA_EURO,47.80661308218191,1.107554028606983
2019,C13,20046.483099222005,419.4290596372024,47.7946929012544,ZONA_EURO,48.31461837853476,-1.0761245658753915
2020,C13,18284.192840001797,395.9854739364647,46.17389789135414,ZONA_EURO,48.822623674887836,-5.425201646621225
2021,C13,20127.6990005567,392.5218965714803,51.277901121858406,ZONA_EURO,49.33062897124091,3.9473896668796415
2022,C13,14675.981488338757,285.18531025554125,51.46121122153274,ZONA_EURO,49.83863426759376,3.2556609501517064
2023,C13,13055.657550020376,224.10225207699668,58.257591920739536,ZONA_EURO,50.34663956394684,15.712969972394575
2024,C13,176.129,8.455,20.831342400946184,ZONA_EURO,50.854644860299686,-59.037483285605575
2015,C13T15,56184.199014,1371.151407,40.975926310667454,ZONA_EURO,41.06656158702776,-0.22070334807123837
2016,C13T15,57065.088446,1363.466699,41.85293890041681,ZONA_EURO,41.87951379786659,-0.06345560165299524
2017,C13T15,58446.118423,1360.362562,42.96363341333999,ZONA_EURO,42.69246600870542,0.6351645383503302
2018,C13T15,59673.26148,1374.7904939999999,43.40534920806632,ZONA_EURO,43.505418219544254,-0.23001505461446303
2019,C13T15,59060.598845,1334.266118,44.26448221103671,ZONA_EURO,44.318370430383084,-0.12159341334768703
2020,C13T15,50800.208863,1136.511528,44.6983665466172,ZONA_EURO,45.131322641221914,-0.9593250746195991
2021,C13T15,57561.920875,1177.666232,48.87795821167776,ZONA_EURO,45.944274852060516,6.385307786581973
2022,C13T15,61800.439522,1230.349676,50.229979921578,ZONA_EURO,46.75722706289935,7.42720019304608
2023,C13T15,56019.508059,1071.255751,52.293309050342735,ZONA_EURO,47.57017927373818,9.92876177620805
2024,C13T15,2604.013,71.63907499999999,36.34905950418818,ZONA_EURO,48.38313148457701,-24.872453706773612
2015,C13_14,39517.11759534458,989.2838039134094,39.94517795502438,ZONA_EURO,40.32180266930936,-0.9340473127498639
2016,C13_14,40442.30576937141,977.0298316548418,41.393112532574726,ZONA_EURO,40.78477103928924,1.4915898208658573
2017,C13_14,41473.3920566969,976.7141139349809,42.46216110219715,ZONA_EURO,41.247739409269,2.9442139383164534
2018,C13_14,37811.72099671614,970.4435551394175,38.96333877067581,ZONA_EURO,41.710707779248764,-6.586723541382289
2019,C13_14,41319.090793475545,950.4124089794117,43.474906685872845,ZONA_EURO,42.17367614922864,3.0854093250962666
2020,C13_14,36252.83512828049,875.6704154141825,41.400091278787,ZONA_EURO,42.6366445192084,-2.9002123745087816
2021,C13_14,39922.90732426907,843.6130079399825,47.323721835153734,ZONA_EURO,43.09961288918828,9.80080483976944
2022,C13_14,24863.750179428982,556.5252030184835,44.67677302765963,ZONA_EURO,43.56258125916804,2.5576807808125324
2023,C13_14,20394.9782599619,435.77761678709095,46.801344250607364,ZONA_EURO,44.025549629147804,6.304963015434573
2024,C13_14,378.811,27.915,13.570159412502239,ZONA_EURO,44.48851799912768,-69.49738938759813
2015,C14,19592.432005461244,555.8783926835373,35.24589597893447,ZONA_EURO,35.52287563209575,-0.7797219347608797
2016,C14,20257.299168851303,552.2031195878828,36.68450693282866,ZONA_EURO,36.66696096789383,0.04785224755932127
2017,C14,21149.7074620482,548.8339391885341,38.53571354081823,ZONA_EURO,37.811046303692365,1.9165490193142176
2018,C14,20971.592057577025,543.8538860652034,38.56107788308184,ZONA_EURO,38.955131639490446,-1.0115580151425663
2019,C14,21266.95031225355,531.3013529774714,40.028037182798826,ZONA_EURO,40.09921697528853,-0.17750918311838504
2020,C14,17978.74572815883,482.65005764182996,37.250064396554336,ZONA_EURO,41.24330231108661,-9.68214883573678
2021,C14,19795.20832371236,449.89111136850227,43.99999871857495,ZONA_EURO,42.387387646885145,3.8044596782512707
2022,C14,10187.768691090223,267.8398927629422,38.03678602913398,ZONA_EURO,43.531472982683226,-12.62233179138006
2023,C14,8255.2931334152,224.33242074853678,36.79937614843861,ZONA_EURO,44.67555831848131,-17.629734168950474
2024,C14,202.682,19.46,10.4153134635149,ZONA_EURO,45.81964365427939,-77.26889029932002
2015,C15,16482.101418655446,345.95486308659065,47.64234637895541,ZONA_EURO,47.126990070671354,1.0935481080188492
2016,C15,16399.43767662861,346.27407734515833,47.35970362656404,ZONA_EURO,47.928442637658236,-1.1866419599607991
2017,C15,16736.98236630307,345.92004706501945,48.38396186722642,ZONA_EURO,48.72989520464512,-0.7098996128883983
2018,C15,17545.509442850867,351.83899986058213,49.86800624661666,ZONA_EURO,49.531347771632,0.6796876930077689
2019,C15,17483.348936524457,346.923109020588,50.3954579038634,ZONA_EURO,50.33280033861888,0.12448654718788532
2020,C15,14114.930734719532,313.5431245858172,45.01750996251316,ZONA_EURO,51.13425290560576,-11.962124399048445
2021,C15,16877.629550730948,311.2481220600173,54.22564299834224,ZONA_EURO,51.935705472592645,4.4091776647917635
2022,C15,7295.137342571023,189.19255798151679,38.55932506226657,ZONA_EURO,52.7371580395793,-26.883953372444235
2023,C15,4819.188740282448,168.46078369630155,28.607184619124208,ZONA_EURO,53.53861060656618,-46.56718899684014
2024,C15,160.146,12.321,12.99780861943024,ZONA_EURO,54.34006317355306,-76.08061555262199
2015,C16,25460.55825791656,540.3883012483903,47.1153024576925,ZONA_EURO,47.16699860009203,-0.10960235744028601
2016,C16,25841.43968282509,538.7117742873271,47.96895281713726,ZONA_EURO,48.45570315518489,-1.004526415577467
2017,C16,26674.151714039377,530.0687377480834,50.32206167705807,ZONA_EURO,49.744407710277756,1.1612440339921148
2018,C16,27535.15203970251,534.1980319429807,51.544839915549446,ZONA_EURO,51.03311226537062,1.0027365125565124
2019,C16,28965.44357630913,559.4929549999999,51.770881683951025,ZONA_EURO,52.32181682046348,-1.052974017326136
2020,C16,29237.592133000002,533.720489,54.78071900102752,ZONA_EURO,53.610521375556345,2.1827760585904743
2021,C16,34476.951196,552.108081,62.446018057830244,ZONA_EURO,54.89922593064921,13.746627569420422
2022,C16,34489.042803000004,507.24598299999997,67.99273717067564,ZONA_EURO,56.18793048574253,21.00950610367922
2023,C16,22224.087615,373.770232,59.45922310634946,ZONA_EURO,57.47663504083539,3.4493808903487633
2024,C16,4747.552,93.930427,50.543281358659215,ZONA_EURO,58.76533959592825,-13.99133961243837
2015,C16T18,83125.66484319599,1767.0570454652795,47.04186831801368,ZONA_EURO,47.025791514837465,0.03418720378398632
2016,C16T18,84813.5143085053,1759.0063334349038,48.21671911941642,ZONA_EURO,47.477157118964556,1.557721745214713
2017,C16T18,85652.03881795408,1740.71570129939,49.205070508651986,ZONA_EURO,47.92852272309176,2.66344070927349
2018,C16T18,75913.69242754455,1743.3869626892802,43.54379954203803,ZONA_EURO,48.37988832721885,-9.996072650006516
2019,C16T18,89367.050047,1730.740386,51.63515612733844,ZONA_EURO,48.83125393134594,5.742023745559832
2020,C16T18,84774.881226,1610.191537,52.64894223947223,ZONA_EURO,49.28261953547303,6.830648889465296
2021,C16T18,89517.538219,1657.34825,54.01250957304839,ZONA_EURO,49.73398513960012,8.60281841770516
2022,C16T18,102448.416411,1688.604107,60.670476866843245,ZONA_EURO,50.18535074372733,20.892802317270753
2023,C16T18,82521.093402,1379.267707,59.829642195777154,ZONA_EURO,50.63671634785442,18.15466426529504
2024,C16T18,12052.411,193.226152,62.374636534706745,ZONA_EURO,51.08808195198151,22.09234355937193
2015,C17,34623.96530260393,436.4345724394925,79.33369052105562,ZONA_EURO,79.41073760050404,-0.09702350308848917
2016,C17,35501.683736276274,433.8656429214164,81.8264463100308,ZONA_EURO,81.40646870221144,0.5159020094037681
2017,C17,36077.556273925795,437.0641467154051,82.54522029558682,ZONA_EURO,83.4021998039193,-1.0275262647115646
2018,C17,38295.05604120072,444.46368858854544,86.16014541662976,ZONA_EURO,85.39793090562716,0.8925444714168895
2019,C17,38796.09617,445.18762,87.14549647629464,ZONA_EURO,87.39366200733457,-0.28396284735053845
2020,C17,36146.843942,427.03240900000003,84.6466056912322,ZONA_EURO,89.38939310904243,-5.305760843486995
2021,C17,35063.100676,434.765131,80.6483735145724,ZONA_EURO,91.38512421075029,-11.748904199568678
2022,C17,34495.872301999996,399.08429,86.43756010039883,ZONA_EURO,93.3808553124577,-7.435459001554667
2023,C17,26637.842919,304.808081,87.3921807834222,ZONA_EURO,95.37658641416556,-8.371452503103516
2024,C17,5187.5869999999995,57.517726,90.19110039225124,ZONA_EURO,97.37231751587296,-7.375008941787886
2015,C18,23064.942282675507,434.7593717773966,53.05220262045348,ZONA_EURO,53.79999573782419,-1.3899501424030292
2016,C18,23471.08988940394,432.33401622616026,54.289250922892606,ZONA_EURO,53.65930801671317,1.1739676292195744
2017,C18,22900.828829988895,422.22231783590166,54.23879284109608,ZONA_EURO,53.51862029560209,1.3456485640254146
2018,C18,21934.119703718927,413.5475431577539,53.03893123444776,ZONA_EURO,53.37793257449101,-0.6350964222343491
2019,C18,21678.9824356756,409.238751,52.97392385912057,ZONA_EURO,53.237244853379934,-0.49461799720209587
2020,C18,19391.445151,368.655339,52.600472852503565,ZONA_EURO,53.096557132268856,-0.9343059259557918
2021,C18,19977.787347,368.098938,54.27287417764841,ZONA_EURO,52.955869411157835,2.486985448704737
2022,C18,15217.194437949782,311.125634,48.91012753372093,ZONA_EURO,52.81518169004676,-7.393809945108543
2023,C18,13822.263868,243.456094,56.77518126944072,ZONA_EURO,52.67449396893568,7.784958129684916
2024,C18,2117.2729999999997,41.777998,50.679139771130245,ZONA_EURO,52.5338062478246,-3.5304247096528574
2015,C19,23491.958432972322,94.83634047874199,247.7105117551236,ZONA_EURO,257.6037114955834,-3.8404725161071407
2016,C19,26556.021430361747,94.608344,280.69428453754296,ZONA_EURO,291.9735902590619,-3.8631253297639168
2017,C19,34818.57650719477,94.78437262930564,367.34511756877407,ZONA_EURO,326.3434690225549,12.563955598383792
2018,C19,35351.09005919652,100.39478891985515,352.1207668200507,ZONA_EURO,360.71334778604796,-2.3821078478897473
2019,C19,37290.39214985749,97.149189,383.84666443131596,ZONA_EURO,395.083226549541,-2.844100018206175
2020,C19,34406.2233641345,94.950682,362.3588861018871,ZONA_EURO,429.4531053130195,-15.623177101543783
2021,C19,30608.1224230865,97.079318,315.2898377704559,ZONA_EURO,463.8229840765125,-32.023670970465425
2022,C19,58040.6519682613,91.637756,633.3705068930464,ZONA_EURO,498.19286284000555,27.13359707372063
2023,C19,40769.38175256107,92.657155,440.00252061010366,ZONA_EURO,532.5627416034986,-17.380153315777292
2024,C19,2715.503,14.302166,189.86655587692104,ZONA_EURO,566.9326203669771,-66.50985512987066
2015,C19T23,383539.1163548593,4116.340763694622,93.17477302598576,ZONA_EURO,92.93543099360204,0.2575358287198348
2016,C19T23,393018.2334521471,4151.807245952272,94.66196530084893,ZONA_EURO,94.74893437546598,-0.09178897387109863
2017,C19T23,407508.9129525966,4221.1644769122595,96.53945378851606,ZONA_EURO,96.56243775732946,-0.02380218369296694
2018,C19T23,420384.44741953263,4301.688611172753,97.72544817113688,ZONA_EURO,98.3759411391934,-0.6612317610625307
2019,C19T23,430683.3780905362,4276.447547,100.71054850016058,ZONA_EURO,100.18944452105688,0.5201186428318572
2020,C19T23,426179.6906571344,4130.491221,103.17893631885156,ZONA_EURO,102.00294790292082,1.1528964996677882
2021,C19T23,472898.309697341,4272.497979,110.68426761620735,ZONA_EURO,103.81645128478476,6.615344915405652
2022,C19T23,548154.585447864,4290.5123140000005,127.75970451342793,ZONA_EURO,105.62995466664825,20.950259721892106
2023,C19T23,456015.1211355789,3859.767493,118.14574892466946,ZONA_EURO,107.44345804851218,9.960858548805307
2024,C19T23,37823.976,298.622386,126.66155577499137,ZONA_EURO,109.25696143037567,15.929963744879384
2015,C20,124637.980367218,1051.127065,118.57556000350729,ZONA_EURO,116.70155664289814,1.6058083666728784
2016,C20,122264.3409066278,1047.127449,116.76166165196935,ZONA_EURO,118.53561635124333,-1.4965583795653603
2017,C20,128370.7702737161,1076.35712,119.26410657618553,ZONA_EURO,120.36967605958853,-0.9184784071826324
2018,C20,133183.3820210747,1089.517275,122.24072539012721,ZONA_EURO,122.20373576793327,0.030268814583700454
2019,C20,134230.9327912889,1073.793114,125.00632667615422,ZONA_EURO,124.03779547627846,0.7808355478721607
2020,C20,130420.4457925998,1061.729998,122.83767628142292,ZONA_EURO,125.87185518462366,-2.4105300575337774
2021,C20,147416.4013973179,1099.354474,134.09360209445776,ZONA_EURO,127.70591489296885,5.001872628094373
2022,C20,161749.6652435303,1106.704301,146.15436580247854,ZONA_EURO,129.53997460131404,12.825686628624645
2023,C20,118089.7126978828,974.329957,121.20094619843736,ZONA_EURO,131.37403430965924,-7.743606386664714
2024,C20,11653.017,80.927812,143.99273515512812,ZONA_EURO,133.20809401800443,8.096085464345748
2015,C20_21,238721.7126109533,1667.9988798300221,143.11862885380373,ZONA_EURO,141.50195321952697,1.1425111791698361
2016,C20_21,238903.52001382803,1688.599790764249,141.48024968408996,ZONA_EURO,142.59580168059074,-0.7823175600916943
2017,C20_21,244178.78372860875,1719.1586085169097,142.0338894380768,ZONA_EURO,143.6896501416545,-1.1523173046530388
2018,C20_21,252829.82110945,1743.954939748622,144.97497346226933,ZONA_EURO,144.78349860271828,0.13224909012348185
2019,C20_21,257895.23313914635,1756.29487,146.84050927003298,ZONA_EURO,145.87734706378205,0.6602548138127329
2020,C20_21,263026.7504329999,1767.079766,148.84826112201657,ZONA_EURO,146.97119552484583,1.27716563131135
2021,C20_21,305949.769596254,1824.695492,167.6716860087765,ZONA_EURO,148.0650439859096,13.241911456651945
2022,C20_21,344123.530788603,1855.976118,185.41377092687515,ZONA_EURO,149.15889244697337,24.306213250269693
2023,C20_21,281165.0467870179,1692.0876139999998,166.16459127808375,ZONA_EURO,150.25274090803714,10.590056643150048
2024,C20_21,24253.178,112.426871,215.7240327359106,ZONA_EURO,151.3465893691009,42.53643483818941
2015,C21,114083.73224373542,519.5053148300223,219.6007027975501,ZONA_EURO,218.4547870863871,0.5245550928164588
2016,C21,116639.17910720024,541.4494417642492,215.42025923444527,ZONA_EURO,217.18048742859446,-0.8104909492515633
2017,C21,115802.91326426016,538.1184885169097,215.1996553462058,ZONA_EURO,215.9061877708018,-0.3272404704519394
2018,C21,119646.43908837528,552.0224647486223,216.74197469999592,ZONA_EURO,214.63188811300915,0.9831188671628022
2019,C21,124181.6323305391,584.1962560000001,212.56834677581207,ZONA_EURO,213.35758845521696,-0.36991497941051277
2020,C21,133657.9236404001,607.091758,220.1609919408593,ZONA_EURO,212.0832887974243,3.808740985316672
2021,C21,159964.47919893608,624.6617180000001,256.08177128430344,ZONA_EURO,210.80898913963165,21.475736081958473
2022,C21,175487.10181905475,642.864317,272.9768898015454,ZONA_EURO,209.53468948183945,30.27765974053882
2023,C21,163255.407089135,601.672657,271.33592525733644,ZONA_EURO,208.2603898240468,30.286861311735926
2024,C21,12600.161,31.499059,400.0170608271187,ZONA_EURO,206.98609016625414,93.25794332644254
2015,C22,70757.08002296362,1047.7233941377347,67.53412247819088,ZONA_EURO,67.96625037378158,-0.6357977572901241
2016,C22,74015.18332803686,1071.8856620193408,69.05137921949492,ZONA_EURO,68.27663298718028,1.1347165178167362
2017,C22,74064.08063999598,1083.0964553425467,68.3817957991304,ZONA_EURO,68.5870156005791,-0.2992108632394852
2018,C22,75852.15541960763,1103.9124638194799,68.71211070229528,ZONA_EURO,68.8973982139778,-0.2689325235577966
2019,C22,76775.64490099999,1108.582808,69.25566980378427,ZONA_EURO,69.2077808273765,0.06919594276144636
2020,C22,73062.183425,1060.630909,68.88558762999429,ZONA_EURO,69.5181634407752,-0.9099432140778796
2021,C22,77478.132191,1072.361169,72.25003518474101,ZONA_EURO,69.8285460541739,3.4677639266446736
2022,C22,66544.024998,944.308225,70.46854325344883,ZONA_EURO,70.1389286675726,0.46994528165442695
2023,C22,57485.044523,753.0672999999999,76.33453812560975,ZONA_EURO,70.4493112809713,8.35384581854397
2024,C22,7537.989,114.160253,66.02989045583142,ZONA_EURO,70.75969389437,-6.684318682326729
2015,C22_23,121325.84531093371,2354.5767903858577,51.52766552627547,ZONA_EURO,52.016343357122196,-0.9394697883541525
2016,C22_23,127559.29200795735,2374.349594188023,53.72388814191447,ZONA_EURO,52.82308207109418,1.7053266025028657
2017,C22_23,128511.45271679306,2401.633095766044,53.51002738234752,ZONA_EURO,53.62982078506616,-0.2233708801652301
2018,C22_23,132204.2362508861,2451.475282504275,53.92843941540151,ZONA_EURO,54.43655949903814,-0.9334169688765992
2019,C22_23,135721.2688,2447.2324519999997,55.459083459391785,ZONA_EURO,55.24329821301012,0.39060891250486396
2020,C22_23,129465.33886,2293.845073,56.44031516508613,ZONA_EURO,56.0500369269821,0.6963032666909008
2021,C22_23,137174.663678,2381.323869,57.604371023923086,ZONA_EURO,56.85677564095408,1.3148747436717345
2022,C22_23,144249.060691,2375.06834,60.73469898175646,ZONA_EURO,57.663514354926065,5.326044833006316
2023,C22_23,136318.6925959999,2075.391424,65.68336508458074,ZONA_EURO,58.470253068898046,12.336378991182361
2024,C22_23,13131.801,196.64734900000002,66.77842883099328,ZONA_EURO,59.27699178287003,12.654888216326498
2015,C23,50569.6652879701,780.4271962481231,64.79741548101094,ZONA_EURO,65.3001010419598,-0.769808243674619
2016,C23,53544.008679920495,786.6888321686819,68.0625000514048,ZONA_EURO,67.11219783227989,1.4159903114778105
2017,C23,54447.47207679708,791.3884404234973,68.79993350378038,ZONA_EURO,68.92429462259997,-0.18043147122583925
2018,C23,56352.18083127849,803.3676186847954,70.14494923698001,ZONA_EURO,70.73639141292006,-0.8361214986039256
2019,C23,58805.35172441884,807.580844,72.81667483982426,ZONA_EURO,72.5484882032406,0.36966536894931235
2020,C23,56403.156435,769.4534639999999,73.30288194660724,ZONA_EURO,74.36058499356068,-1.422397426062516
2021,C23,59696.631487,800.7492,74.55097237312258,ZONA_EURO,76.17268178388076,-2.128990830806432
2022,C23,50775.536693,692.914515,73.27821194942062,ZONA_EURO,77.98477857420085,-6.035237530747139
2023,C23,41340.648073000004,550.960024,75.03384324122943,ZONA_EURO,79.79687536452093,-5.968945652988844
2024,C23,5593.81,83.487095,67.0020917604092,ZONA_EURO,81.60897215484147,-17.89862071380801
2015,C24,53479.39646470771,679.7007777060508,78.68079340029219,ZONA_EURO,80.36333416484581,-2.093667195418125
2016,C24,53725.815234807495,679.4325507879523,79.0745382635856,ZONA_EURO,80.67135859315545,-1.9794142027816708
2017,C24,57645.32492577338,685.5658457030684,84.08430100052077,ZONA_EURO,80.97938302146508,3.8342079961669606
2018,C24,60845.18132109231,702.6148864035023,86.59819553858661,ZONA_EURO,81.28740744977483,6.533346622099079
2019,C24,53200.04687245862,695.79757,76.45908690434004,ZONA_EURO,81.59543187808447,-6.294892808973518
2020,C24,45737.261797,648.546974,70.52266625331599,ZONA_EURO,81.9034563063941,-13.895372144618069
2021,C24,56168.848394,660.026721,85.10087032370316,ZONA_EURO,82.21148073470385,3.514581617041257
2022,C24,59841.767941000006,572.014413,104.61583935822961,ZONA_EURO,82.51950516301349,26.77710457856699
2023,C24,46518.152029000004,477.11341,97.49915021042902,ZONA_EURO,82.82752959132313,17.713459149991206
2024,C24,5127.269,74.66596799999999,68.66942379960842,ZONA_EURO,83.13555401963276,-17.400654137227633
2015,C241_2431,32577.823671909835,432.9064951688956,75.25371884106247,ZONA_EURO,77.80925583827275,-3.284361185155127
2016,C241_2431,32764.835544871956,424.21469131421907,77.23644705318041,ZONA_EURO,78.54488488000538,-1.665847278054955
2017,C241_2431,35280.20478067482,426.95817783675733,82.63152367622249,ZONA_EURO,79.28051392173802,4.2267760244243835
2018,C241_2431,38111.761149788115,435.75429353337745,87.4615849238187,ZONA_EURO,80.01614296347066,9.304924837163275
2019,C241_2431,32157.683864871622,435.6270784627935,73.81929511440639,ZONA_EURO,80.75177200520329,-8.584922310249999
2020,C241_2431,26588.211026149318,418.3197833922435,63.55953526878384,ZONA_EURO,81.48740104693593,-22.00078238821952
2021,C241_2431,36067.65700086971,408.92335994972706,88.20150799236282,ZONA_EURO,82.22303008866857,7.271050333765516
2022,C241_2431,38174.86507450698,329.0635641837775,116.0106108046251,ZONA_EURO,82.9586591304012,39.841472874182
2023,C241_2431,22088.761293969146,238.28195271125173,92.70010188617239,ZONA_EURO,83.69428817213361,10.76036837247074
2015,C242_2432,19103.109541090205,220.16343883110443,86.76785592790868,ZONA_EURO,86.0980027353491,0.7780124640273112
2016,C242_2432,18871.902204128048,224.23248968578142,84.16221141982314,ZONA_EURO,86.2208491755676,-2.387633357162311
2017,C242_2432,19846.12557432521,226.93041316324283,87.45467519176842,ZONA_EURO,86.34369561578609,1.2866944923529688
2018,C242_2432,20263.325502211857,230.94455546662257,87.74108340103489,ZONA_EURO,86.46654205600456,1.474028352151291
2019,C242_2432,19819.434087128408,231.55532153720677,85.59265213839528,ZONA_EURO,86.58938849622305,-1.151106821676251
2020,C242_2432,17836.05077085067,219.3731906077566,81.30460573344108,ZONA_EURO,86.71223493644155,-6.2362931908791825
2021,C242_2432,18384.191393130277,222.39944405027322,82.66293772287733,ZONA_EURO,86.83508137666004,-4.80467523912993
2022,C242_2432,19071.902866493016,190.63280087248646,100.04523240074586,ZONA_EURO,86.95792781687854,15.05015691200391
2023,C242_2432,15425.597490342616,133.884781583058,115.21546592487849,ZONA_EURO,87.08077425709703,32.30872934675186
2015,C24_25,194051.75150869985,3755.62733154283,51.669597214530455,ZONA_EURO,52.09565035287915,-0.817828619976424
2016,C24_25,199782.64890909346,3813.505316408955,52.38819205245578,ZONA_EURO,52.66695451202645,-0.5292929165042537
2017,C24_25,207895.33429541043,3854.148118579484,53.94067064865011,ZONA_EURO,53.23825867117375,1.3193744405030294
2018,C24_25,217429.15581411793,3957.1973938629826,54.94523880747466,ZONA_EURO,53.809562830321056,2.110546745630981
2019,C24_25,211012.1059507938,3962.847663,53.24759463275735,ZONA_EURO,54.38086698946836,-2.0839541909666193
2020,C24_25,190568.439022,3665.260494,51.99315010050688,ZONA_EURO,54.952171148615435,-5.3847209059420535
2021,C24_25,217033.43136699998,3811.235342,56.9456913288143,ZONA_EURO,55.52347530776274,2.5614679433668686
2022,C24_25,243714.98738900002,3847.696375,63.34049354115162,ZONA_EURO,56.09477946691004,12.916913379641294
2023,C24_25,217370.45363099998,3439.81169,63.19254459856783,ZONA_EURO,56.66608362605734,11.51740257113756
2024,C24_25,22644.379,341.150673,66.37647465523247,ZONA_EURO,57.237387785204646,15.966988053899623
2015,C25,140573.15304399212,2337.445530836779,60.13964868463417,ZONA_EURO,60.72596473966348,-0.9655113056546649
2016,C25,146057.33267428595,2385.8748646210024,61.21751598966916,ZONA_EURO,61.20781065680785,0.015856363358146552
2017,C25,150250.10936963707,2410.3316728764157,62.33586483570255,ZONA_EURO,61.68965657395222,1.0475147660705009
2018,C25,156584.47549302562,2477.7893064594805,63.19523418912868,ZONA_EURO,62.1715024910967,1.6466253138704312
2019,C25,157561.526751,2559.478195,61.5600191706263,ZONA_EURO,62.65334840824107,-1.7450451817687118
2020,C25,144830.576225,2392.56638,60.533566565037155,ZONA_EURO,63.13519432538544,-4.120725037987604
2021,C25,160864.982973,2445.802421,65.77186349632778,ZONA_EURO,63.61704024252981,3.3871793556931484
2022,C25,132368.919448,2028.7923620000001,65.24517832742116,ZONA_EURO,64.09888615967418,1.7883183880785358
2023,C25,115071.801602,1685.00678,68.29159559939575,ZONA_EURO,64.58073207681855,5.746084634288651
2024,C25,17517.11,266.48470499999996,65.734016517008,ZONA_EURO,65.06257799396292,1.0319888079248551
2015,C252,2067.381698124494,16.60452071767446,124.50715881994095,ZONA_EURO,123.88072154176007,0.5056777764809173
2016,C252,2143.216196209605,16.41586978859137,130.55757774705842,ZONA_EURO,128.36864832191714,1.7051900551698473
2017,C252,2160.490543528391,16.211682399431297,133.26750983008282,ZONA_EURO,132.85657510207602,0.3093070310528967
2018,C252,2075.875434570857,16.28775116998264,127.4500950380782,ZONA_EURO,137.3445018822331,-7.204079310461886
2019,C252,2300.304779914022,15.49021216818541,148.5005340752211,ZONA_EURO,141.83242866239198,4.7013969059934935
2020,C252,2113.398378267536,16.698622336782883,126.56124173862227,ZONA_EURO,146.32035544254904,-13.504008819664847
2021,C252,5769.355305539378,22.853041269488376,252.4545961960073,ZONA_EURO,150.80828222270793,67.4010156969973
2022,C252,5757.757895090678,17.73712770491138,324.61613801745165,ZONA_EURO,155.29620900286682,109.03030415343827
2023,C252,3400.03574917685,0.004005467378386,848848.693044878,ZONA_EURO,159.78413578302388,531147.1659874654
2015,C25X252,59778.26079287551,876.9634792823255,68.16505157295242,ZONA_EURO,68.50892531609861,-0.501940063370665
2016,C25X252,61564.26481679037,889.303130211409,69.22753639937717,ZONA_EURO,69.30552936861068,-0.1125349881085147
2017,C25X252,63151.559373471595,896.4223176005694,70.44844615482997,ZONA_EURO,70.10213342112274,0.494011689525653
2018,C25X252,66540.67715742919,926.5492488300176,71.8155858865054,ZONA_EURO,70.89873747363458,1.2931801687043665
2019,C25X252,67017.49797108598,945.8527878318143,70.85404709194832,ZONA_EURO,71.69534152614665,-1.1734297044829867
2020,C25X252,60683.52184673246,965.6263776632169,62.84368701027464,ZONA_EURO,72.49194557865872,-13.309421469334204
2021,C25X252,74187.73066746071,1052.9309587305113,70.45830503161075,ZONA_EURO,73.28854963117078,-3.8617827939062987
2022,C25X252,40235.85155290936,526.2835734581719,76.45279765910693,ZONA_EURO,74.08515368368262,3.1958413497167326
2023,C25X252,8245.46425082315,123.6959945326216,66.6591047024455,ZONA_EURO,74.88175773619469,-10.980849384862523
2015,C26,82056.98659702316,894.0749516799175,91.7786438853282,ZONA_EURO,90.76664065793102,1.1149506250992314
2016,C26,83966.04081040685,913.718735324808,91.89484418370678,ZONA_EURO,92.41214038644966,-0.5597708272740531
2017,C26,86523.36105841452,914.8020732565484,94.58150958316618,ZONA_EURO,94.05764011496831,0.5569664171432898
2018,C26,90091.41212901432,977.5620582877953,92.15927660573271,ZONA_EURO,95.70313984348695,-3.702974890426669
2019,C26,93483.02882763768,936.0103510000001,99.87392631690851,ZONA_EURO,97.3486395720056,2.594064751192593
2020,C26,90616.9221828657,899.451458,100.74687341589222,ZONA_EURO,98.99413930052424,1.7705433147381378
2021,C26,99671.7093106587,937.244065,106.34552197528048,ZONA_EURO,100.63963902904288,5.669617857622655
2022,C26,112660.8406501357,960.590782,117.28286671205606,ZONA_EURO,102.28513875756153,14.662665697743705
2023,C26,112639.46456342061,852.462616,132.1341985551899,ZONA_EURO,103.93063848608017,27.136906382892214
2024,C26,14141.974,90.177088,156.82446964798865,ZONA_EURO,105.57613821459881,48.54158553253782
2015,C265_267,31362.427412156627,290.81361884642274,107.84373694933102,ZONA_EURO,108.07181673747982,-0.21104465070929113
2016,C265_267,32249.07032477107,297.53362378655805,108.38798625296081,ZONA_EURO,109.99404851838744,-1.4601356046624159
2017,C265_267,33400.08688941816,294.86967421799807,113.2706745039009,ZONA_EURO,111.91628029929507,1.2101851499923155
2018,C265_267,35868.805146212806,306.93765760080095,116.86022961986404,ZONA_EURO,113.83851208020315,2.65438952463819
2019,C265_267,33993.60064444268,300.24702964258483,113.21877417041823,ZONA_EURO,115.76074386111077,-2.1958823050950538
2020,C265_267,33537.17487287253,308.645909265415,108.65906161754044,ZONA_EURO,117.68297564201839,-7.667985938703592
2021,C265_267,39842.31613513923,330.37608396538434,120.59685331010148,ZONA_EURO,119.60520742292647,0.8290992579182088
2022,C265_267,38727.25693170086,309.2183041014109,125.24244657586605,ZONA_EURO,121.52743920383409,3.0569288683857554
2023,C265_267,33369.65702079586,233.89972250160085,142.66650966448867,ZONA_EURO,123.44967098474172,15.566536975316957
2015,C266,2236.103416072812,23.974450768813206,93.27026665326625,ZONA_EURO,93.64387061515117,-0.398962536929226
2016,C266,2253.281332668811,24.074419072037905,93.59649867048984,ZONA_EURO,91.51042480007254,2.2796024332471854
2017,C266,2313.9748223101087,25.929947316256456,89.23947257152317,ZONA_EURO,89.37697898499482,-0.153849923138194
2018,C266,2107.6028854118254,25.468062366869606,82.7547402331448,ZONA_EURO,87.2435331699171,-5.14512970036397
2019,C266,2276.128574493485,25.85806968524621,88.02391679654924,ZONA_EURO,85.11008735483938,3.423600576934649
2020,C266,2606.3853606558914,26.808413962276962,97.22266167343676,ZONA_EURO,82.97664153976166,17.168711422055495
2021,C266,2654.2644614601395,26.33656316003284,100.78249182824771,ZONA_EURO,80.84319572468303,24.664161188616674
2022,C266,1061.4039359360745,12.906580776226043,82.23742246987548,ZONA_EURO,78.7097499096053,4.481874944745168
2023,C266,136.4269820097522,5.650548321909932,24.144025364893924,ZONA_EURO,76.57630409452759,-68.47063115622561
2015,C26T28,341205.53204032127,5051.715219579432,67.54251124803656,ZONA_EURO,67.77798725495359,-0.34742254300242914
2016,C26T28,351763.6711747206,5092.932689659125,69.06898099968106,ZONA_EURO,69.39407405225438,-0.4684737955124585
2017,C26T28,366770.76354685373,5111.043296203253,71.76044934295705,ZONA_EURO,71.01016084955518,1.0565931472700907
2018,C26T28,379046.65023339266,5189.373501690734,73.04285384543945,ZONA_EURO,72.62624764685597,0.5736303500205819
2019,C26T28,385344.3580270952,5233.096745,73.63600881166114,ZONA_EURO,74.24233444415677,-0.8166844927966155
2020,C26T28,361186.6938438657,4926.619029,73.31329898207676,ZONA_EURO,75.85842124145711,-3.355095212539727
2021,C26T28,396369.4531306587,5092.288146,77.83720044239985,ZONA_EURO,77.4745080387579,0.4681441842270262
2022,C26T28,418501.5575031357,5150.748525,81.25062900506013,ZONA_EURO,79.0905948360587,2.7310885364799864
2023,C26T28,470191.3410514206,5178.228204,90.8015874403168,ZONA_EURO,80.7066816333595,12.50814133681919
2024,C26T28,55880.935,469.093976,119.12524538579876,ZONA_EURO,82.32276843066029,44.70510122134299
2015,C26_27,159477.8777755932,2193.3253815752437,72.71054222746302,ZONA_EURO,72.99693991124423,-0.39234204081627366
2016,C26_27,164037.6923525783,2210.9838485224536,74.19217126448059,ZONA_EURO,74.42593002238118,-0.3140824143282983
2017,C26_27,170102.5887586669,2219.986610290482,76.62324987465092,ZONA_EURO,75.85492013351814,1.012893744770138
2018,C26_27,175021.28080224578,2255.5998551113807,77.59411777121403,ZONA_EURO,77.28391024465509,0.401386945325255
2019,C26_27,177186.0009240952,2267.124179,78.15451952978144,ZONA_EURO,78.71290035579204,-0.7093892150926373
2020,C26_27,170202.5924068657,2148.0487120000003,79.23590906297179,ZONA_EURO,80.14189046692945,-1.13047171545263
2021,C26_27,185505.5807586587,2242.3741760000003,82.72730873558663,ZONA_EURO,81.57088057806641,1.417697282810959
2022,C26_27,201862.6412741357,2284.03017,88.38002401436567,ZONA_EURO,82.99987068920336,6.482122538851343
2023,C26_27,203523.7968094206,2120.7442140000003,95.96810188888747,ZONA_EURO,84.42886080034032,13.667412990251604
2024,C26_27,22443.068,209.73110400000002,107.00877252808434,ZONA_EURO,85.85785091147727,24.634813697368774
2015,C27,77420.89117857003,1239.459329895326,62.46343813887652,ZONA_EURO,63.61270139923408,-1.8066569019680068
2016,C27,80071.65154217146,1232.9781131976456,64.94166496963278,ZONA_EURO,64.6857378944942,0.3956468357151799
2017,C27,83579.22770025239,1237.1555358411867,67.5575748391441,ZONA_EURO,65.75877438975431,2.735453125583276
2018,C27,84432.80936809226,1258.9982968235854,67.06348180225,ZONA_EURO,66.83181088501442,0.34664767296843646
2019,C27,83549.79855986346,1251.350328,66.76771219886831,ZONA_EURO,67.90484738027453,-1.6746008941572965
2020,C27,79585.670224,1182.6196539999999,67.296082857084,ZONA_EURO,68.97788387553464,-2.4381742726194977
2021,C27,85833.871448,1230.391611,69.76142447707245,ZONA_EURO,70.05092037079476,-0.4132649395467425
2022,C27,88681.800624,1265.576888,70.07223461874723,ZONA_EURO,71.12395686605487,-1.4787172897147816
2023,C27,90884.332246,1190.533998,76.33913218663076,ZONA_EURO,72.19699336131498,5.737273302485257
2024,C27,8918.249,126.81401600000001,70.32542049610667,ZONA_EURO,73.27002985657509,-4.018845585613173
2015,C28,181728.55426472804,2774.635538004188,65.49636944225347,ZONA_EURO,65.55510643676507,-0.08959941902964008
2016,C28,187725.0788221423,2805.051841136671,66.9239249232812,ZONA_EURO,66.80680179879391,0.17531616741666145
2017,C28,196667.7747881868,2807.693587105517,70.04602485520289,ZONA_EURO,68.0584971608223,2.9203226302280116
2018,C28,191188.19212914322,2931.492746579353,65.2187157386739,ZONA_EURO,69.31019252285114,-5.9031386802573245
2019,C28,208157.957103,2866.895266,72.60745084470065,ZONA_EURO,70.56188788487998,2.898962912043901
2020,C28,190984.101437,2691.267017,70.9643822893104,ZONA_EURO,71.81358324690837,-1.1825074299360083
2021,C28,210864.472372,2762.6727699999997,76.32625718897573,ZONA_EURO,73.0652786089372,4.463102915807737
2022,C28,216403.116229,2780.775855,77.82112889102312,ZONA_EURO,74.31697397096605,4.715147472804904
2023,C28,228995.544242,2653.19689,86.30929167190453,ZONA_EURO,75.56866933299443,14.213062680224509
2024,C28,35009.593,271.996872,128.71321917260872,ZONA_EURO,76.82036469502327,67.55090877737953
2015,C29,168790.672272,1568.806,107.59180693597551,ZONA_EURO,112.52192556294995,-4.381473745946785
2016,C29,183997.825623,1587.0059999999999,115.94022053035718,ZONA_EURO,112.85297016970696,2.7356394395359196
2017,C29,192289.150222,1631.41256,117.86666042463226,ZONA_EURO,113.18401477646398,4.137196986179004
2018,C29,193408.97595499997,1687.562356,114.60849151283153,ZONA_EURO,113.515059383221,0.9632485201097163
2019,C29,186389.81152306305,1695.795679,109.91289447852346,ZONA_EURO,113.84610398997813,-3.4548477054611504
2020,C29,162418.676646,1588.464631,102.24884676453334,ZONA_EURO,114.17714859673515,-10.447188407490938
2021,C29,191284.77461895923,1582.248195,120.89429156780251,ZONA_EURO,114.50819320349217,5.576979415753791
2022,C29,191842.02738720895,1447.863631,132.5000664977743,ZONA_EURO,114.83923781024919,15.378740772127376
2023,C29,188518.62540577678,1309.063775,144.0102682589141,ZONA_EURO,115.1702824170062,25.041169680807627
2024,C29,8279.786,156.047843,53.059278749530684,ZONA_EURO,115.50132702376322,-54.06175832195047
2015,C29_30,214048.9811271376,2601.024775115946,82.29409545612496,ZONA_EURO,84.95391911292973,-3.1309016518343835
2016,C29_30,231234.16361462473,2608.3439147348686,88.65171586781688,ZONA_EURO,86.35666562486858,2.657641105456676
2017,C29_30,242640.01244701707,2675.6842988282274,90.68334876176436,ZONA_EURO,87.75941213680744,3.3317641421740873
2018,C29_30,248218.92280573456,2850.8487497625647,87.0684292972076,ZONA_EURO,89.1621586487463,-2.348226403744813
2019,C29_30,248052.091657,2753.091534,90.09947130112384,ZONA_EURO,90.56490516068516,-0.5139229801384038
2020,C29_30,208412.732688,2496.76475,83.47311563414215,ZONA_EURO,91.96765167262402,-9.236438991309415
2021,C29_30,239470.826515,2533.7019099999998,94.51420688829177,ZONA_EURO,93.37039818456287,1.225022840181067
2022,C29_30,260668.81604900002,2503.913871,104.10454571462374,ZONA_EURO,94.77314469650173,9.846039242450555
2023,C29_30,284411.598878,2550.258895,111.52263773517787,ZONA_EURO,96.17589120844059,15.956957958909367
2024,C29_30,11648.46,207.809918,56.053436294604566,ZONA_EURO,97.57863772037945,-42.555627333893675
2015,C30,45191.01337,407.210427,110.97705356645989,ZONA_EURO,110.88615306920656,0.08197641881992901
2016,C30,47164.607347,414.951757,113.66286936097971,ZONA_EURO,114.97166054329682,-1.1383598150469743
2017,C30,50279.340877,421.280104,119.34895666708249,ZONA_EURO,119.0571680173889,0.24508280732074006
2018,C30,54747.997385,434.088057,126.12186975003554,ZONA_EURO,123.14267549148099,2.419302850668248
2019,C30,57117.563518,456.301355,125.17509074238887,ZONA_EURO,127.22818296557125,-1.6137086731309758
2020,C30,46084.546042,454.89412,101.30829134920452,ZONA_EURO,131.31369043966333,-22.850168166011475
2021,C30,48185.950896040784,458.588815,105.07441376659128,ZONA_EURO,135.3991979137536,-22.396575913602202
2022,C30,44378.48766179106,378.01004,117.40028826163206,ZONA_EURO,139.48470538784568,-15.832859283608592
2023,C30,27809.072472223204,282.504519,98.43761993847328,ZONA_EURO,143.57021286193776,-31.435903049656687
2024,C30,3061.233,39.699073999999996,77.11094218469681,ZONA_EURO,147.65572033602803,-47.776529070996155
2015,C301,5516.637980219349,82.22124928400322,67.09503964314798,ZONA_EURO,68.05072476140231,-1.40437169714962
2016,C301,5993.640839744344,81.77123831886611,73.29766508331697,ZONA_EURO,73.56726280261319,-0.3664642519316863
2017,C301,6559.781276162855,82.14594643568603,79.85520358327918,ZONA_EURO,79.08380084382588,0.9754244626869246
2018,C301,7652.212943188877,87.265302297676,87.68906703704465,ZONA_EURO,84.60033888503858,3.6509642782912133
2019,C301,8435.2863484273,96.42307634104131,87.48202887234498,ZONA_EURO,90.11687692624946,-2.923811991466152
2020,C301,7027.765140784995,101.15404380954979,69.47586943747586,ZONA_EURO,95.63341496746216,-27.35188902214357
2021,C301,8040.392193915915,102.30030860275913,78.5959720330605,ZONA_EURO,101.14995300867486,-22.29756940537587
2022,C301,5736.275130175675,69.902479788619,82.0611106719223,ZONA_EURO,106.66649104988755,-23.067582082978067
2023,C301,3066.4269910196344,43.3432552193329,70.74750097800407,ZONA_EURO,112.18302909109843,-36.93564744044
2015,C302_309,8035.158039629874,101.1968608711843,79.40125781033863,ZONA_EURO,78.4448272037771,1.2192398666097004
2016,C302_309,7951.078604806788,98.43954603326826,80.77118317997598,ZONA_EURO,80.0907689241294,0.8495539061325941
2017,C302_309,7548.953359819734,96.95778147635929,77.85814861760586,ZONA_EURO,81.73671064448172,-4.7451897639310125
2018,C302_309,8637.346201450539,101.29074059350812,85.27281122480133,ZONA_EURO,83.38265236483403,2.2668490463664703
2019,C302_309,8534.01276017275,99.95312167191189,85.38015238968687,ZONA_EURO,85.02859408518589,0.41345891730113493
2020,C302_309,7930.286247233749,101.7972613460138,77.90274652162128,ZONA_EURO,86.6745358055382,-10.120376420125499
2021,C302_309,8968.846881718546,106.56423296657802,84.16376331945696,ZONA_EURO,88.32047752589051,-4.706399153259833
2022,C302_309,7374.129072765877,83.16448676038983,88.66920677346234,ZONA_EURO,89.96641924624237,-1.4418851874381078
2023,C302_309,4709.004716262831,56.6857291448251,83.07213803728095,ZONA_EURO,91.61236096659468,-9.322129502183463
2015,C303,30396.319081709997,215.5110371934997,141.04298080296567,ZONA_EURO,139.55054030327847,1.069462358543194
2016,C303,31763.457420219882,225.69906260526997,140.73367010731315,ZONA_EURO,144.20827387393365,-2.409434405724864
2017,C303,34758.014334043866,233.4182950875643,148.9086976708693,ZONA_EURO,148.86600744458883,0.028676947150851895
2018,C303,36965.99549565868,234.12142184382725,157.89240986378928,ZONA_EURO,153.523741015244,2.845598224519219
2019,C303,38690.049564272245,248.40759870625982,155.7522787780053,ZONA_EURO,158.1814745858992,-1.5357018350304674
2020,C303,29427.49091771533,244.9261724515883,120.14841298159723,ZONA_EURO,162.8392081565562,-26.216533265081566
2021,C303,29438.035018502735,234.52145622349383,125.52384541928194,ZONA_EURO,167.49694172721138,-25.05902249623614
2022,C303,28786.050790560173,190.46209873805435,151.1379480814716,ZONA_EURO,172.15467529786656,-12.208049058227012
2023,C303,14853.5506555712,116.44217266371376,127.56160689708541,ZONA_EURO,176.81240886852174,-27.85483342860816
2015,C304,816.0056981681346,5.048644652345631,161.62866558433922,ZONA_EURO,195.92743624671743,-17.505853860705976
2016,C304,861.2334822289567,3.978134042595667,216.49182079018536,ZONA_EURO,195.31038551697065,10.845012269649246
2017,C304,925.4699069735502,3.928038000390368,235.60614914661647,ZONA_EURO,194.6933347872241,21.01397790741273
2018,C304,1009.7078452501222,5.431415097085393,185.90143216856168,ZONA_EURO,194.07628405747732,-4.212184878032077
2019,C304,1075.2239306416518,6.185184947453583,173.8386062464175,ZONA_EURO,193.45923332773054,-10.14199567723637
2020,C304,1137.6572521975518,7.025858926181508,161.92429483007828,ZONA_EURO,192.842182597984,-16.032741048342046
2021,C304,1125.6007910079256,6.8625075236173165,164.02179336549665,ZONA_EURO,192.2251318682372,-14.672034935615418
2022,C304,1491.7838924266484,9.946649178171523,149.97853706356221,ZONA_EURO,191.60808113849043,-21.72640309718421
2023,C304,2603.740476618415,19.72989890036661,131.9692761613712,ZONA_EURO,190.99103040874388,-30.902893251614483
2015,C31T33,132248.81853360462,2526.5730055590593,52.34316136625614,ZONA_EURO,51.60363625590787,1.4330872085852375
2016,C31T33,131852.36469516612,2558.6843329090034,51.53131357366829,ZONA_EURO,51.9445344919493,-0.7955041320950706
2017,C31T33,137482.70065976225,2623.1340221881424,52.41161888673845,ZONA_EURO,52.285432727990724,0.24134094749526103
2018,C31T33,137304.5174000769,2710.5538507547303,50.655520959985964,ZONA_EURO,52.62633096403215,-3.744912419209212
2019,C31T33,149316.70621190793,2740.48274,54.48554885330456,ZONA_EURO,52.96722920007369,2.8665264846981175
2020,C31T33,141609.065932,2526.253984,56.054959963993866,ZONA_EURO,53.308127436115115,5.152746232121119
2021,C31T33,153240.792648,2626.0893499999997,58.35322878408536,ZONA_EURO,53.64902567215654,8.768478183882976
2022,C31T33,164178.121223,2687.540103,61.088621911068095,ZONA_EURO,53.989923908197966,13.148190419642813
2023,C31T33,138652.670949,2160.678629,64.170890149069,ZONA_EURO,54.330822144239505,18.111391686114576
2024,C31T33,30287.516,307.368189,98.53822576284888,ZONA_EURO,54.67172038028093,80.23618989387022
2015,C31_32,66098.68802311116,1043.5916243741283,63.33769501336543,ZONA_EURO,62.45703605134821,1.4100236221475493
2016,C31_32,64923.48055337202,1059.900525463643,61.254314903723525,ZONA_EURO,62.62415167319983,-2.187393733690346
2017,C31_32,70812.36782233065,1097.0064532604588,64.55054809556155,ZONA_EURO,62.791267295051455,2.8017921540639756
2018,C31_32,69475.17877246295,1157.4046826005617,60.02669577624295,ZONA_EURO,62.958382916903076,-4.65654771427273
2019,C31_32,76042.54826272915,1173.730088,64.78708268636387,ZONA_EURO,63.1254985387547,2.6321917229518155
2020,C31_32,72271.143403,1107.703792,65.24410580242917,ZONA_EURO,63.29261416060632,3.0832849420169284
2021,C31_32,80186.777491,1148.827793,69.79877922486857,ZONA_EURO,63.459729782458,9.9890898750137
2022,C31_32,70373.08089,1007.858033,69.82439846267515,ZONA_EURO,63.62684540430962,9.740468852390638
2023,C31_32,62450.117603,844.334041,73.9637567248103,ZONA_EURO,63.79396102616124,15.941627600892394
2024,C31_32,20792.542,202.32548,102.76778782385689,ZONA_EURO,63.96107664801286,60.67238578456555
2015,C325,8025.5361037366465,114.52201367591557,70.07854512974258,ZONA_EURO,69.58252266205409,0.7128549651721494
2016,C325,8443.323145043545,121.90618619425648,69.26082595668427,ZONA_EURO,71.51409938856659,-3.1508100516505544
2017,C325,8840.624311684132,116.49450557726774,75.88876632314971,ZONA_EURO,73.4456761150791,3.3263907928938297
2018,C325,9224.44487635955,122.5566189479413,75.26680285034496,ZONA_EURO,75.3772528415916,-0.14652960552801186
2019,C325,9657.191174373336,125.85374948222966,76.7334403154744,ZONA_EURO,77.3088295681041,-0.7442736565075325
2020,C325,8690.975688095523,129.08169424480286,67.32926569443012,ZONA_EURO,79.24040629461615,-15.031650085059333
2021,C325,9926.185586020161,135.44408933448986,73.28622190006877,ZONA_EURO,81.17198302112865,-9.71488046436818
2022,C325,5069.966654809635,57.07286735119286,88.83322128555486,ZONA_EURO,83.10355974764116,6.894604220701073
2023,C325,75.3331474688937,1.39764705882353,53.89997924962931,ZONA_EURO,85.03513647415366,-36.614461404419394
2015,C33,66150.42851049347,969.9345811849311,68.2009176636223,ZONA_EURO,67.48006637757294,1.068243297236804
2016,C33,66928.78514179411,986.7202074453603,67.82954746115331,ZONA_EURO,67.74172865993842,0.12963767378264546
2017,C33,66669.83383743161,993.4643689276836,67.1084297762919,ZONA_EURO,68.0033909423039,-1.316053734395839
2018,C33,67829.73762761395,1013.7744671541686,66.90811400885165,ZONA_EURO,68.26505322466926,-1.987750908728858
2019,C33,73525.52121490792,1050.815752,69.96994580160035,ZONA_EURO,68.52671550703474,2.1060841511037376
2020,C33,69338.122529,1016.913492,68.18487813809043,ZONA_EURO,68.78837778940022,-0.8773279305371084
2021,C33,73054.614157,1029.930257,70.93161275773647,ZONA_EURO,69.05004007176558,2.724940758926886
2022,C33,68094.440333,942.59427,72.24151737417203,ZONA_EURO,69.31170235413106,4.227013506423205
2023,C33,43967.153346,567.574788,77.46495136073591,ZONA_EURO,69.57336463649654,11.34282748214197
2024,C33,9494.976,105.042709,90.39157586844034,ZONA_EURO,69.83502691886201,29.43587173448361
2015,D,146395.729159,881.6107999999999,166.0548273217615,ZONA_EURO,159.89436591931553,3.852832066362244
2016,D,146738.084592,895.9081,163.78698283004698,ZONA_EURO,162.36169294161482,0.8778486246412198
2017,D,147829.412103,903.5163,163.6156559687966,ZONA_EURO,164.8290199639141,-0.7361349326612143
2018,D,126227.73856987573,896.4697,140.80535970136606,ZONA_EURO,167.2963469862143,-15.834767322822163
2019,D,170493.81274070806,897.8922,189.88227399760024,ZONA_EURO,169.7636740085136,11.850945207558183
2020,D,171780.734979,895.7457999999999,191.7739775938665,ZONA_EURO,172.2310010308138,11.346956381886386
2021,D,178518.950368,912.2572,195.68927531402326,ZONA_EURO,174.69832805311307,12.015539870838587
2022,D,241647.55709,922.9919,261.8089683018887,ZONA_EURO,177.16565507541327,47.77636680791528
2023,D,330630.740408,1007.454854782246,328.1841750412364,ZONA_EURO,179.63298209771256,82.6970588634544
2024,D,165388.613,651.354808,253.91478034503123,ZONA_EURO,182.10030912001184,39.43676513898205
2015,D_E,233779.438016,2284.464214,102.33447150684935,ZONA_EURO,100.54350180472647,1.7812883676970648
2016,D_E,236851.43964,2318.49937,102.15721544060631,ZONA_EURO,102.26583453180001,-0.10621249187570125
2017,D_E,240956.000084,2336.819554,103.11279690875095,ZONA_EURO,103.98816725887355,-0.8417980364471722
2018,D_E,250875.680473,2493.218589,100.62321915128317,ZONA_EURO,105.71049998594708,-4.812465020352952
2019,D_E,268184.050534,2400.649258,111.7131332868785,ZONA_EURO,107.43283271302062,3.9841643059823406
2020,D_E,269690.927491,2391.182392,112.78559443783323,ZONA_EURO,109.15516544009415,3.3259342176816142
2021,D_E,284252.001099,2447.20544,116.15371413157695,ZONA_EURO,110.87749816716769,4.758599401705843
2022,D_E,351872.311141,2516.510565,139.82548535058504,ZONA_EURO,112.59983089424122,24.179125528097245
2023,D_E,444268.39393900003,2634.3289502617563,168.64575469774036,ZONA_EURO,114.32216362131476,47.51798720007541
2024,D_E,236826.406,1686.454389,140.428586473915,ZONA_EURO,116.0444963483883,21.012707101869708
2015,E,87383.666279,1253.616914,69.70523874010206,ZONA_EURO,70.242442838746,-0.7647856152685151
2016,E,90113.365988,1270.92737,70.90363156472112,ZONA_EURO,70.96772162118305,-0.09030874177422543
2017,E,93126.53923,1283.749054,72.54263513560494,ZONA_EURO,71.69300040361986,1.1851013728003679
2018,E,95881.680497,1312.367289,73.06009628604816,ZONA_EURO,72.41827918605668,0.8862639477286383
2019,E,98284.399791,1360.273695,72.25340029162292,ZONA_EURO,73.1435579684935,-1.2170007880311307
2020,E,97910.181769,1340.627392,73.03310550960308,ZONA_EURO,73.86883675093054,-1.1313718722082644
2021,E,105733.093998,1371.91964,77.06945138419331,ZONA_EURO,74.59411553336736,3.318406328872814
2022,E,109736.782362493,1380.527865,79.4890021017381,ZONA_EURO,75.31939431580417,5.53590190655453
2023,E,113637.695476,1474.63909547951,77.061360860671,ZONA_EURO,76.04467309824099,1.3369611847980023
2024,E,71437.793,873.297681,81.80233905831247,ZONA_EURO,76.76995188067804,6.555152184354851
2015,E36,23366.102614,245.32739899999999,95.2445699471179,ZONA_EURO,95.91667244750761,-0.7007149885829622
2016,E36,24798.358737,252.458844,98.22733220231333,ZONA_EURO,97.06113512102547,1.2015077711936106
2017,E36,24680.19315740282,251.465477,98.14545301342825,ZONA_EURO,98.20559779454379,-0.061243740139305114
2018,E36,25011.04508615922,253.507017,98.66016878798753,ZONA_EURO,99.35006046806211,-0.6944048919792611
2019,E36,25350.603809,251.617735,100.75046502187136,ZONA_EURO,100.49452314157998,0.25468241680275394
2020,E36,25053.777818,254.833201,98.31441790035828,ZONA_EURO,101.6389858150983,-3.2709573871467668
2021,E36,26565.878163,260.333261,102.04565509975309,ZONA_EURO,102.78344848861616,-0.7178134220168553
2022,E36,20495.335615,218.049131,93.99411738540705,ZONA_EURO,103.92791116213448,-9.558350269572957
2023,E36,17096.784220278252,183.164444,93.34117390315258,ZONA_EURO,105.07237383565234,-11.164875698772136
2024,E36,3095.026,41.083478,75.33505318123261,ZONA_EURO,106.21683650917066,-29.07428270589828
2015,E37T39,64018.50961,826.269715,77.47894960666687,ZONA_EURO,77.64332028472654,-0.21169970250743964
2016,E37T39,65314.831034,837.6757259999999,77.9714978084491,ZONA_EURO,78.68467121361982,-0.906368920618017
2017,E37T39,68442.4906766494,848.102805,80.70070075602379,ZONA_EURO,79.72602214251356,1.2225351112688854
2018,E37T39,70811.904639,867.633258,81.61501877213657,ZONA_EURO,80.76737307140729,1.0494902440121079
2019,E37T39,72933.623839,901.930087,80.8639437692913,ZONA_EURO,81.80872400030103,-1.1548648907007242
2020,E37T39,72856.169159,902.648154,80.71380729705675,ZONA_EURO,82.8500749291943,-2.5784739892670827
2021,E37T39,79168.328824,918.382643,86.20407781813881,ZONA_EURO,83.89142585808804,2.756720292205883
2022,E37T39,70717.419205,774.058908,91.35922146767672,ZONA_EURO,84.93277678698178,7.566507211712836
2023,E37T39,56417.59490706483,610.999568,92.33655449501862,ZONA_EURO,85.97412771587551,7.400397012656468
2024,E37T39,8320.210000000001,90.07268499999999,92.37217698129018,ZONA_EURO,87.01547864476879,6.156029271975316
2015,ENERGYP,148595.87364820234,788.3998600190474,188.47780318557176,ZONA_EURO,182.43681000754805,3.311279767374664
2016,ENERGYP,147296.6104694622,790.4366253583787,186.3484126923887,ZONA_EURO,197.03700970885984,-5.424664651714172
2017,ENERGYP,159771.05639127042,783.0157895033709,204.0457657853943,ZONA_EURO,211.63720941017164,-3.587007996341718
2018,ENERGYP,195526.5668691996,784.2327468855342,249.322114698353,ZONA_EURO,226.23740911148343,10.203752632038876
2019,ENERGYP,175681.30858310842,763.8585092073547,229.99195068915375,ZONA_EURO,240.83760881279886,-4.503307509615473
2020,ENERGYP,168035.52330970997,768.000990412431,218.79597215033763,ZONA_EURO,255.43780851411066,-14.344719200700817
2021,ENERGYP,178247.66938519213,772.0576650111686,230.8735182139712,ZONA_EURO,270.03800821542245,-14.503325017198254
2022,ENERGYP,234319.9108162223,681.7774697508554,343.68972459863005,ZONA_EURO,284.6382079167379,20.746166550896028
2023,ENERGYP,213591.98076839838,516.4746659799077,413.5575176047603,ZONA_EURO,299.2384076180497,38.20335460835243
2015,F,451478.092125,8490.722448,53.17310686929193,ZONA_EURO,53.38770854024733,-0.4019683122260642
2016,F,466664.835938,8558.488529,54.5265480413662,ZONA_EURO,54.52924900800144,-0.004953243780869698
2017,F,488022.5028936108,8700.925217,56.088575722970816,ZONA_EURO,55.6707894757551,0.7504586357584664
2018,F,510969.096255227,8989.087414,56.84326703280483,ZONA_EURO,56.81232994350921,0.054454885632004846
2019,F,544938.970308,9440.676427,57.72244971234199,ZONA_EURO,57.95387041126287,-0.39931879834534945
2020,F,538669.157862,9029.916442,59.65383636957469,ZONA_EURO,59.09541087901698,0.9449557626411087
2021,F,587304.803049,9548.281128,61.508955923673966,ZONA_EURO,60.23695134677064,2.111668250905807
2022,F,633786.5821560001,10099.025822,62.757199885096014,ZONA_EURO,61.378491814524295,2.246239732865951
2023,F,685459.519389,10057.042551999999,68.15716606992835,ZONA_EURO,62.52003228227841,9.01652411533993
2024,F,423860.199684,7051.5263589999995,60.10900025113273,ZONA_EURO,63.661572750032065,-5.580403287943502
2025,F,199904.0,3123.8799,63.99221685827295,ZONA_EURO,64.80311321778618,-1.2513231529294289
2015,G,1044686.003743,19866.062568,52.586464991093244,ZONA_EURO,52.493491348159296,0.1771146108711097
2016,G,1081986.5510520001,20223.28127,53.50202751998811,ZONA_EURO,53.6139636240473,-0.2087816242128837
2017,G,1127351.645581,20481.266763,55.043062454398246,ZONA_EURO,54.73443589993576,0.5638617615913777
2018,G,1158696.985084,20990.290858,55.20156880734159,ZONA_EURO,55.854908175823766,-1.1697080701047025
2019,G,1201183.497429,20948.784074,57.339055726857936,ZONA_EURO,56.975380451712226,0.6383024953276584
2020,G,1173757.418854,19904.774158,58.9686378522537,ZONA_EURO,58.095852727600686,1.502319156490084
2021,G,1279961.819747,20683.055111,61.88456264695005,ZONA_EURO,59.21632500348869,4.5059156293541625
2022,G,1408811.1316362023,22013.057555,63.99888466726004,ZONA_EURO,60.33679727937715,6.069409635593259
2023,G,1463242.1706390001,21495.129954,68.07319489439548,ZONA_EURO,61.45726955526561,10.76508179911977
2024,G,837822.234,13056.480476,64.16907186741923,ZONA_EURO,62.57774183115362,2.5429649420065648
2025,G,416387.0,6624.8877,62.85193332409242,ZONA_EURO,63.69821410704208,-1.328578508539524
2015,G45,131285.619284,2230.7,58.85400066526202,ZONA_EURO,59.87261691945423,-1.701305716372048
2016,G45,143040.293243,2297.399,62.26184186682418,ZONA_EURO,60.84440769231537,2.3296046888592326
2017,G45,145337.71657464403,2330.526857,62.362601030795176,ZONA_EURO,61.81619846517651,0.8839148624231186
2018,G45,147145.325021,2391.932246,61.51734660004245,ZONA_EURO,62.78798923803788,-2.0237033442466967
2019,G45,157593.08705369686,2459.1182009999998,64.08520216295894,ZONA_EURO,63.75978001089902,0.5103878212946888
2020,G45,144361.81822,2341.276695,61.659443554150265,ZONA_EURO,64.73157078376016,-4.745948835186664
2021,G45,153589.28261,2396.239614,64.09596173632075,ZONA_EURO,65.70336155662153,-2.4464498957417424
2022,G45,146691.367853,2187.7030330000002,67.05268751757497,ZONA_EURO,66.67515232948267,0.5662307094952856
2023,G45,115276.837962,1648.6036490000001,69.92392503311753,ZONA_EURO,67.64694310234381,3.365979047018941
2024,G45,21138.827999999998,285.457814,74.05237118504662,ZONA_EURO,68.61873387520518,7.918591619197524
2015,G46,502228.700273491,6066.4612211015165,82.78775417314856,ZONA_EURO,82.67670382398364,0.1343187911812871
2016,G46,516000.30071501445,6132.003093254392,84.14873457625107,ZONA_EURO,84.73818009947308,-0.6956079568030238
2017,G46,542330.5958758906,6213.950923106244,87.27629210254354,ZONA_EURO,86.79965637496252,0.5491216756918993
2018,G46,562419.9962164266,6302.896036250297,89.23199636829487,ZONA_EURO,88.86113265045196,0.4173520039427725
2019,G46,583489.848841894,6443.592117916094,90.5535046545744,ZONA_EURO,90.92260892594231,-0.40595433383192603
2020,G46,572631.7834081703,6231.154620785345,91.89818232050203,ZONA_EURO,92.98408520143175,-1.1678373547229337
2021,G46,640802.2459933216,6500.726790569742,98.5739389821611,ZONA_EURO,95.0455614769212,3.7123011852548737
2022,G46,625919.6354152637,5993.026030642899,104.4413343467688,ZONA_EURO,97.10703775241063,7.55279613518649
2023,G46,465860.013684,4795.561543,97.14399648650281,ZONA_EURO,99.16851402790007,-2.0414922631871613
2024,G46,117443.586,901.772784,130.23633900222032,ZONA_EURO,101.22999030338951,28.653908403920482
2015,G47,411172.684185509,9572.716778898483,42.95255920366026,ZONA_EURO,42.836186854454354,0.2716683200615133
2016,G47,422944.96109398553,9783.293906745606,43.23134571295705,ZONA_EURO,43.54812549814437,-0.7274246171647958
2017,G47,439665.86884210946,9881.100074893757,44.495639707083605,ZONA_EURO,44.26006414183439,0.532253104049496
2018,G47,449131.5628465734,9983.873691749704,44.98570161376528,ZONA_EURO,44.97200278552418,0.030460792031949957
2019,G47,460527.1221189885,10091.516831083905,45.63507447170599,ZONA_EURO,45.6839414292142,-0.10696747255034555
2020,G47,456764.81622582965,9722.911793214655,46.97819191824747,ZONA_EURO,46.39588007290422,1.255093867016277
2021,G47,485569.29114367836,10039.441884430258,48.36616384987766,ZONA_EURO,47.10781871659424,2.671202292030883
2022,G47,426538.38430373627,9305.6163443571,45.83666127202718,ZONA_EURO,47.81975736028426,-4.147022481348051
2023,G47,312120.18799299997,7098.168871,43.971930460570746,ZONA_EURO,48.53169600397405,-9.395438278171698
2024,G47,68807.027,1229.678721,55.955288015429524,ZONA_EURO,49.24363464766407,13.629484126805469
2015,GTI,1773082.698697,34736.573596,51.04368436906439,ZONA_EURO,50.87029872806659,0.3408386530707297
2016,GTI,1826722.717312,35733.528628,51.12069217481703,ZONA_EURO,50.48436319968266,1.2604476610261983
2017,GTI,1907462.250551,36457.559879,52.3200745437086,ZONA_EURO,50.09842767129885,4.434564068529689
2018,GTI,1614951.3936619777,37850.4213,42.66666890870189,ZONA_EURO,49.712492142914925,-14.173144275200489
2019,GTI,2038962.3097566897,38225.0353,53.341018360202526,ZONA_EURO,49.326556614531,8.138540415547514
2020,GTI,1798818.783261,34114.979830000004,52.72812096694122,ZONA_EURO,48.94062108614719,7.738969789793071
2021,GTI,2020163.349675,35892.215223,56.284164605712725,ZONA_EURO,48.554685557763264,15.919120799894904
2022,GTI,2346746.116815,39350.982925,59.63627697147288,ZONA_EURO,48.16875002937934,23.80698468425941
2023,GTI,2434169.06976,38994.578956,62.423268437046694,ZONA_EURO,47.78281450099553,30.639580545733946
2024,GTI,1558527.841153,28110.021772,55.44385037458163,ZONA_EURO,47.3968789726116,16.977850812961726
2025,GTI,673315.0,11719.2779,57.45362519306757,ZONA_EURO,47.01094344422768,22.213299678252074
2015,GTN,4854246.309258,67700.165304,71.7021337756053,ZONA_EURO,71.236771509037,0.6532613097286033
2016,GTN,4987655.213249,69689.288207,71.56989749176417,ZONA_EURO,71.90322883281351,-0.46358327221214246
2017,GTN,5181185.5421939995,71538.133732,72.42550611683602,ZONA_EURO,72.56968615659002,-0.1986780533167698
2018,GTN,5404394.470151319,74376.10423,72.66304851674965,ZONA_EURO,73.23614348036631,-0.7825302321800898
2019,GTN,5555391.245317486,74581.178367,74.48784488199485,ZONA_EURO,73.90260080414282,0.7919126952014022
2020,GTN,5287640.399707,68252.249508,77.47203114656645,ZONA_EURO,74.56905812791933,3.892999444444123
2021,GTN,5740814.425749,72030.550009,79.69971664844573,ZONA_EURO,75.23551545169585,5.933635424636763
2022,GTN,6297715.911144,78692.770638,80.02915464896456,ZONA_EURO,75.90197277547213,5.437515946655536
2023,GTN,6757873.056023,77755.734314,86.91157141842126,ZONA_EURO,76.56843009924864,13.508362788378637
2024,GTN,4245373.911532,57030.206948,74.44079442676617,ZONA_EURO,77.23488742302516,-3.6176565920985726
2025,GTN,1914787.0,22680.911,84.42284350924,ZONA_EURO,77.90134474680167,8.37148419405953
2015,GTNXL,1592.477724010811,53893.104122,0.029548821689800144,ZONA_EURO,-0.4524883296251119,-106.53029476236027
2016,GTNXL,1597.6599368634245,55277.553510000005,0.028902508078155073,ZONA_EURO,0.02898790613505753,-0.2945989148184003
2017,GTNXL,1614.189378319473,56842.840444,0.02839740881544665,ZONA_EURO,0.5104641418953406,-94.43694346286347
2018,GTNXL,1640.6573477269749,58217.669897,0.028181432727033946,ZONA_EURO,0.99194037765551,-97.15895900985079
2019,GTNXL,144234.5112576007,59178.218189,2.437290538166472,ZONA_EURO,1.473416613415793,65.41760938314307
2020,GTNXL,1700.0,57398.38582,0.029617557631867214,ZONA_EURO,1.9548928491759625,-98.48495237760208
2021,GTNXL,1730.9878345565498,58532.79424,0.029572957468236353,ZONA_EURO,2.436369084936132,-98.78618729604297
2022,GTNXL,407037.7524965077,60794.204665,6.695338062886849,ZONA_EURO,2.917845320696415,129.46172010546616
2023,GTNXL,1982.2130682294846,61991.19497,0.03197571960322359,ZONA_EURO,3.3993215564565844,-99.05934995933264
2024,GTNXL,1465.3743784902888,39686.84853,0.03692342508331408,ZONA_EURO,3.8807977922168675,-99.048560964517
2025,GTNXL,120.6759533847938,17195.0,0.007018083942122349,ZONA_EURO,4.362274027977037,-99.83911868220308
2015,GTU,1551.9534571514741,98663.665771,0.01572973642347309,ZONA_EURO,0.11263307307210012,-86.0345314263032
2016,GTU,1566.3897522412933,100572.587185,0.015574718679156283,ZONA_EURO,0.11264033422300763,-86.17305356328121
2017,GTU,51412.063759978446,102724.04372,0.5004871488520726,ZONA_EURO,0.11264759537391515,344.29456944090805
2018,GTU,1623.3261861885715,102833.65443,0.015785942794570112,ZONA_EURO,0.11265485652482266,-85.98733931094058
2019,GTU,1661.157052170654,106073.526679,0.01566043012030374,ZONA_EURO,0.11266211767573017,-86.09964871654697
2020,GTU,1700.0,104355.68317,0.01629044004465598,ZONA_EURO,0.11266937882663769,-85.5413776002779
2021,GTU,1735.0165227936511,106414.907774,0.016304261866001087,ZONA_EURO,0.1126766399775452,-85.53004254541999
2022,GTU,1833.9817092773205,107766.949061,0.01701803498435518,ZONA_EURO,0.11268390112845272,-84.89754542225543
2023,GTU,56839.037182723,111069.595025,0.5117425445724316,ZONA_EURO,0.11269116227936024,354.110627862571
2024,GTU,316154.4460998517,71611.501576,4.414855702534357,ZONA_EURO,0.11269842343026774,3817.4067996310996
2025,GTU,119.25194867147748,32084.0,0.0037168666211032752,ZONA_EURO,0.11270568458117526,-96.70214804611189
2015,H,464601.6705,8188.544428,56.738004487260994,ZONA_EURO,56.34475941439189,0.6979266163459119
2016,H,467199.155967,8341.853458,56.00663669282597,ZONA_EURO,56.59546670880593,-1.0404190480654552
2017,H,486230.34723,8504.026516,57.176485317299544,ZONA_EURO,56.84617400321997,0.5810616455222961
2018,H,494946.171789,8740.035242,56.629768425938344,ZONA_EURO,57.09688129763401,-0.8181057547796855
2019,H,514326.9174842953,8916.906026,57.679975092774995,ZONA_EURO,57.347588592048055,0.5795997859499025
2020,H,447120.37537599995,8456.341972,52.87397043029612,ZONA_EURO,57.5982958864621,-8.20219658143807
2021,H,520501.527955,8781.063912,59.275451490985574,ZONA_EURO,57.84900318087614,2.4658131198032285
2022,H,610315.72574,9339.14547,65.35027510820002,ZONA_EURO,58.09971047529018,12.479519387611248
2023,H,596983.6658889999,9185.327302,64.99318383124067,ZONA_EURO,58.35041776970422,11.38426478410819
2024,H,335454.717,5404.12115,62.07387060521395,ZONA_EURO,58.601125064118264,5.926073155244005
2025,H,184000.0,3202.9307,57.44738716950698,ZONA_EURO,58.851832358532306,-2.3864086006180396
2015,H49,202418.28332,3413.734,59.29527119570535,ZONA_EURO,59.14055009082452,0.2616159380377958
2016,H49,206569.38089,3503.303,58.96417777451737,ZONA_EURO,59.23945342530723,-0.464682968651875
2017,H49,210867.494996,3528.734258,59.75726126668278,ZONA_EURO,59.338356759789974,0.7059590621772527
2018,H49,212006.275464,3605.156896,58.806393613333604,ZONA_EURO,59.43726009427269,-1.0613989943992652
2019,H49,222830.971968,3721.995744,59.86867994871087,ZONA_EURO,59.53616342875543,0.5585118368491182
2020,H49,201226.92281,3580.850184,56.19529231050343,ZONA_EURO,59.63506676323814,-5.7680399124750314
2021,H49,215167.530495,3667.84582,58.66318843658483,ZONA_EURO,59.733970097720885,-1.7925841181899105
2022,H49,193302.04516563186,3479.224151,55.558951299551346,ZONA_EURO,59.8328734322036,-7.143100251561574
2023,H49,137651.387971,2354.525328,58.46247918170621,ZONA_EURO,59.93177676668634,-2.4516169288624434
2024,H49,30037.652,485.432662,61.87810246686697,ZONA_EURO,60.030680101169054,3.077463661222013
2015,H50,23468.409040000002,274.27099999999996,85.5664982444371,ZONA_EURO,79.35009576386437,7.834146160417932
2016,H50,18476.237365,269.59299999999996,68.53381714287835,ZONA_EURO,76.90543680379324,-10.885601862288585
2017,H50,21546.979737,292.870714,73.57164341464336,ZONA_EURO,74.46077784372301,-1.194097691197571
2018,H50,21975.827462,296.795625,74.04363680226082,ZONA_EURO,72.01611888365278,2.8153668234796703
2019,H50,21266.608229363803,301.276701,70.58829361439338,ZONA_EURO,69.57145992358255,1.461567274752773
2020,H50,16263.598474999999,253.850703,64.06757311599802,ZONA_EURO,67.12680096351141,-4.5573866229322135
2021,H50,39558.596286,266.464276,148.45741005071915,ZONA_EURO,64.68214200344119,129.51838861925907
2022,H50,57080.040211,234.48735100000002,243.42481574198,ZONA_EURO,62.23748304337096,291.12252590990295
2023,H50,21004.851094,221.70988000000003,94.74025737599064,ZONA_EURO,59.79282408329982,58.44753752390777
2024,H50,6076.59,35.770385,169.87767953853447,ZONA_EURO,57.34816512322959,196.2216474990991
2015,H51,30446.848090459953,250.72177,121.43679462082592,ZONA_EURO,123.79133663862922,-1.9020248764876513
2016,H51,29355.520197263642,249.200905,117.79860990979805,ZONA_EURO,121.76787703666741,-3.259699703620622
2017,H51,32644.537994303842,254.500688,128.26895774169319,ZONA_EURO,119.74441743470561,7.118945909637797
2018,H51,32045.81914358262,262.675285,121.99784667058655,ZONA_EURO,117.7209578327438,3.633073427689304
2019,H51,29721.86511535586,272.128715,109.21987823062281,ZONA_EURO,115.697498230782,-5.598755460760496
2020,H51,6976.350804184736,230.837484,30.221914930353066,ZONA_EURO,113.6740386288202,-73.4135293380077
2021,H51,14418.375487510875,224.8833,64.11492310683307,ZONA_EURO,111.6505790268584,-42.57537787474461
2022,H51,27841.781013379405,234.929047,118.51144577017504,ZONA_EURO,109.62711942489659,8.104131889887833
2023,H51,25394.12964468525,184.84908,137.37763609472793,ZONA_EURO,107.60365982293479,27.67004051794071
2024,H51,4980.294,35.526067,140.18703505794772,ZONA_EURO,105.58020022097298,32.77776966187289
2015,H52,169598.48485754005,2064.167,82.16316066361881,ZONA_EURO,81.76003439972646,0.4930602914395177
2016,H52,173590.39297073637,2123.671,81.74071829899094,ZONA_EURO,82.41290074027074,-0.8156276932882456
2017,H52,180992.57570669617,2170.582427,83.38433659801125,ZONA_EURO,83.06576708081502,0.3835148080752582
2018,H52,188069.87316144147,2252.724013,83.48553665523583,ZONA_EURO,83.7186334213593,-0.278428775766415
2019,H52,200215.21052674955,2367.867229,84.55508318821771,ZONA_EURO,84.37149976190358,0.21758938365703528
2020,H52,179648.34348881527,2258.88658,79.52959882067886,ZONA_EURO,85.02436610244786,-6.462579532963797
2021,H52,205859.25662048912,2347.796973,87.68188177593716,ZONA_EURO,85.67723244299214,2.3397690095543933
2022,H52,189211.3006946206,2046.500131,92.45604133050534,ZONA_EURO,86.33009878353641,7.095952203563538
2023,H52,137248.49035731476,1588.287526,86.41287431310768,ZONA_EURO,86.98296512408069,-0.6554051246238646
2024,H52,25521.757,227.497463,112.18479829816827,ZONA_EURO,87.63583146462497,28.012476658537476
2015,H53,37658.786192,1074.4569999999999,35.04913290341075,ZONA_EURO,35.385307389676996,-0.9500397511434833
2016,H53,38231.471544,1070.017,35.72977956798817,ZONA_EURO,35.376063982672,0.999872641256605
2017,H53,38934.468796,1080.950429,36.01873661497941,ZONA_EURO,35.366820575667006,1.8432984042702882
2018,H53,37894.764303,1103.603615,34.33729627915364,ZONA_EURO,35.35757716866202,-2.8856074742945603
2019,H53,39773.62245170513,1114.133364,35.69915751280305,ZONA_EURO,35.34833376165702,0.9924760626951468
2020,H53,41099.905798,1100.950732,37.33128522775713,ZONA_EURO,35.33909035465203,5.637368854466973
2021,H53,42808.867066,1156.600302,37.012671527038904,ZONA_EURO,35.329846947647034,4.7631810629849
2022,H53,43445.632829636364,1075.57735,40.39284838941278,ZONA_EURO,35.32060354064204,14.36058373955673
2023,H53,30729.350822,819.164687,37.51303164024208,ZONA_EURO,35.31136013363705,6.235023228424885
2024,H53,4976.577,107.579531,46.25951566938882,ZONA_EURO,35.30211672663205,31.038928990029845
2015,HDI,24252.543142616454,14285.088820115947,1.6977523519814983,ZONA_EURO,2.0134681965100754,-15.680200217505503
2016,HDI,24871.731233585015,14769.953106734869,1.6839411102966801,ZONA_EURO,1.6861467719542134,-0.13081077485187498
2017,HDI,25661.108859186872,15260.641332828227,1.681522309549696,ZONA_EURO,1.3588253473983514,23.74822951081905
2018,HDI,26032.241813873483,15723.842332762564,1.6555903616275838,ZONA_EURO,1.0315039228423757,60.502575411007406
2019,HDI,1186.3520323314194,15750.697374,0.07532060353656182,ZONA_EURO,0.7041824982865137,-89.30382340943727
2020,HDI,1200.0,15436.099832000002,0.07773984445943559,ZONA_EURO,0.3768610737306517,-79.37174999533185
2021,HDI,1216.7153211104526,16052.536868000001,0.0757958278567121,ZONA_EURO,0.049539649174676015,53.00033229839238
2022,HDI,1164.7141243933484,16142.084851,0.07215388440491283,ZONA_EURO,-0.277781775381186,-125.97502456952031
2023,HDI,807.2461227509036,5375.981482,0.1501579061337443,ZONA_EURO,-0.605103199937048,-124.81525567033293
2024,HDI,363.8703437893458,2818.014438,0.12912295227542966,ZONA_EURO,-0.9324246244930237,-113.84808475490833
2015,I,263795.123454,6687.7896,39.444291646675005,ZONA_EURO,39.12742710084257,0.8098271961910264
2016,I,277538.010293,7164.1179,38.74001156415921,ZONA_EURO,38.90606986484863,-0.4268184919892226
2017,I,293880.15674,7460.664400000001,39.39061469377982,ZONA_EURO,38.6847126288547,1.8247571636310633
2018,I,308009.72239,8489.2632,36.282267981748994,ZONA_EURO,38.46335539286076,-5.670559390449337
2019,I,322926.0604,8161.6282,39.566377257910375,ZONA_EURO,38.24199815686683,3.4631535089014065
2020,I,177940.989031,5761.3326,30.885387354828293,ZONA_EURO,38.020640920872836,-18.7667892839949
2021,I,219700.002973,6434.1251,34.14605708754404,ZONA_EURO,37.7992836848789,-9.664803777210961
2022,I,318512.304503,7827.4659,40.691624667825124,ZONA_EURO,37.577926448884966,8.285976670840366
2023,I,373943.23423199996,8316.0278,44.96656856197618,ZONA_EURO,37.35656921289103,20.371247974396667
2024,I,224051.642,4559.802961,49.13625521021718,ZONA_EURO,37.13521197689704,32.31715289732655
2025,I,72928.0,1891.4595,38.55646922389827,ZONA_EURO,36.913854740903105,4.449858987972433
2015,I55,50373.14624447181,767.6934589560566,65.61622436248375,ZONA_EURO,66.14820080156073,-0.804219060580158
2016,I55,53663.04818297187,810.4993729192767,66.20985774447546,ZONA_EURO,66.68687402114188,-0.7153075978867829
2017,I55,56792.395022065815,830.7145436111676,68.36571654949695,ZONA_EURO,67.22554724072324,1.6960357417262095
2018,I55,60693.404690781994,879.0688191546036,69.0428364290643,ZONA_EURO,67.76422046030439,1.8868599979083411
2019,I55,60718.3632446605,907.692456019733,66.89310111809556,ZONA_EURO,68.30289367988576,-2.064030505643666
2020,I55,29479.06469031399,710.5415333157912,41.488165445794415,ZONA_EURO,68.8415668994669,-39.733844950999085
2021,I55,33810.568985040794,624.1170634785839,54.17344111150228,ZONA_EURO,69.38024011904827,-21.91805473929309
2022,I55,29701.97381081268,504.98300667683884,58.81776895082788,ZONA_EURO,69.91891333862941,-15.877169506392008
2023,I55,11072.665351158115,175.99794118244702,62.91360726589247,ZONA_EURO,70.45758655821078,-10.707121348934667
2015,I56,97974.29520952818,2504.244319043943,39.12329738135626,ZONA_EURO,38.5114996576541,1.5886104907383514
2016,I56,101176.34311002813,2668.7334430807227,37.91174550322739,ZONA_EURO,38.094293962022675,-0.4792015806285188
2017,I56,105622.8877179342,2847.5611503888326,37.09240368850778,ZONA_EURO,37.67708826639125,-1.5518305813589706
2018,I56,109768.64451735938,3004.9145178453964,36.52970620810419,ZONA_EURO,37.25988257075983,-1.9596850882956263
2019,I56,117124.59415533954,3104.4237269802666,37.72828855076073,ZONA_EURO,36.842676875128404,2.40376582470907
2020,I56,75262.814340686,2778.891214684209,27.083756982994675,ZONA_EURO,36.42547117949698,-25.646103932241047
2021,I56,81056.15198795921,2445.8598525214165,33.140145746453584,ZONA_EURO,36.00826548386556,-7.965170493138885
2022,I56,65053.61569218732,1712.357662323161,37.99067047939557,ZONA_EURO,35.59105978823402,6.742172628292553
2023,I56,22168.825648841885,594.7567698175525,37.27376765403174,ZONA_EURO,35.173854092602596,5.97009800490067
2015,ICT,176079.43364515956,1522.6844874307697,115.63750409138201,ZONA_EURO,115.21116616688869,0.3700491355809632
2016,ICT,185097.42013138716,1587.1874231316515,116.61976237574684,ZONA_EURO,117.47341966265049,-0.7266812265745659
2017,ICT,193241.28612067405,1603.445611560565,120.51627116469548,ZONA_EURO,119.73567315841137,0.6519343698442981
2018,ICT,205880.73726121013,1697.3925882046976,121.2923508043396,ZONA_EURO,121.99792665417317,-0.5783506893798696
2019,ICT,215563.55054785553,1729.8713188423858,124.61247735589298,ZONA_EURO,124.26018014993406,0.2835157695199264
2020,ICT,214968.28616582698,1788.1302040222301,120.21959345145902,ZONA_EURO,126.52243364569586,-4.981598924888564
2021,ICT,270282.4300442783,2316.4391879761347,116.6801319228342,ZONA_EURO,128.78468714145765,-9.39906404037597
2022,ICT,220929.691466422,1858.227669953777,118.89269277317217,ZONA_EURO,131.04694063721854,-9.274728433144707
2023,ICT,59631.02230224118,614.2730463324367,97.0757591567344,ZONA_EURO,133.30919413298034,-27.17999700763466
2015,ICT2,22116.195657161705,1951.7697896799175,11.3313546372642,ZONA_EURO,9.719950217404403,16.578319680839915
2016,ICT2,23832.504541486833,2027.677651324808,11.753596300632683,ZONA_EURO,16.89354151141015,-30.425504369855606
2017,ICT2,29747.60604537996,2082.2507332565483,14.286274736403149,ZONA_EURO,24.067132805415895,-40.63989735749384
2018,ICT2,129776.52467865738,2171.023416287795,59.77665819033891,ZONA_EURO,31.24072409942164,91.34210205916946
2019,ICT2,51080.30633580166,2202.897646,23.187780162438678,ZONA_EURO,38.41431539342739,-39.63765870885191
2020,ICT2,39580.301053865696,2281.146105,17.351059174644888,ZONA_EURO,45.58790668743313,-61.93933778620302
2021,ICT2,47052.14588657549,2382.697883,19.747424221208114,ZONA_EURO,52.76149798143706,-62.57228286400094
2022,ICT2,45614.99744121344,2355.677159,19.363857762486138,ZONA_EURO,59.935089275442806,-67.69195141514524
2023,ICT2,747.3523829445398,808.019468,0.924918782952566,ZONA_EURO,67.10868056944855,-98.62175984521794
2024,ICT2,361.3427663466591,457.97266,0.7890051042493652,ZONA_EURO,74.2822718634543,-98.93782852293516
2015,ICT_MANUF,15843.758618806425,139.57585359248802,113.5136071964466,ZONA_EURO,108.38781349525016,4.729123631063081
2016,ICT_MANUF,16306.131365324962,147.72669668369724,110.38039657949291,ZONA_EURO,112.75649946229714,-2.1072868474413253
2017,ICT_MANUF,16557.308509953924,151.02428012593606,109.6334211700736,ZONA_EURO,117.12518542934595,-6.396373445907278
2018,ICT_MANUF,20014.939917865893,162.58755451061336,123.1025337585686,ZONA_EURO,121.49387139639293,1.3240687317693123
2019,ICT_MANUF,21628.69858435131,167.66957018545693,128.99596844214554,ZONA_EURO,125.86255736343992,2.4895498266872096
2020,ICT_MANUF,19930.48254473599,163.8409285278255,121.64532222698647,ZONA_EURO,130.2312433304869,-6.592827407561497
2021,ICT_MANUF,18748.138604214786,147.28416161872528,127.29229265498431,ZONA_EURO,134.5999292975339,-5.429153403488063
2022,ICT_MANUF,14561.445272812407,91.8266580555878,158.5753590640046,ZONA_EURO,138.9686152645827,14.108756687322943
2023,ICT_MANUF,5283.591528904691,19.645099778104267,268.9521350659463,ZONA_EURO,143.33730123162968,87.63583013979456
2015,ICT_WHSL,20451.423144761928,170.60622428061714,119.87501177637543,ZONA_EURO,119.65255946974594,0.18591520951605212
2016,ICT_WHSL,20423.24976087761,169.2134640422389,120.6951815357883,ZONA_EURO,122.42769314675115,-1.4151304875818727
2017,ICT_WHSL,21588.717884880058,170.00453523884218,126.98907034773931,ZONA_EURO,125.20282682375637,1.4266798676178194
2018,ICT_WHSL,23444.120928844597,182.14232184586,128.71319905916457,ZONA_EURO,127.97796050076158,0.5745040439198101
2019,ICT_WHSL,24485.73739627396,188.72685338573618,129.7416713997128,ZONA_EURO,130.7530941777668,-0.7735364003538692
2020,ICT_WHSL,26035.309304819766,189.1608933742722,137.63579162901559,ZONA_EURO,133.528227854772,3.0761763562915156
2021,ICT_WHSL,28397.132002526123,182.3705322353638,155.71118674960792,ZONA_EURO,136.30336153177632,14.238698884405032
2022,ICT_WHSL,26636.798935472827,174.03767305926527,153.0519138026062,ZONA_EURO,139.07849520878153,10.04714537128697
2023,ICT_WHSL,11503.645984109216,54.60717857381947,210.66178997983343,ZONA_EURO,141.85362888578675,48.50645107531755
2015,INFO,35049.561862956056,2391.8741936799174,14.6535975661128,ZONA_EURO,13.6477341117361,7.370186480345686
2016,INFO,36378.39344273592,2472.687500324808,14.71208692483677,ZONA_EURO,15.817871892783842,-6.99073159425152
2017,INFO,44475.09027214146,2521.7963492565486,17.63627355763806,ZONA_EURO,17.988009673831584,-1.9553920782309775
2018,INFO,52228.0015144625,2591.2504122877954,20.155520773598564,ZONA_EURO,20.158147454879327,-0.01303037040800703
2019,INFO,60550.62281686117,2657.7609119999997,22.78256954697104,ZONA_EURO,22.32828523592707,2.0345687375625587
2020,INFO,70514.1630538657,2727.839719,25.849819020787454,ZONA_EURO,24.49842301697481,5.51625711939201
2021,INFO,90977.77676254036,2852.144905,31.898020539927778,ZONA_EURO,26.668560798022554,19.609081200561018
2022,INFO,156470.46299565988,3009.2580980000002,51.99635853755867,ZONA_EURO,28.838698579071206,80.30064149737125
2023,INFO,119162.26343337983,1853.14687,64.30265477737328,ZONA_EURO,31.00883636011895,107.36880942773506
2024,INFO,359.66009478283576,531.49303,0.6766976695495627,ZONA_EURO,33.17897414116669,-97.96046234982909
2015,J,426390.360983,4512.149001,94.4982891496938,ZONA_EURO,93.44058108456375,1.1319579275441694
2016,J,441934.826993,4680.590587,94.41860354555297,ZONA_EURO,95.40282609198948,-1.0316492568967495
2017,J,469200.68938,4837.1114,97.00018266687016,ZONA_EURO,97.36507109941522,-0.3747631757722303
2018,J,499708.426911,5058.856532,98.77892835072004,ZONA_EURO,99.32731610684095,-0.5521016550281588
2019,J,532193.2080494799,5210.972151999999,102.1293517842388,ZONA_EURO,101.28956111426669,0.829098932539285
2020,J,541123.785681,5269.7667440000005,102.68458016611596,ZONA_EURO,103.25180612169243,-0.5493617757232561
2021,J,596863.526417,5631.855179,105.97991380221887,ZONA_EURO,105.21405112911816,0.727909119439607
2022,J,628618.8477280213,5996.563244,104.82985372613228,ZONA_EURO,107.1762961365439,-2.189329632573056
2023,J,685999.990083,6233.046141,110.05854514225392,ZONA_EURO,109.13854114396963,0.8429689353009362
2024,J,481305.653531,4522.970316,106.41362200153782,ZONA_EURO,111.10078615139537,-4.21883976902776
2025,J,196683.0,2074.2337,94.82200583280465,ZONA_EURO,113.06303115882065,-16.13350105605489
2015,J58,51990.4732117645,517.686,100.4285864631543,ZONA_EURO,97.16967377428227,3.353837223373035
2016,J58,52531.3974225211,508.822,103.24120698892952,ZONA_EURO,105.8111968162084,-2.428844871439162
2017,J58,55708.7389068765,495.407799,112.4502662641298,ZONA_EURO,114.45271985813088,-1.7495902207332548
2018,J58,60628.2339311452,497.877202,121.77346881439492,ZONA_EURO,123.094242900057,-1.0729779513201532
2019,J58,66303.46129473911,493.439208,134.37007076004207,ZONA_EURO,131.73576594197948,1.9996883907919205
2020,J58,42769.713111,466.507248,91.68070441426453,ZONA_EURO,140.3772889839056,-34.68978844236277
2021,J58,43818.984841,469.337517,93.36348204398925,ZONA_EURO,149.01881202582808,-37.347855096437485
2022,J58,40910.248873,464.246957,88.12173834668775,ZONA_EURO,157.66033506775057,-44.10658945458942
2023,J58,25867.022824,301.515819,85.78993602985719,ZONA_EURO,166.3018581096767,-48.41312237577141
2024,J58,6567.039,58.02371,113.1785437366897,ZONA_EURO,174.94338115159917,-35.30561545588652
2015,J581,13492.872194887714,161.41509721449674,83.5911412732211,ZONA_EURO,83.54555462682947,0.054565017367158575
2016,J581,13229.99424196848,155.56728159551392,85.04355225777752,ZONA_EURO,86.46945344945107,-1.6490230188711763
2017,J581,13965.775837608795,152.75898958090733,91.42359396277597,ZONA_EURO,89.39335227207357,2.271132739852111
2018,J581,14043.03595655021,152.0596954509826,92.35212470274263,ZONA_EURO,92.31725109469517,0.03777583023101272
2019,J581,14417.18595659253,152.47189727693745,94.55634916384844,ZONA_EURO,95.24114991731767,-0.7190177292732525
2020,J581,13161.931514289474,145.40381136542925,90.51985220119762,ZONA_EURO,98.16504873993927,-7.7881044596590066
2021,J581,14465.118540240583,146.69215881799803,98.60866904404587,ZONA_EURO,101.08894756256177,-2.453560530918486
2022,J581,10770.457980185227,123.06936771884259,87.5153434182811,ZONA_EURO,104.01284638518337,-15.861024421741366
2023,J581,2890.609923215859,23.76056192006537,121.6557896627348,ZONA_EURO,106.93674520780496,13.764253275454607
2015,J582,7138.742265112283,63.88908278550329,111.73649634444423,ZONA_EURO,114.05386777571675,-2.031821871950501
2016,J582,8081.572953031518,68.61791140448614,117.77643457249206,ZONA_EURO,117.71529275246576,0.05194042218021888
2017,J582,8538.065662391196,67.77080941909273,125.98441328318872,ZONA_EURO,121.37671772921476,3.796193899602307
2018,J582,8895.319400449796,71.21450654901739,124.90881186303092,ZONA_EURO,125.03814270596376,-0.10343311259587429
2019,J582,9204.94036540747,72.77931072306261,126.47743258291908,ZONA_EURO,128.69956768271277,-1.7266064989992724
2020,J582,10112.112596710525,78.67843663457077,128.52457457533328,ZONA_EURO,132.36099265946177,-2.898450674209452
2021,J582,10613.918300759418,82.949358182002,127.95660549260744,ZONA_EURO,136.02241763620987,-5.929766786805935
2022,J582,11029.07789281478,95.36758928115744,115.64807264131909,ZONA_EURO,139.68384261295887,-17.207265723809574
2023,J582,149.8590767841406,1.556257079934612,96.29455102009052,ZONA_EURO,143.34526758970787,-32.823348381677285
2015,J58T60,95956.583707,1091.6902,87.89726582413216,ZONA_EURO,86.74382515341495,1.3297092544365396
2016,J58T60,98820.157696,1099.6245000000001,89.86718438521513,ZONA_EURO,90.89197494359723,-1.127481891572979
2017,J58T60,103258.71416006412,1090.304068,94.70634586320202,ZONA_EURO,95.04012473377952,-0.35119784565988965
2018,J58T60,108623.924276,1104.839871,98.31644125739558,ZONA_EURO,99.18827452395999,-0.8789680743501616
2019,J58T60,115667.49401646141,1107.784146,104.41338633894966,ZONA_EURO,103.33642431414228,1.0421901395905042
2020,J58T60,115171.716857,1027.111175,112.13169485474637,ZONA_EURO,107.48457410432275,4.323523435012366
2021,J58T60,128196.320348,1086.503947,117.98974196271374,ZONA_EURO,111.63272389450503,5.694582955994343
2022,J58T60,94839.23250299999,1098.674705,86.32148539635305,ZONA_EURO,115.78087368468732,-25.44408877805042
2023,J58T60,60304.302767522306,796.594233,75.7026604880308,ZONA_EURO,119.92902347486779,-36.87711423424124
2024,J58T60,11922.543,99.668371,119.62213167906597,ZONA_EURO,124.07717326505008,-3.590540845468304
2015,J59_60,43966.21049523553,400.34,109.82217738730962,ZONA_EURO,111.57038693494638,-1.5669117905417806
2016,J59_60,46288.760273478896,414.781,111.59807289504316,ZONA_EURO,111.41377252889197,0.16541973399508692
2017,J59_60,47511.25872612346,415.805169,114.26327104202849,ZONA_EURO,111.25715812283755,2.7019501216019925
2018,J59_60,47995.69034485476,430.34556899999995,111.52825497049504,ZONA_EURO,111.10054371678319,0.38497674215003386
2019,J59_60,49358.94509472226,452.527079,109.07401431931162,ZONA_EURO,110.94392931072878,-1.685459495652042
2020,J59_60,42576.058745999995,395.489427,107.65410106905335,ZONA_EURO,110.78731490467436,-2.8281341039061547
2021,J59_60,47400.360507,429.86013,110.26926481178889,ZONA_EURO,110.63070049861994,-0.3267046897489023
2022,J59_60,44817.184629999996,415.518447,107.85847163603785,ZONA_EURO,110.47408609256553,-2.3676271504396773
2023,J59_60,30910.74006,308.886613,100.07147852665275,ZONA_EURO,110.31747168651111,-9.287733849606683
2024,J59_60,5355.504,41.644661,128.60001429715084,ZONA_EURO,110.1608572804567,16.73839281202232
2015,J61,112521.800455,698.811408,161.01883736706256,ZONA_EURO,160.53971548691607,0.2984444557493582
2016,J61,111907.776171,682.50795,163.9655276850621,ZONA_EURO,164.60933064016444,-0.3911096367372302
2017,J61,114276.901799,672.546775,169.91666014456763,ZONA_EURO,168.67894579341282,0.7337693185909933
2018,J61,113245.36055299999,665.022344,170.28805358906857,ZONA_EURO,172.7485609466612,-1.424328714583245
2019,J61,115769.575966,649.640322,178.20565018130142,ZONA_EURO,176.81817609990958,0.7846897372178807
2020,J61,116365.774967,648.200533,179.5212577632978,ZONA_EURO,180.88779125315796,-0.755459216121257
2021,J61,113727.513124,639.305567,177.8922615325826,ZONA_EURO,184.95740640640634,-3.8198767008548518
2022,J61,107368.585389,629.997575,170.426982022907,ZONA_EURO,189.0270215596547,-9.839883940020588
2023,J61,74538.954487,445.845247,167.18571071141193,ZONA_EURO,193.0966367129031,-13.418631438938855
2024,J61,16723.831,102.928518,162.48005241851436,ZONA_EURO,197.16625186615147,-17.59236132925235
2015,J62,86402.6361823221,649.6477159991558,132.99921488900358,ZONA_EURO,131.97935111311017,0.7727449538824871
2016,J62,94202.44588285423,691.8811394380614,136.154088488905,ZONA_EURO,137.7033678575117,-1.1250845877711746
2017,J62,103375.12093003471,711.0769821045342,145.37824107887903,ZONA_EURO,143.4273846019114,1.3601701532676813
2018,J62,112906.8103443471,774.2991610332642,145.81807139462543,ZONA_EURO,149.15140134631292,-2.2348633144571473
2019,J62,124660.26710286089,795.0915757301759,156.78730715814535,ZONA_EURO,154.87541809071263,1.2344690274300962
2020,J62,130157.66381519915,847.8280317556381,153.51894363020227,ZONA_EURO,160.59943483511233,-4.408789615093978
2021,J62,163482.2776096729,1185.2975993905668,137.9250896093344,ZONA_EURO,166.32345157951386,-17.07417787479183
2022,J62,117728.7678211723,1177.5491544556517,99.97779487650776,ZONA_EURO,172.04746832391356,-41.889412352014574
2023,J62,31868.475729727277,412.36867349706205,77.2815147655835,ZONA_EURO,177.77148506831327,-56.527609174280066
2015,J62_63,217526.380821,2777.744462,78.31043632587395,ZONA_EURO,77.14450591771947,1.5113589675433747
2016,J62_63,230776.752126,2951.678481,78.18492210839139,ZONA_EURO,77.21938502860806,1.250381726590577
2017,J62_63,251035.786948,3135.419085,80.06450817020526,ZONA_EURO,77.29426413949668,3.584022775233353
2018,J62_63,214808.55063805525,3342.370594,64.26832231700016,ZONA_EURO,77.36914325038526,-16.93287579906072
2019,J62_63,300204.593701,3505.2967759999997,85.64313177601257,ZONA_EURO,77.44402236127385,10.587143028922409
2020,J62_63,309142.315857,3634.2493790000003,85.06359460177265,ZONA_EURO,77.51890147216247,9.732714197865056
2021,J62_63,347993.609945,3945.996115,88.18904018231655,ZONA_EURO,77.59378058305106,13.65477944192326
2022,J62_63,342510.4540211351,4065.603802,84.24590065875168,ZONA_EURO,77.66865969393967,8.46833329006862
2023,J62_63,243237.920712,3030.9332050000003,80.25182485405513,ZONA_EURO,77.74353880482826,3.2263594991781996
2024,J62_63,50272.593,459.77905400000003,109.34076392266446,ZONA_EURO,77.81841791571685,40.50756472727146
2015,J63,19185.006638677874,427.6912110008439,44.85714493356755,ZONA_EURO,44.196619345209,1.494516092281506
2016,J63,20301.587243145794,453.8246685619388,44.73442862301126,ZONA_EURO,45.34793980630002,-1.3528975867687087
2017,J63,21422.18501796528,468.32623289546615,45.74201382126478,ZONA_EURO,46.49926026739058,-1.628512887670286
2018,J63,23771.669737652865,491.5208239667359,48.36350481716647,ZONA_EURO,47.650580728481145,1.4961498428479825
2019,J63,24429.839598139064,500.61958026982455,48.79920914194335,ZONA_EURO,48.80190118957171,-0.005516276134198694
2020,J63,24260.149041800927,517.6606622443617,46.86496543241087,ZONA_EURO,49.95322165066273,-6.182296388907449
2021,J63,30670.785335327168,558.0271486094339,54.962890984348526,ZONA_EURO,51.10454211175329,7.549913790750651
2022,J63,21702.899163827686,164.8091475443482,131.6850398609561,ZONA_EURO,52.25586257284385,152.00050937325778
2023,J63,4784.189270272723,39.75543150293836,120.34051925506378,ZONA_EURO,53.407183033934416,125.32646812433556
2015,J631,17176.821167541588,392.37188170275664,43.776891180377646,ZONA_EURO,42.863849378172745,2.1300975424522806
2016,J631,18172.57772411696,420.01445572150055,43.26655303541903,ZONA_EURO,44.091985226874385,-1.8720685566959938
2017,J631,19201.11927117907,435.1503095988576,44.1252570608983,ZONA_EURO,45.320121075576026,-2.6364978431658748
2018,J631,21464.502893768833,449.40436996422665,47.76211431917639,ZONA_EURO,46.54825692427812,2.607739741732762
2019,J631,21996.67527169854,461.4384785896587,47.669789782007804,ZONA_EURO,47.77639277297976,-0.22312900741272568
2020,J631,22076.90872452234,478.5212764897201,46.13568885896051,ZONA_EURO,49.0045286216814,-5.854233972677392
2021,J631,28554.634397352776,521.7093038404463,54.73284487578471,ZONA_EURO,50.23266447038304,8.95867351025139
2022,J631,19962.863236825488,149.47948130840362,133.54918723352026,ZONA_EURO,51.46080031908514,159.516343324321
2023,J631,4549.254328699983,36.48416253192948,124.69120881474687,ZONA_EURO,52.68893616778678,136.6553927330596
2015,K,480453.667454,4195.721442,114.51038256366687,ZONA_EURO,113.1670402706859,1.1870437627137687
2016,K,472604.413434,4179.909409,113.06570721757956,ZONA_EURO,114.41489227365355,-1.1792040609950094
2017,K,465334.804888,4066.0802,114.44309556117463,ZONA_EURO,115.66274427662074,-1.0544870978758558
2018,K,476268.564464,4035.3508,118.02407970677542,ZONA_EURO,116.91059627958839,0.9524230160661951
2019,K,481913.0803100811,4074.67,118.27045633390706,ZONA_EURO,118.15844828255604,0.09479478867493452
2020,K,488955.680199,4032.1779,121.26341950314246,ZONA_EURO,119.40630028552368,1.55529416218243
2021,K,513155.164084,4103.5835,125.05049893197007,ZONA_EURO,120.65415228849133,3.6437590916612583
2022,K,536248.053577,4093.5816,130.9972796382024,ZONA_EURO,121.90200429145898,7.461136836599724
2023,K,603907.67035,4129.966100000001,146.22581777366162,ZONA_EURO,123.14985629442663,18.73811482496983
2024,K,400109.599795,2804.864849,142.64844166650255,ZONA_EURO,124.39770829739427,14.671277806401983
2025,K,158878.0,1374.2077,115.61425539967503,ZONA_EURO,125.64556030036192,-7.983811665694008
2015,K64,327502.012099,2288.526042,143.1060892856556,ZONA_EURO,142.08430845182988,0.7191370003902575
2016,K64,317550.755199,2268.222609,139.9998192148344,ZONA_EURO,141.17494633517572,-0.8323906973914164
2017,K64,305431.11479099997,2187.434907,139.62980741213892,ZONA_EURO,140.26558421852133,-0.4532664301971079
2018,K64,300742.163713,2147.1455690000003,140.0660337403514,ZONA_EURO,139.35622210186716,0.5093505175286506
2019,K64,305087.6618998473,2202.3828329999997,138.52617143962607,ZONA_EURO,138.446859985213,0.057286567872716354
2020,K64,303883.707403,2132.858496,142.47720042042582,ZONA_EURO,137.53749786855883,3.591531493896838
2021,K64,313431.397776,2131.252175,147.06443538339147,ZONA_EURO,136.62813575190467,7.638470344378767
2022,K64,273669.453823,1881.817483,145.42826618164648,ZONA_EURO,135.7187736352505,7.154126349896606
2023,K64,248749.406247,1373.8636179999999,181.05829646258238,ZONA_EURO,134.8094115185961,34.306866577788256
2024,K64,52093.285,303.63742,171.5641141990997,ZONA_EURO,133.90004940194194,28.128492084493217
2015,K65,79457.952941,657.9680999999999,120.76262198881679,ZONA_EURO,120.40793682998265,0.2945695841753082
2016,K65,81085.177111,649.6787,124.80811993836336,ZONA_EURO,126.33666936837471,-1.209901636360522
2017,K65,80959.3956297366,629.684743,128.5713152966398,ZONA_EURO,132.26540190676678,-2.79293492997581
2018,K65,92547.765327,622.173133,148.74921532010288,ZONA_EURO,138.19413444515885,7.6378646006373785
2019,K65,86883.21502,627.606837,138.4357369899079,ZONA_EURO,144.12286698355092,-3.94602890760708
2020,K65,87960.03696099999,635.048871,138.5090832812456,ZONA_EURO,150.051599521943,-7.692364678198215
2021,K65,95247.64530799999,645.190245,147.6272247544598,ZONA_EURO,155.98033206033506,-5.355231134297222
2022,K65,86023.581666,607.692397,141.55777181131987,ZONA_EURO,161.90906459872895,-12.569582090939235
2023,K65,76225.27472973026,408.018923,186.8179891493176,ZONA_EURO,167.83779713712102,11.30865176733109
2024,K65,19040.458,110.30598,172.6149207867062,ZONA_EURO,173.76652967551308,-0.6627334337385715
2015,K66,73494.601414,723.891882,101.52704187115059,ZONA_EURO,99.73597565724322,1.7958075830757592
2016,K66,73968.479124,741.600718,99.74164982402296,ZONA_EURO,102.10436456333082,-2.3140193364039496
2017,K66,78886.228297,750.772412,105.07342443078474,ZONA_EURO,104.47275346941751,0.5749546569987496
2018,K66,82978.833424,786.054764,105.56367981506185,ZONA_EURO,106.8411423755042,-1.195665388856093
2019,K66,90657.41253015697,820.7412410000001,110.45797140606581,ZONA_EURO,109.2095312815909,1.1431604090085035
2020,K66,97111.936835,824.050053,117.8471337772003,ZONA_EURO,111.5779201876785,5.618686545668461
2021,K66,104476.12000000001,854.21648,122.30637367239743,ZONA_EURO,113.9463090937652,7.336845436347428
2022,K66,89135.519088,760.889159,117.14652263563136,ZONA_EURO,116.31469799985189,0.7151500627895935
2023,K66,57458.196806,516.921933,111.15449575245631,ZONA_EURO,118.68308690593858,-6.343440628106512
2024,K66,20389.452999999998,129.907875,156.95317162258254,ZONA_EURO,121.05147581202618,29.65820579197731
2015,L,1105922.702824,1292.419633,855.6993986983174,ZONA_EURO,854.3821454522058,0.15417612050101503
2016,L,1131322.204343,1329.255983,851.0943105102427,ZONA_EURO,851.3952090024595,-0.03534181177380358
2017,L,1161443.113367,1370.113455,847.6984946965578,ZONA_EURO,848.4082725527142,-0.08365994051670045
2018,L,1190889.820109,1413.5617340000001,842.4745743074847,ZONA_EURO,845.4213361029679,-0.348555408959339
2019,L,1225509.8410220526,1450.179503,845.0745845509668,ZONA_EURO,842.4343996532216,0.3133994645555749
2020,L,1231445.664075,1395.227256,882.6129641456776,ZONA_EURO,839.4474632034762,5.142132513865061
2021,L,1264194.276837,1436.92424,879.7918788237575,ZONA_EURO,836.4605267537299,5.180322404237625
2022,L,1326302.0189699999,1500.27486,884.0393546086614,ZONA_EURO,833.4735903039846,6.06687061148925
2023,L,1459457.0885919998,1519.199143,960.675297453087,ZONA_EURO,830.4866538542383,15.676187328797052
2024,L,827674.795351,1079.784006,766.5188507626403,ZONA_EURO,827.499717404492,-7.369291536814327
2025,L,392360.0,536.1018,731.8759235652632,ZONA_EURO,824.5127809547466,-11.235345228028404
2015,L68A,196918.94990500002,1.340418,146908.61351086004,ZONA_EURO,156443.60511812288,-6.094842675137436
2016,L68A,201004.524938,1.246649,161235.861046694,ZONA_EURO,152451.3312108349,5.7621863752113756
2017,L68A,208417.03839488438,1.38841,150112.02627097498,ZONA_EURO,148459.05730354693,1.1134173942976888
2018,L68A,216114.425227,1.413,152947.22238287333,ZONA_EURO,144466.78339625895,5.870165298380958
2019,L68A,220912.74956099998,1.685179,131091.56330633126,ZONA_EURO,140474.50948897097,-6.679465346968449
2020,L68A,224886.19191599998,1.850804,121507.29732375767,ZONA_EURO,136482.235581683,-10.972078669507878
2021,L68A,229674.54403000002,2.193117,104725.1669792355,ZONA_EURO,132489.96167439595,-20.9561496918495
2022,L68A,247436.490979299,2.071647,119439.50440364551,ZONA_EURO,128497.68776710797,-7.049296777915348
2023,L68A,89791.363,2.215618,40526.55421647594,ZONA_EURO,124505.41385982,-67.44996626242728
2024,L68A,23260.793999999998,2.334194,9965.235965819464,ZONA_EURO,120513.13995253202,-91.7309963297408
2015,LDI,12202.517658350806,17063.116023042832,0.7151400507311767,ZONA_EURO,0.8588475185239304,-16.732593934688012
2016,LDI,12684.889016643776,17332.987246900873,0.7318351323954171,ZONA_EURO,0.7317107689631825,0.016996255557466533
2017,LDI,13229.039968181849,17647.472993989246,0.7496280046830319,ZONA_EURO,0.6045740194023779,23.992758640875778
2018,LDI,13753.371126642935,18054.111889066957,0.7617860801544923,ZONA_EURO,0.47743726984163004,59.55731323764968
2019,LDI,1177.4818272399552,18260.959802,0.06448082904771486,ZONA_EURO,0.35030052028082537,-81.59271102537258
2020,LDI,1200.0,17735.507615,0.06766087704109958,ZONA_EURO,0.2231637707200207,-69.68106569323642
2021,LDI,1242.298816337465,18155.306028,0.0684262118425066,ZONA_EURO,0.09602702115927286,-28.742752803908022
2022,LDI,1413.7052390864237,18814.794586,0.07513795766541906,ZONA_EURO,-0.03110972840153181,-341.52559834536953
2023,LDI,1224.2541704174548,18353.208166656827,0.06670518632495094,ZONA_EURO,-0.15824647796233648,-142.15271466631134
2024,LDI,518.5466134268348,2799.339392,0.18523892276468734,ZONA_EURO,-0.2853832275230843,-164.9088330706834
2015,LTN,2174319.582124,20266.558165,107.28608007446537,ZONA_EURO,106.6025190985373,0.6412240364566113
2016,LTN,2246393.25551,21003.934283,106.95107046341163,ZONA_EURO,107.13558077769642,-0.17222132268797097
2017,LTN,2338931.529164006,21883.720471,106.87997647673873,ZONA_EURO,107.66864245685554,-0.7324936602900234
2018,LTN,2432041.884861,22602.971998,107.59832313539107,ZONA_EURO,108.20170413601465,-0.5576446373387167
2019,LTN,2503379.121928,22835.266115,109.62776213427107,ZONA_EURO,108.73476581517377,0.8212610864635428
2020,LTN,2458078.114566,21265.502634,115.58993722706288,ZONA_EURO,109.26782749433266,5.785883985895213
2021,LTN,2610632.385573,22608.804407,115.46972314753239,ZONA_EURO,109.80088917349178,5.162830662585538
2022,LTN,2786311.619875,24020.134469,115.99900173210807,ZONA_EURO,110.3339508526509,5.134458465121727
2023,LTN,3033796.32583,24190.705517,125.41165133435244,ZONA_EURO,110.86701253181002,13.118995876586158
2024,LTN,1805430.817053,17312.854711,104.28267591859883,ZONA_EURO,111.40007421096914,-6.389042684919044
2025,LTN,885911.0,7513.191,117.91407938384636,ZONA_EURO,111.93313589012826,5.343318085530013
2015,M,631825.315451,7612.503398,82.9983623543599,ZONA_EURO,83.31538011523162,-0.380503288148315
2016,M,654421.895244,7827.697844,83.60336695234349,ZONA_EURO,84.19347765621296,-0.7008983597031948
2017,M,692381.279127,8020.843319,86.32275330536226,ZONA_EURO,85.07157519719408,1.470735795438105
2018,M,725495.246234,8388.613159999999,86.48571967693407,ZONA_EURO,85.9496727381752,0.6236753691800656
2019,M,743811.437987,8654.235839,85.94767369697053,ZONA_EURO,86.82777027915631,-1.0136118656003945
2020,M,743565.20546,8394.776726,88.57474471680189,ZONA_EURO,87.70586782013766,0.990671340766025
2021,M,814295.643394,8783.396665,92.70851294224227,ZONA_EURO,88.58396536111877,4.656088225797395
2022,M,859771.032399,9602.129246,89.53962297030718,ZONA_EURO,89.46206290209989,0.08669604264790465
2023,M,926939.38926,10641.08707573758,87.10946378528246,ZONA_EURO,90.34016044308123,-3.576146690412696
2024,M,526448.255,6242.80077,84.32885725424167,ZONA_EURO,91.21825798406235,-7.552655446483525
2015,M69,97633.8176383619,786.48891483113,124.13883501374615,ZONA_EURO,122.75614238567778,1.1263734760613486
2016,M69,98784.50308648714,808.3267511580275,122.2086278166177,ZONA_EURO,123.9639685805123,-1.4160088483731736
2017,M69,101212.58506500586,819.5234522868294,123.50175554168513,ZONA_EURO,125.17179477534683,-1.334197721346897
2018,M69,107913.47531655464,833.5986712144928,129.45495121691178,ZONA_EURO,126.3796209701818,2.4334067653641434
2019,M69,107626.73005283525,850.4357512031174,126.55480428777243,ZONA_EURO,127.58744716501633,-0.8093608738078517
2020,M69,116174.87606388204,851.0724461360597,136.5040973789314,ZONA_EURO,128.79527335985085,5.985331462857557
2021,M69,114744.2053316767,806.6548495056793,142.24696647146214,ZONA_EURO,130.00309955468583,9.418134612725847
2022,M69,87894.089710194,715.2666771597553,122.88296451780991,ZONA_EURO,131.21092574952036,-6.347002876580865
2023,M69,30003.82959750997,283.4837340137945,105.83968671743955,ZONA_EURO,132.41875194435488,-20.07197986436574
2015,M69T71,456702.35005199997,42956.1729,10.631821207982892,ZONA_EURO,10.244067432828274,3.785154458394291
2016,M69T71,471529.249066,43982.3099,10.720884149515758,ZONA_EURO,10.72678254515472,-0.05498755674530065
2017,M69T71,506535.431685,46593.790322,10.87130770397598,ZONA_EURO,11.209497657481279,-3.016994729282896
2018,M69T71,535162.5047500003,49390.773675000004,10.835272763116931,ZONA_EURO,11.692212769807725,-7.329151663264555
2019,M69T71,547507.9057434766,42154.24784999999,12.988202462814828,ZONA_EURO,12.174927882134284,6.67991292066672
2020,M69T71,548872.641562,36870.609311,14.886454328224216,ZONA_EURO,12.657642994460844,17.608423106408754
2021,M69T71,591234.363687,38305.134181,15.434859486284278,ZONA_EURO,13.14035810678729,17.46148286713607
2022,M69T71,625048.402967,41786.12695,14.958275595029754,ZONA_EURO,13.623073219113849,9.801036480098713
2023,M69T71,456229.040244,5808.9250440000005,78.53932298803474,ZONA_EURO,14.105788331440294,456.7879025447942
2024,M69T71,121504.42300000001,941.973649,128.9891953230212,ZONA_EURO,14.588503443766854,784.1838768467622
2015,M69_70,318507.101793,3169.16,100.5020578932588,ZONA_EURO,100.57143414125221,-0.06898206094583248
2016,M69_70,330812.568849,3268.25,101.22009296993804,ZONA_EURO,102.56155633772187,-1.3079592546027308
2017,M69_70,354716.905538,3340.0494160000003,106.20109506128335,ZONA_EURO,104.55167853419107,1.5776088439870328
2018,M69_70,375495.005711,3491.519688,107.5448627718006,ZONA_EURO,106.54180073066027,0.941472768679863
2019,M69_70,385902.982171,3596.812012,107.29028397467441,ZONA_EURO,108.53192292712993,-1.144031100682863
2020,M69_70,392130.238814,3663.1002750000002,107.0487317778927,ZONA_EURO,110.52204512359913,-3.14264302820505
2021,M69_70,418397.99156,3804.7442929999997,109.96744047419222,ZONA_EURO,112.51216732006833,-2.261734802989812
2022,M69_70,398238.71255487954,3690.275768,107.9157053812027,ZONA_EURO,114.50228951653799,-5.752360204451601
2023,M69_70,280593.439038,2882.113473,97.35683263918457,ZONA_EURO,116.49241171300719,-16.42645970877946
2024,M69_70,94921.12599999999,627.260765,151.32642004159146,ZONA_EURO,118.48253390947684,27.72044540945422
2015,M70,115052.8941546381,782.0479531688699,147.11744169707507,ZONA_EURO,146.31351123972627,0.5494574291444732
2016,M70,120173.01776251284,821.3601548419725,146.30977294684303,ZONA_EURO,147.60178947042004,-0.875339335798464
2017,M70,127384.81747299415,851.0806427131707,149.67420368873917,ZONA_EURO,148.89006770111382,0.5266543294207171
2018,M70,133495.54039444536,894.3202327855072,149.27040169789245,ZONA_EURO,150.1783459318076,-0.6045773298950952
2019,M70,142596.27196216476,937.649007841881,152.07851847501902,ZONA_EURO,151.46662416250138,0.4039796330716161
2020,M70,138017.17475011805,962.4572728639401,143.40083309820773,ZONA_EURO,152.75490239319515,-6.123580420947672
2021,M70,157165.4552283233,972.2672594943208,161.64840859710276,ZONA_EURO,154.04318062388893,4.93707539821755
2022,M70,151166.50997380598,874.7333108200767,172.81439737568118,ZONA_EURO,155.33145885458225,11.25524645813445
2023,M70,68947.70844049,349.36996798620544,197.3486983953135,ZONA_EURO,156.61973708527603,26.004999157840135
2015,M71,138196.247259,1631.567,84.70154597328825,ZONA_EURO,84.95119762559216,-0.2938765541649069
2016,M71,140716.679217,1673.47,84.08676535402486,ZONA_EURO,85.57092332833781,-1.7344185578297422
2017,M71,151819.626147,1712.890606,88.63357975996746,ZONA_EURO,86.19064903108347,2.834333835916447
2018,M71,156655.500039,1792.897687,87.3755938082149,ZONA_EURO,86.81037473382912,0.6510962268263532
2019,M71,161131.07760300027,1870.229885,86.15576025992135,ZONA_EURO,87.43010043657478,-1.4575531427850508
2020,M71,156743.402748,1870.856037,83.7816484262172,ZONA_EURO,88.04982613932043,-4.847457286684165
2021,M71,172836.372127,1944.5970869999999,88.88029982274679,ZONA_EURO,88.66955184206608,0.23767795855795804
2022,M71,154255.226283,2025.7772830000001,76.14619216904309,ZONA_EURO,89.28927754481151,-14.719668180955225
2023,M71,124672.30220600001,1465.16878,85.09074443013999,ZONA_EURO,89.90900324755717,-5.359039299046042
2024,M71,26583.297,314.71288400000003,84.46841026057261,ZONA_EURO,90.52872895030282,-6.694359635886549
2015,M72,91778.098196,923.308075,99.40138149013806,ZONA_EURO,98.82006663462607,0.588255882948685
2016,M72,92561.174654,936.323217,98.85600717086565,ZONA_EURO,97.82151205899754,1.057533348333628
2017,M72,96123.764234,962.5233499999999,99.86642322391452,ZONA_EURO,96.82295748336878,3.143330693103974
2018,M72,98861.492381,1172.6128039999999,84.30872666899518,ZONA_EURO,95.82440290774002,-12.017477687632628
2019,M72,102820.90844569803,1011.198214,101.6822488629297,ZONA_EURO,94.82584833211126,7.230518525713658
2020,M72,104445.04812400001,1022.9497709999999,102.10183440570907,ZONA_EURO,93.8272937564825,8.818905798031595
2021,M72,121004.606692,1046.892444,115.58456399748358,ZONA_EURO,92.82873918085374,24.513771292633592
2022,M72,126827.498853,1061.796343,119.44616280619456,ZONA_EURO,91.83018460522521,30.072876712259134
2023,M72,56998.679492,636.7167549999999,89.51967895363458,ZONA_EURO,90.83163002959645,-1.4443768933073087
2024,M72,10816.637,105.14817099999999,102.87042463154211,ZONA_EURO,89.8330754539677,14.512860782836068
2015,M73,38906.749387,694.947,55.9852037450338,ZONA_EURO,55.72145641171801,0.47333172946342206
2016,M73,39974.897963999996,708.3290000000001,56.43549531926547,ZONA_EURO,57.061286974670566,-1.0967009133230454
2017,M73,41201.755279,702.624031,58.639832202095576,ZONA_EURO,58.40111753762358,0.40875016529986485
2018,M73,42637.000787,709.600716,60.08590440458349,ZONA_EURO,59.74094810057659,0.5774202033522302
2019,M73,43554.5095416262,715.660802,60.85915201713981,ZONA_EURO,61.0807786635296,-0.36284188125800254
2020,M73,37460.471917,671.276544,55.80482775963047,ZONA_EURO,62.42060922648261,-10.598713387829806
2021,M73,44277.940139,675.647167,65.53411647621103,ZONA_EURO,63.76043978943562,2.781782391452836
2022,M73,42078.792312,661.708441,63.59113728156295,ZONA_EURO,65.10027035238863,-2.31816713303451
2023,M73,33759.082025,533.748139,63.249086148101775,ZONA_EURO,66.44010091534165,-4.802844552126551
2024,M73,7876.236,163.348345,48.21742148657827,ZONA_EURO,67.77993147829466,-28.86180254989037
2015,M73T75,82810.803203,1379.234697,60.041125258176415,ZONA_EURO,61.43934482339239,-2.275772258371511
2016,M73T75,89802.568524,1421.026503,63.195562035200126,ZONA_EURO,61.80402604753101,2.251529676398323
2017,M73T75,89144.125208,1433.8006070000001,62.17330692481705,ZONA_EURO,62.168707271669746,0.0073986630077405025
2018,M73T75,93450.36410300001,1461.475909,63.942459487370186,ZONA_EURO,62.53338849580837,2.2533098324845513
2019,M73T75,90407.97842769072,1470.261614,61.491082652784755,ZONA_EURO,62.8980697199471,-2.236932028958827
2020,M73T75,89708.242774,1359.930628,65.96530802893278,ZONA_EURO,63.262750944085724,4.2719563163411856
2021,M73T75,101399.773015,1437.142567,70.55651634247363,ZONA_EURO,63.62743216822446,10.890089287163708
2022,M73T75,107119.035579,1544.157634,69.37053136312119,ZONA_EURO,63.99211339236308,8.404813789756748
2023,M73T75,78663.02452400001,1257.151314,62.57243948917355,ZONA_EURO,64.3567946165017,-2.7725978864563072
2024,M73T75,17479.625,265.30773,65.88434117618812,ZONA_EURO,64.72147584064044,1.7967225259370334
2015,M74,22123.501201558305,187.19700851336881,118.18298474560473,ZONA_EURO,114.19327418374269,3.493822723256357
2016,M74,22587.5812543868,199.58214140805092,113.17436066689905,ZONA_EURO,118.65716511047867,-4.6207108002915165
2017,M74,24102.401912734305,197.01493630194773,122.3379423161838,ZONA_EURO,123.12105603721466,-0.6360518226826706
2018,M74,25086.769761189473,193.509915933471,129.64074548931302,ZONA_EURO,127.58494696394882,1.6113174589045265
2019,M74,26523.15805803631,200.52399681717407,132.26924696807515,ZONA_EURO,132.0488378906848,0.16691481796515806
2020,M74,24772.838801699694,199.66838474683158,124.0699113838692,ZONA_EURO,136.5127288174208,-9.11476720254656
2021,M74,27804.520318024046,201.03218623786242,138.30879939357362,ZONA_EURO,140.97661974415496,-1.892384961011906
2022,M74,15291.17233030467,137.20890414172416,111.4444607363841,ZONA_EURO,145.44051067089094,-23.374539719153333
2023,M74,6205.459197640537,49.27895576542801,125.92513581616963,ZONA_EURO,149.90440159762693,-15.99637203837576
2015,M74_75,43904.054815999996,460.027107,95.43797343229167,ZONA_EURO,99.01171058462774,-3.609408555043092
2016,M74_75,49826.770560000004,480.19028299999997,103.76463731982683,ZONA_EURO,99.62548934018355,4.15470780325069
2017,M74_75,47943.268929,485.51407600000005,98.74743349150602,ZONA_EURO,100.23926809573913,-1.4882736402347385
2018,M74_75,51268.362316,484.971293,105.71422073017423,ZONA_EURO,100.85304685129495,4.820056538348272
2019,M74_75,49533.284748,507.866612,97.53207550489655,ZONA_EURO,101.46682560685053,-3.877868533307427
2020,M74_75,52204.165857,499.597685,104.49240944140884,ZONA_EURO,102.08060436240635,2.362647727319578
2021,M74_75,57121.833876,535.4365,106.682741792911,ZONA_EURO,102.69438311796193,3.883716473926091
2022,M74_75,46087.443267,509.776693,90.4071211961038,ZONA_EURO,103.30816187351775,-12.487920066963298
2023,M74_75,41367.642499,437.345275,94.58806317045497,ZONA_EURO,103.92194062907356,-8.981623516764191
2024,M74_75,9603.39,101.959384,94.18838779959674,ZONA_EURO,104.53571938462915,-9.898369328631485
2015,M75,4083.829614441733,37.522175486631134,108.83776224267089,ZONA_EURO,105.83991392925827,2.8324364619346953
2016,M75,4177.026305613243,40.45064959194911,103.26228003133467,ZONA_EURO,107.2481687056279,-3.7165097757833054
2017,M75,4325.3670162656745,39.0271746980522,110.82962191679093,ZONA_EURO,108.65642348199754,2.0000643911801896
2018,M75,4505.663554810565,42.63313206652894,105.68455415800753,ZONA_EURO,110.06467825836717,-3.9795910637903997
2019,M75,4693.396689963647,40.93034518282593,114.66789906118264,ZONA_EURO,111.4729330347368,2.866136145758569
2020,M75,4958.46805530028,44.64936525316852,111.05349487467585,ZONA_EURO,112.88118781110643,-1.6191297875860489
2021,M75,5414.941557975981,49.24705076213761,109.9546363523382,ZONA_EURO,114.28944258747606,-3.7928317235601527
2022,M75,4753.777936695333,50.46246685827584,94.20423202944772,ZONA_EURO,115.69769736384569,-18.577262835927844
2023,M75,1357.429802359463,17.415319234571992,77.94458339097015,ZONA_EURO,117.10595214021532,-33.44097207147575
2015,MED,40810.560831089126,294.81421527449686,138.42806322310835,ZONA_EURO,133.8976215197108,3.383511709900411
2016,MED,42527.175401568595,307.47653242480703,138.3103128755641,ZONA_EURO,139.4465014017096,-0.8147845336559878
2017,MED,43534.57552563726,307.86246808526147,141.4091681795408,ZONA_EURO,144.9953812837084,-2.4733292001560714
2018,MED,45352.64835414289,317.14365557561496,143.00348613888536,ZONA_EURO,150.54426116570903,-5.009008625392431
2019,MED,49582.592991752936,302.6542216768948,163.8258760014454,ZONA_EURO,156.09314104770783,4.953923600892995
2020,MED,50471.36530150062,312.7075153363139,161.40119065325038,ZONA_EURO,161.64202092970845,-0.14898989450446987
2021,MED,50330.73509490378,315.06719347590837,159.74603556670309,ZONA_EURO,167.19090081170725,-4.45291293297635
2022,MED,37840.16915218252,174.64258617704758,216.6720613826759,ZONA_EURO,172.73978069370605,25.432636600869873
2023,MED,1735.3320795228394,14.230729765590448,121.94259241144677,ZONA_EURO,178.28866057570667,-31.603842881714673
2015,MHDI,69717.24792271484,19774.32755960377,3.5256444353201464,ZONA_EURO,3.440835510069519,2.464777086914971
2016,MHDI,68547.99659439102,19957.14687700303,3.434759337938234,ZONA_EURO,6.082696111339828,-43.532287737753464
2017,MHDI,76804.08070716244,20135.723512690784,3.814319394024046,ZONA_EURO,8.724556712609228,-56.28065104429463
2018,MHDI,586390.1523667416,20366.803856134746,28.791466570249963,ZONA_EURO,11.366417313879538,153.30291661113557
2019,MHDI,83274.35453169554,20528.14704,4.056593825513418,ZONA_EURO,14.008277915148938,-71.04145241774147
2020,MHDI,89588.2980538657,20357.971537,4.400649538734331,ZONA_EURO,16.650138516419247,-73.56989232014672
2021,MHDI,103721.50615528811,20642.833283,5.024577040047401,ZONA_EURO,19.291999117688647,-73.95512507855958
2022,MHDI,230401.86103121183,20483.211086,11.248327230718646,ZONA_EURO,21.933859718958956,-48.717064051449476
2023,MHDI,819.2938436627886,7237.517949,0.11320094118398553,ZONA_EURO,24.575720320228356,-99.53937894918666
2024,MHDI,371.6788808077615,3369.352584,0.11031166122914772,ZONA_EURO,27.217580921498666,-99.59470438777306
2015,MLDI,102339.3893701573,17347.70498523745,5.899304228268008,ZONA_EURO,5.021206629359767,17.487780601855118
2016,MLDI,101502.1915020038,17516.588938361227,5.794632268826872,ZONA_EURO,7.921599400428022,-26.850223346136705
2017,MLDI,108959.29810252061,17689.676618491743,6.159485017867483,ZONA_EURO,10.821992171496277,-43.08363081161002
2018,MLDI,501587.58512342226,19354.426694035737,25.91591024899702,ZONA_EURO,13.722384942563622,88.8586448891398
2019,MLDI,183233.5378810973,17719.766972,10.340629093522217,ZONA_EURO,16.622777713631876,-37.79241188407304
2020,MLDI,127870.9159461344,17838.38747,7.168300170695551,ZONA_EURO,19.52317048469922,-63.283114408525385
2021,MLDI,151194.31418866376,18173.46319,8.319510299603152,ZONA_EURO,22.423563255767476,-62.898357389906245
2022,MLDI,183103.9229402408,18388.582905,9.957478718517967,ZONA_EURO,25.32395602683482,-60.67960824143586
2023,MLDI,145474.654743906,11925.648683,12.198468914423076,ZONA_EURO,28.224348797903076,-56.78033529925281
2024,MLDI,385.6830490620854,3138.489552,0.12288810992418604,ZONA_EURO,31.12474156897042,-99.60517548506587
2015,M_N,1068396.8793,17472.625832,61.146898558503956,ZONA_EURO,61.304611469001884,-0.25726108806296555
2016,M_N,1115071.0511669999,18134.6036,61.48858148556387,ZONA_EURO,61.0660693454397,0.6918934600720572
2017,M_N,1177744.684008,18931.685116,62.210240493205546,ZONA_EURO,60.82752722187752,2.2731702807585297
2018,M_N,1241152.064752,21703.443164,57.18687377727822,ZONA_EURO,60.588985098315334,-5.615065701326138
2019,M_N,1243033.4521557216,20015.016756,62.105041794835934,ZONA_EURO,60.35044297475321,2.9073503583341376
2020,M_N,1226632.450491,18459.547178,66.44975841839147,ZONA_EURO,60.111900851191024,10.543432294530186
2021,M_N,1346438.108736,19617.960467,68.63293006430952,ZONA_EURO,59.87335872762884,14.630165273555185
2022,M_N,1460009.600905,20857.840909,69.99811760358268,ZONA_EURO,59.634816604066714,17.377937234755002
2023,M_N,1574339.2372380001,21060.019974000003,74.7548786364698,ZONA_EURO,59.39627448050453,25.857857736525848
2024,M_N,977756.021702,14532.278905,67.28167193141275,ZONA_EURO,59.15773235694235,13.732675764940861
2025,M_N,493551.0,6977.0894,70.73880979653207,ZONA_EURO,58.919190233380164,20.06072981711755
2015,N,436571.563849,9859.234434,44.2804729689218,ZONA_EURO,43.78721061214458,1.1264986964947488
2016,N,460649.155923,10307.475756,44.690782382374785,ZONA_EURO,44.14735407746514,1.2309419585058157
2017,N,485363.50488100003,10908.640797,44.49349042774243,ZONA_EURO,44.5074975427857,-0.031471360594481634
2018,N,515655.819518,12487.935004,41.29232089635562,ZONA_EURO,44.86764100810626,-7.968593916280753
2019,N,534993.833027,11196.925883,47.78042103853408,ZONA_EURO,45.22778447342682,5.643956684650409
2020,N,483067.245031,10066.877452,47.98580764833174,ZONA_EURO,45.58792793874727,5.259900631602088
2021,N,532142.465342,10833.026802,49.122232878049886,ZONA_EURO,45.94807140406783,6.908149519635853
2022,N,595942.568506,11594.089663,51.400548540505106,ZONA_EURO,46.308214869388394,10.996609749435526
2023,N,647399.846978,12732.77689826242,50.845141806132446,ZONA_EURO,46.668358334708955,8.94992586083121
2024,N,388796.253,6770.2277859999995,57.427351824702704,ZONA_EURO,47.02850180002952,22.111803750181693
2015,N77,119786.509657,410.284681,291.95949837815175,ZONA_EURO,295.3927215361091,-1.1622571944575388
2016,N77,128925.02314,434.082247,297.00597992896036,ZONA_EURO,291.44149934720735,1.9092958944476823
2017,N77,130080.251524,451.59135499999996,288.0485865899714,ZONA_EURO,287.4902771583056,0.19420115253441228
2018,N77,137240.39704500002,491.08806400000003,279.46188699263524,ZONA_EURO,283.5390549694039,-1.4379563962391706
2019,N77,143635.254899,511.202182,280.975433901806,ZONA_EURO,279.58783278050214,0.4963023989649873
2020,N77,136861.318268,461.165435,296.7727151277068,ZONA_EURO,275.6366105916013,7.668104933789777
2021,N77,146164.313666,478.08316,305.7298936569947,ZONA_EURO,271.6853884026996,12.530856169502002
2022,N77,154711.55671900001,500.418565,309.16430272525963,ZONA_EURO,267.73416621379783,15.47435543896103
2023,N77,112053.094469,337.889077,331.6268624717928,ZONA_EURO,263.7829440248961,25.719600142340337
2024,N77,37083.834,69.22324400000001,535.7136108790278,ZONA_EURO,259.83172183599436,106.17713922442849
2015,N78,106618.496896,3153.741017,33.80699186181781,ZONA_EURO,33.09262361226797,2.158693302531045
2016,N78,111750.065224,3357.850987,33.28023359483284,ZONA_EURO,33.63332714964258,-1.0498323678735155
2017,N78,124607.97878800001,3702.461885,33.655438640119854,ZONA_EURO,34.174030687016966,-1.5175033101791247
2018,N78,130868.57888500001,3854.321583,33.95372598441535,ZONA_EURO,34.71473422439135,-2.192176483498176
2019,N78,133711.05584902002,3696.35458,36.173763353898806,ZONA_EURO,35.255437761765734,2.6047771646988016
2020,N78,115435.847087,3240.855101,35.61894731158485,ZONA_EURO,35.796141299140345,-0.49500862697665626
2021,N78,134400.25014699998,3608.553865,37.244906179888766,ZONA_EURO,36.33684483651473,2.499009882282155
2022,N78,134983.137869,3392.725538,39.786047045990074,ZONA_EURO,36.87754837388911,7.886908974025797
2023,N78,87465.123652,2133.556645,40.994985465689375,ZONA_EURO,37.418251911263724,9.558793828497848
2024,N78,36742.515,624.403408,58.844193560199145,ZONA_EURO,37.95895544863811,55.02058174340612
2015,N79,21834.163477,310.691095,70.27611614359272,ZONA_EURO,71.2472950383991,-1.3631098475850423
2016,N79,21950.561686,311.540824,70.45805876792572,ZONA_EURO,71.43224976492002,-1.3637971647264546
2017,N79,23594.102479,320.37138500000003,73.64609819631674,ZONA_EURO,71.61720449144093,2.8329697022986933
2018,N79,25796.489429,346.021662,74.55166037841875,ZONA_EURO,71.80215921796184,3.829273646368403
2019,N79,23995.147269125617,346.980889,69.15408897095084,ZONA_EURO,71.98711394448276,-3.935461248962946
2020,N79,7393.5766730000005,256.603569,28.813226183147908,ZONA_EURO,72.17206867100373,-60.077039894071824
2021,N79,9699.774607,242.901386,39.93297348661485,ZONA_EURO,72.35702339752464,-44.811199229097966
2022,N79,19638.610602,249.538942,78.69958269679609,ZONA_EURO,72.54197812404556,8.488332868757897
2023,N79,20638.073618000002,216.715145,95.2313398216816,ZONA_EURO,72.72693285056647,30.943704194641896
2024,N79,10962.921,36.929905999999995,296.85753871130896,ZONA_EURO,72.91188757708744,307.14559528780654
2015,N80T82,188227.85881900002,5244.491742,35.89058160042385,ZONA_EURO,35.62464764503443,0.7464886615558886
2016,N80T82,197631.319873,5419.325066,36.46788437049256,ZONA_EURO,36.58096147888614,-0.30911464275984457
2017,N80T82,206648.98309,5592.29961,36.95241626905609,ZONA_EURO,37.53727531273762,-1.5580753765659483
2018,N80T82,222458.149159,5713.019752,38.93880273757541,ZONA_EURO,38.4935891465891,1.1565915282435002
2019,N80T82,232552.201974,5896.848661,39.436691586140064,ZONA_EURO,39.449902980440584,-0.0334890412964306
2020,N80T82,222713.97400299998,5600.108786,39.76957993383523,ZONA_EURO,40.406216814292065,-1.5755914080816669
2021,N80T82,241388.279922,5813.19574,41.52419610800857,ZONA_EURO,41.362530648143775,0.39085002133940616
2022,N80T82,227773.065316,5419.406944,42.0291496227599,ZONA_EURO,42.31884448199526,-0.6845528576722049
2023,N80T82,177780.679239,4149.869442,42.84006562705738,ZONA_EURO,43.27515831584674,-1.0054098141335621
2024,N80T82,31344.400999999998,623.8937940000001,50.23996279725775,ZONA_EURO,44.23147214969822,13.584197756801375
2015,O,634576.450311,12675.4785,50.063313216222966,ZONA_EURO,49.95013613113724,0.22658013341263494
2016,O,645700.628804,12685.7448,50.89970190823955,ZONA_EURO,50.998133238819264,-0.19300967374388245
2017,O,660500.571969,12713.2315,51.953790975095515,ZONA_EURO,52.046130346501286,-0.1774183225362047
2018,O,679389.246819,12789.3721,53.12139184839262,ZONA_EURO,53.09412745418285,0.05135105428240028
2019,O,699453.2326582465,12906.8382,54.192453784556356,ZONA_EURO,54.142124561864875,0.09295760574370426
2020,O,715999.465328,12937.5924,55.342558583620246,ZONA_EURO,55.1901216695469,0.2762032578693452
2021,O,741263.5048850001,13163.31,56.31285025460922,ZONA_EURO,56.23811877722892,0.1328840277825094
2022,O,787972.791297,13155.794399999999,59.89549299257824,ZONA_EURO,57.28611588491094,4.554990449884211
2023,O,830112.685688,14118.82462477878,58.794744445733684,ZONA_EURO,58.334112992592964,0.7896433656224611
2024,O,469029.345,7802.51985,60.11254748682248,ZONA_EURO,59.382110100274986,1.2300630363489162
2015,OTQ,1818110.453538,39978.893102,45.476758170852065,ZONA_EURO,45.33233420392207,0.3185893015795749
2016,OTQ,1863291.754858,40466.924607,46.044807529942275,ZONA_EURO,46.20317482615883,-0.3427628010681416
2017,OTQ,1917523.5598914858,40796.620678,47.00201948161678,ZONA_EURO,47.074015448395585,-0.15294205538453065
2018,OTQ,1974120.1936660002,41139.285276,47.986254025119635,ZONA_EURO,47.94485607063211,0.08634493432733148
2019,OTQ,2044381.200163,41841.408933,48.860238034446596,ZONA_EURO,48.81569669286864,0.09124389201733418
2020,OTQ,2074442.187614,41283.822396999996,50.24830713748892,ZONA_EURO,49.6865373151054,1.130627837518361
2021,OTQ,2179147.601899,42821.617988,50.8889599292971,ZONA_EURO,50.55737793734215,0.6558528260027563
2022,OTQ,2300414.093818,43783.338685,52.54085601759083,ZONA_EURO,51.42821855957868,2.1634765682641444
2023,OTQ,2423362.990413211,43955.689674,55.1319523908333,ZONA_EURO,52.29905918181521,5.416719255254043
2024,OTQ,1559481.706756,30702.07447,50.794017462234365,ZONA_EURO,53.169899804051965,-4.468472482689423
2025,OTQ,827319.0,15282.8514,54.133811704797445,ZONA_EURO,54.04074042628872,0.17222428444643167
2015,OTU,2148539.345416,51946.996007,41.360223122940134,ZONA_EURO,41.158566117693454,0.48995148341670625
2016,OTU,2198401.286578,52579.574986,41.81093679747988,ZONA_EURO,41.91444036995654,-0.24694012746701022
2017,OTU,2264427.8943245653,52958.795177,42.7582970261379,ZONA_EURO,42.67031462221962,0.20619113005664325
2018,OTU,2326805.894934,54422.979945,42.75410676308934,ZONA_EURO,43.426188874482705,-1.5476423992349941
2019,OTU,2405566.184412825,53854.340424999995,44.668009401450675,ZONA_EURO,44.18206312674579,1.0998723018226686
2020,OTU,2384838.780524,52564.765301,45.369531602923956,ZONA_EURO,44.93793737900887,0.9604228611451271
2021,OTU,2504030.46899,54594.725941,45.865794283793676,ZONA_EURO,45.693811631271956,0.3763806221935173
2022,OTU,2668451.827436,56678.563327,47.08044224834521,ZONA_EURO,46.44968588353481,1.3579346185287777
2023,OTU,2823617.452751444,56280.449564999995,50.17048503655542,ZONA_EURO,47.205560135797896,6.2808806679302664
2024,OTU,1822529.341728,39396.47424,46.261229637589004,ZONA_EURO,47.96143438806098,-3.5449414142109337
2025,OTU,966502.0,17946.506,53.85460545913505,ZONA_EURO,48.71730864032406,10.545116227046192
2015,P,469602.669609,10452.42186,44.927642215255936,ZONA_EURO,44.742768442210945,0.41319252134290885
2016,P,481525.159956,10580.692274,45.509797231250616,ZONA_EURO,45.78531183046016,-0.6017532439874018
2017,P,495865.026344,10590.610932,46.821191858320645,ZONA_EURO,46.827855218709374,-0.014229480204908107
2018,P,511150.789659,10655.462622,47.97077403318398,ZONA_EURO,47.87039860695904,0.20968161775520855
2019,P,526794.76104168,10770.724864,48.90987075553618,ZONA_EURO,48.91294199520826,-0.006278991912556098
2020,P,532282.472019,10574.472269,50.336551884431444,ZONA_EURO,49.95548538345747,0.7628121277351463
2021,P,555617.755405,11048.768816,50.28775283997217,ZONA_EURO,50.99802877170714,-1.3927517373554243
2022,P,591017.164539,11568.81704,51.087087166779156,ZONA_EURO,52.040572159956355,-1.8321954459810441
2023,P,623350.223473,11784.36384747099,52.89638299879679,ZONA_EURO,53.083115548206024,-0.351773906788988
2024,P,359115.026,6471.1395840000005,55.49486629648939,ZONA_EURO,54.12565893645524,2.529682570038805
2015,Q,713932.333618,16850.073742,42.36968600549641,ZONA_EURO,42.15758480199702,0.5031151677582502
2016,Q,736065.966098,17200.946433,42.7921782656016,ZONA_EURO,42.91530406906122,-0.2869041851864429
2017,Q,761304.5490742289,17495.337246,43.51471128390438,ZONA_EURO,43.673023336125425,-0.36249391530008834
2018,Q,783579.157188,17700.667554,44.26833930401267,ZONA_EURO,44.43074260318963,-0.3655201098648697
2019,Q,817135.586857,17990.575869,45.42020182161185,ZONA_EURO,45.18846187025383,0.5128299166796024
2020,Q,824995.7282669999,17768.984828,46.428973644402504,ZONA_EURO,45.946181137318035,1.0507783130910386
2021,Q,882266.341609,18612.497172,47.40182542169845,ZONA_EURO,46.70390040438224,1.4943613087414098
2022,Q,921423.237982,19327.054245,47.6753066608884,ZONA_EURO,47.46161967144644,0.4502311360657485
2023,Q,970580.5947519362,20466.87720175023,47.422016812068264,ZONA_EURO,48.219338938510646,-1.6535318484127814
2024,Q,599726.647,12713.623464,47.17196861289709,ZONA_EURO,48.97705820557485,-3.68558190061381
2015,Q86,497609.403138,9359.024259,53.16894041165451,ZONA_EURO,52.92275394074409,0.4651807636202543
2016,Q86,510820.647,9514.342596,53.68953680675301,ZONA_EURO,53.83944896898015,-0.27844297276057306
2017,Q86,525294.11386,9593.143224,54.75724708725563,ZONA_EURO,54.756143997215986,0.002014550257034564
2018,Q86,539240.744552,9780.260217,55.13562344841239,ZONA_EURO,55.67283902545205,-0.9649509283944702
2019,Q86,559704.988044,9814.328409,57.029372232004754,ZONA_EURO,56.58953405368811,0.7772429755285692
2020,Q86,565717.425891,9682.247714000001,58.428315676431566,ZONA_EURO,57.50622908192395,1.6034551547346343
2021,Q86,606277.11382,10222.41361,59.30860723801216,ZONA_EURO,58.42292411016001,1.5159856192444865
2022,Q86,589527.8331036388,10343.162072000001,56.996867012221635,ZONA_EURO,59.339619138396074,-3.948040382110485
2023,Q86,417950.196943,7673.260262,54.4683983955033,ZONA_EURO,60.25631416663191,-9.605492554892747
2024,Q86,84834.97099999999,1284.957531,66.0216146863456,ZONA_EURO,61.17300919486797,7.926053590125481
2015,Q87_88,216322.83148,7459.0914809999995,29.001230515944656,ZONA_EURO,28.924144831832336,0.26650981234017657
2016,Q87_88,225245.317098,7655.29537,29.42346522391598,ZONA_EURO,29.480088288528577,-0.1920722355320481
2017,Q87_88,236147.532418,7869.509816,30.00790874393135,ZONA_EURO,30.036031745225046,-0.09363088151006504
2018,Q87_88,244338.311636,8008.532694,30.509747661897975,ZONA_EURO,30.591975201921514,-0.26878794023856845
2019,Q87_88,257430.597813,8240.994679,31.237806580435485,ZONA_EURO,31.147918658617755,0.2885840392833572
2020,Q87_88,260443.824376,8058.024424,32.32105174567289,ZONA_EURO,31.703862115314223,1.9467332658519743
2021,Q87_88,275989.227789,8362.129103,33.004659984259995,ZONA_EURO,32.259805572010464,2.308924059033357
2022,Q87_88,292950.485198,8710.146706,33.6332435131317,ZONA_EURO,32.81574902870693,2.4911650918272077
2023,Q87_88,225435.216553,6373.125538,35.37278768617283,ZONA_EURO,33.37169248540317,5.996385114854252
2024,Q87_88,65098.291,1279.909403,50.861639774983345,ZONA_EURO,33.92763594209964,49.91212432773979
2015,R,121789.362953,2141.025234,56.8836653669258,ZONA_EURO,56.63252252083953,0.4434604621290861
2016,R,124486.17233,2179.5684029999998,57.11505642982108,ZONA_EURO,57.5687112116168,-0.7880231678769611
2017,R,130851.90937108414,2239.471958,58.42980480449675,ZONA_EURO,58.504899902393845,-0.1283569376622884
2018,R,135308.203733,2257.105235,59.94767175000593,ZONA_EURO,59.441088593171116,0.8522440769919148
2019,R,140285.208586,2332.322042,60.148301160719384,ZONA_EURO,60.37727728394839,-0.3792422141729812
2020,R,108811.073337,2032.98129,53.5229093707006,ZONA_EURO,61.31346597472543,-12.706110281281834
2021,R,113004.930331,2114.633394,53.43949010340844,ZONA_EURO,62.2496546655027,-14.152953312649707
2022,R,140889.821562,2366.823184,59.526973757242025,ZONA_EURO,63.185843356279975,-5.790647722159903
2023,R,153484.567401,2721.83045721808,56.390201305144124,ZONA_EURO,64.12203204705725,-12.057993945417955
2024,R,92075.088,1427.003659,64.52337204553727,ZONA_EURO,65.05822073783429,-0.8221077770514285
2015,R90T92,70379.912915,1111.765333,63.30464786582799,ZONA_EURO,64.87181807696516,-2.415795113492647
2016,R90T92,71059.653863,1049.519051,67.70687372972708,ZONA_EURO,66.91116375620777,1.1892036079636847
2017,R90T92,74652.93062900001,1048.961987,71.16838508371993,ZONA_EURO,68.95050943545039,3.2166196688450333
2018,R90T92,76857.358753,1091.171212,70.43565474214508,ZONA_EURO,70.989855114693,-0.7806754523622339
2019,R90T92,78855.003041,1093.1286109999999,72.13698575583254,ZONA_EURO,73.02920079393562,-1.2217236782045782
2020,R90T92,62330.935321000004,979.9273880000001,63.60770816725045,ZONA_EURO,75.06854647317823,-15.267164271020894
2021,R90T92,65025.168911,986.890919,65.88891199534889,ZONA_EURO,77.10789215242085,-14.54971708329823
2022,R90T92,68972.332967,984.951438,70.02612545756799,ZONA_EURO,79.14723783166346,-11.52423334531898
2023,R90T92,52663.24456,721.9337949999999,72.94747097966234,ZONA_EURO,81.18658351090608,-10.148367100750022
2024,R90T92,13610.556999999999,170.170565,79.98185232563574,ZONA_EURO,83.22592919014869,-3.8979160654381007
2015,R93,51408.451038,944.017201,54.45711262839585,ZONA_EURO,54.22616328968115,0.4259002014967317
2016,R93,53426.518467,974.718352,54.812262801224044,ZONA_EURO,53.48078762157411,2.4896327052461364
2017,R93,56167.574454,1025.604046,54.76535966590756,ZONA_EURO,52.735411953467064,3.8493066371259044
2018,R93,44423.10475766994,1032.8092040000001,43.01191796667019,ZONA_EURO,51.99003628535979,-17.268921047508112
2019,R93,61431.205545000004,1084.774225,56.630406705137204,ZONA_EURO,51.24466061725275,10.50986780478591
2020,R93,46480.137016,963.835564,48.22413568462182,ZONA_EURO,50.499284949145704,-4.505309860951545
2021,R93,47980.862420000005,1035.2700280000001,46.346229604166616,ZONA_EURO,49.75390928103843,-6.849069201021574
2022,R93,54333.87869279951,1040.823924,52.20275729634315,ZONA_EURO,49.00853361293139,6.517688753227535
2023,R93,42097.061841,738.8592570000001,56.975752069382274,ZONA_EURO,48.26315794482434,18.052266978713625
2024,R93,7664.6630000000005,144.669685,52.98043608790606,ZONA_EURO,47.51778227671707,11.496020120167927
2015,RTU,330428.891878,8823.211605,37.44995662245596,ZONA_EURO,37.2263221688429,0.6007428093453449
2016,RTU,335109.53172,8876.646779,37.75181552934923,ZONA_EURO,37.92267093663122,-0.45053632316006675
2017,RTU,345405.97542494495,8979.991598999999,38.46395306911077,ZONA_EURO,38.619019704419316,-0.4015291856069525
2018,RTU,352685.701268,8987.104369,39.243530150217175,ZONA_EURO,39.31536847220764,-0.18272325755065433
2019,RTU,363287.303438,9040.181192,40.18584315096325,ZONA_EURO,40.01171723999596,0.4351872975680182
2020,RTU,310396.59291,8335.214504,37.239184757757975,ZONA_EURO,40.708066007784055,-8.521360973922887
2021,RTU,324882.867091,8618.836253,37.694516702056674,ZONA_EURO,41.40441477557238,-8.960150973331604
2022,RTU,374557.84863945923,8980.290042,41.70888099244971,ZONA_EURO,42.1007635433607,-0.9308205313364071
2023,RTU,400545.8680876267,9046.613591,44.27577944592535,ZONA_EURO,42.79711231114902,3.4550628650501736
2024,RTU,263047.63497199997,5576.5470700000005,47.17034244848577,ZONA_EURO,43.493461078937116,8.453871635727971
2025,RTU,139183.0,2663.6555,52.25262801439601,ZONA_EURO,44.18980984672544,18.245876584753052
2015,S,166520.87962599998,3407.001048,48.87608699849158,ZONA_EURO,48.671321749726985,0.4207102692166842
2016,S,168687.639745,3469.6129539999997,48.61857561101324,ZONA_EURO,48.86259127660196,-0.4993915779197833
2017,S,172793.736715,3525.639357,49.01061033707992,ZONA_EURO,49.05386080347694,-0.08816934220589046
2018,S,174967.264367,3553.023134,49.24461726485342,ZONA_EURO,49.24513033035197,-0.0010418603730188991
2019,S,180093.01119687234,3636.8162979999997,49.51941380594648,ZONA_EURO,49.436399857226945,0.16792070004951754
2020,S,160285.210655,3333.0153139999998,48.090151275854595,ZONA_EURO,49.62766938410198,-3.0981066153792036
2021,S,168790.349597,3429.520759,49.21689106387473,ZONA_EURO,49.818938910976954,-1.2084718387479931
2022,S,189421.621846,3561.155873,53.191050490701166,ZONA_EURO,50.01020843785193,6.360385513693845
2023,S,200944.225485,3994.95378878192,50.29951186150487,ZONA_EURO,50.20147796472696,0.19528089759983658
2024,S,125825.655,2288.324465,54.98593268765319,ZONA_EURO,50.39274749160194,9.114774297267104
2015,S94,67645.030374,1640.9439,41.223243752574355,ZONA_EURO,41.064898846248184,0.38559672804512335
2016,S94,70170.144076,1685.7952,41.624358686037304,ZONA_EURO,41.51399874511628,0.2658378962686836
2017,S94,72195.78674,1731.106088,41.705004240040545,ZONA_EURO,41.96309864398438,-0.6150508715610181
2018,S94,73727.491949,1756.925427,41.96392790267245,ZONA_EURO,42.41219854285248,-1.0569379932688583
2019,S94,76553.109376,1768.012714,43.298958638597206,ZONA_EURO,42.861298441720464,1.0211081156858537
2020,S94,76446.123253,1759.984471,43.435680548683656,ZONA_EURO,43.31039834058856,0.28926588739703885
2021,S94,77717.669295,1780.169507,43.657454522952904,ZONA_EURO,43.75949823945666,-0.23319215395333215
2022,S94,77116.8647131176,1729.7170170000002,44.583515080905045,ZONA_EURO,44.20859813832476,0.8480634047865587
2023,S94,59684.337995,1311.9967589999999,45.4912236524816,ZONA_EURO,44.65769803719286,1.8664768940721999
2024,S94,8565.475,169.02541200000002,50.675664082984156,ZONA_EURO,45.10679793606096,12.345957597826128
2015,S95,11360.614144000001,178.56173,63.62289469305657,ZONA_EURO,64.09336348403508,-0.7340366699520984
2016,S95,11552.399265,179.347894,64.4133533288102,ZONA_EURO,64.85563354718624,-0.6819457218843694
2017,S95,11673.81133151973,174.105464,67.05022957533217,ZONA_EURO,65.61790361033741,2.1828279877705636
2018,S95,11794.266376,176.761351,66.72423756254273,ZONA_EURO,66.38017367348834,0.5183232733719123
2019,S95,12021.962701,181.384729,66.27880289194577,ZONA_EURO,67.1424437366395,-1.2862815182618226
2020,S95,11377.77614,169.775464,67.01661048029885,ZONA_EURO,67.90471379979067,-1.3078669650391173
2021,S95,12034.751402,175.898496,68.4187282761076,ZONA_EURO,68.6669838629416,-0.36153559231539845
2022,S95,10729.592316,163.31669,65.6980760264,ZONA_EURO,69.42925392609277,-5.3740717186225195
2023,S95,5509.390985,103.624633,53.16680817581279,ZONA_EURO,70.19152398924393,-24.25466045735093
2024,S95,1146.717,14.862899,77.15298341191715,ZONA_EURO,70.9537940523951,8.736938513738002
2015,S951,4022.885979927576,51.446795419100965,78.19507409851177,ZONA_EURO,78.5104669965549,-0.40172082794638353
2016,S951,3847.3669568364626,47.21529318533855,81.48560979456461,ZONA_EURO,83.25120376348787,-2.120802930296617
2017,S951,4841.121847863294,53.872253266808656,89.86299169420424,ZONA_EURO,87.99194053042083,2.1263892494069347
2018,S951,4404.384247247879,46.09559016341168,95.54892846873352,ZONA_EURO,92.7326772973538,3.03695660845551
2019,S951,4173.396930835938,43.99203720359062,94.86709859609108,ZONA_EURO,97.47341406428495,-2.673873171688612
2020,S951,4190.200809695157,47.06532316477372,89.02947070023167,ZONA_EURO,102.21415083121792,-12.89907515130423
2021,S951,4416.622131429098,47.86764057983653,92.26738727727324,ZONA_EURO,106.95488759815089,-13.732425558765748
2022,S951,3937.775773701679,41.202577299852386,95.57110335706564,ZONA_EURO,111.69562436508386,-14.436125944660338
2023,S951,163.73134107924767,2.385136571266992,68.64652659796042,ZONA_EURO,116.43636113201683,-41.043737600036955
2015,S96,87515.23510800001,1267.799955,69.02921455617185,ZONA_EURO,68.5063929013487,0.7631720671325226
2016,S96,86965.196404,1288.0073419999999,67.51917754518514,ZONA_EURO,68.20183944915959,-1.0009435368430686
2017,S96,88923.75108,1298.857551,68.46305124956693,ZONA_EURO,67.89728599697048,0.8332663733005452
2018,S96,89445.507042,1346.707823,66.41790113221909,ZONA_EURO,67.59273254478137,-1.738103148565473
2019,S96,91601.5868150112,1345.952242,68.0570855017092,ZONA_EURO,67.28817909259226,1.1427065191627284
2020,S96,72353.77026199999,1174.276653,61.6156082786396,ZONA_EURO,66.98362564040303,-8.013924762122116
2021,S96,79038.0309,1232.4783360000001,64.12934701677385,ZONA_EURO,66.67907218821392,-3.823876199481313
2022,S96,75217.522889,1084.1358189999999,69.38016581573716,ZONA_EURO,66.37451873602481,4.528314686040846
2023,S96,65515.050505,870.178266,75.2892287302887,ZONA_EURO,66.0699652838357,13.953788846183235
2024,S96,9050.239,99.681058,90.79196370487962,ZONA_EURO,65.76541183164647,38.05427682456983
2015,T,42118.624298999996,3260.4283229999996,12.918126125295593,ZONA_EURO,12.850173925597858,0.5288037351959263
2016,T,41935.678645,3209.7154219999998,13.06523262391578,ZONA_EURO,13.062432002021922,0.021440279217710412
2017,T,41818.46511975253,3194.3637,13.091328679872156,ZONA_EURO,13.274690078445929,-1.3812857210994012
2018,T,42411.228168,3124.5701,13.573460287544838,ZONA_EURO,13.486948154869992,0.6414507691542282
2019,T,42747.198520000005,3114.4813,13.725302675601233,ZONA_EURO,13.699206231294,0.19049603215417488
2020,T,41299.335918000004,2946.8399,14.01478781320967,ZONA_EURO,13.911464307718063,0.7427219968086485
2021,T,43086.558163,3052.0292,14.117347947719505,ZONA_EURO,14.12372238414207,-0.045132835729777554
2022,T,43630.25521,2964.039885,14.71986103520331,ZONA_EURO,14.335980460566134,2.6777420330134527
2023,T,46212.507022,2806.5306,16.46606205612011,ZONA_EURO,14.54823853699014,13.182513568592768
2024,T,25072.394,1221.006114,20.534208397911428,ZONA_EURO,14.760496613414205,39.11597242094231
2015,_T,9468091.353014,148399.369422,63.80142577351389,ZONA_EURO,63.53088174893742,0.42584648147276916
2016,_T,9712166.744374,151179.975966,64.24241492509724,ZONA_EURO,64.57018910585953,-0.5076246256998318
2017,_T,10072341.468897,153433.6427,65.6462382802895,ZONA_EURO,65.60949646278118,0.056000761306185254
2018,_T,10405862.120749,156534.5249,66.47646662866642,ZONA_EURO,66.64880381970329,-0.25857506985883516
2019,_T,10755530.180956999,158446.99120000002,67.88093670633866,ZONA_EURO,67.68811117662494,0.28487355661404035
2020,_T,10339732.874532,150402.7776,68.74695427521146,ZONA_EURO,68.72741853354705,0.028424960636175278
2021,_T,11164391.413211,156960.2119,71.12879931841503,ZONA_EURO,69.7667258904687,1.952325281947065
2022,_T,12175201.75409935,161886.68348500002,75.20817334692926,ZONA_EURO,70.80603324739081,6.217182205586491
2023,_T,13091394.800681,164431.7245,79.61599162502854,ZONA_EURO,71.84534060431247,10.815803718591654
2024,_T,8349733.429482,116062.33255199999,71.94180270107036,ZONA_EURO,72.88464796123458,-1.2936129713704503
2025,_T,4044817.0,54921.297,73.64751418743808,ZONA_EURO,73.92395531815623,-0.3739533815911189
2015,A,44471540.38616027,2831.622803,15705.31934516289,PACIFICO,15887.868057238113,-1.148981798045945
2016,A,44839492.66580463,2795.5504180000003,16039.593626032263,PACIFICO,16107.319407566858,-0.4204658753012569
2017,A,46629579.37165743,2768.227683,16844.56074838604,PACIFICO,16326.770757895662,3.1714170436304645
2018,A,45409511.03635429,2761.461414,16444.014320148777,PACIFICO,16546.222108224407,-0.6177107221643441
2019,A,44401914.82684634,2674.755213,16600.365749748456,PACIFICO,16765.673458553152,-0.9859890759136958
2020,A,46444979.84635731,2512.0406350000003,18488.944485707852,PACIFICO,16985.124808881956,8.853745225584152
2021,A,51063539.690270185,2502.4998539999997,20405.012055705076,PACIFICO,17204.5761592107,18.60223621249151
2022,A,47417177.31534706,2517.973546,18831.483512077793,PACIFICO,17424.027509539446,8.077673211705982
2023,A,49784068.61380173,2473.891811,20123.78568555023,PACIFICO,17643.47885986825,14.05792386740503
2024,A,62986.0,203.164,310.0253982004686,PACIFICO,17862.930210196995,-98.26442025718998
2015,A01,27769440.182012,637.2998068119964,43573.58951813395,PACIFICO,30697.400577887893,41.94553511974269
2016,A01,26452941.328089748,594.3707868852459,44505.789839898316,PACIFICO,50395.430647306144,-11.68685480361632
2017,A01,27150814.345765997,628.8140292800551,43177.81264653341,PACIFICO,70093.46071673185,-38.39965639444232
2018,A01,26176755.0,238.432292221907,109786.95358780306,PACIFICO,89791.4907861501,22.268772493459
2019,A01,25339566.0,231.57406955864303,109423.15799128405,PACIFICO,109489.52085556835,-0.06061115599531597
2020,A01,26633817.0,239.9627125732854,110991.48161140221,PACIFICO,129187.55092499405,-14.085002140923342
2021,A01,16176.0,148.694,108.7871736586547,PACIFICO,148885.5809944123,-99.9269323644828
2022,A01,13252.0,156.426,84.71737434953269,PACIFICO,168583.61106383055,-99.94974756216519
2015,A01_02,30229332.199464526,706.626384794837,42779.79544769101,PACIFICO,31516.636125698686,35.737187424035824
2016,A01_02,28890182.039943177,661.092786885246,43700.646283042865,PACIFICO,49276.547236062586,-11.315526890120765
2017,A01_02,29675506.184244134,686.663034791595,43216.98515961438,PACIFICO,67036.45834643394,-35.53211755866374
2018,A01_02,28819799.0,276.81964672526203,104110.38140151618,PACIFICO,84796.36945680529,22.77693263100058
2019,A01_02,27778034.0,274.01406209243,101374.48344030592,PACIFICO,102556.28056717664,-1.1523400813045481
2020,A01_02,29014341.0,284.908532702954,101837.38873924983,PACIFICO,120316.19167754799,-15.358533777250916
2021,A01_02,17793.0,167.736,106.07740735441409,PACIFICO,138076.10278791934,-99.9231746803302
2022,A01_02,14727.0,175.359,83.98200263459532,PACIFICO,155836.0138982907,-99.94610873280588
2015,A02,2459892.0174525264,69.3265779828405,35482.66897093047,PACIFICO,33138.107047982514,7.075123269875183
2016,A02,2437240.71185343,66.72200000000001,36528.29219527936,PACIFICO,40765.30713652447,-10.393678445878486
2017,A02,2524691.8384781363,57.8490055115398,43642.787220853905,PACIFICO,48392.50722506456,-9.814990535870749
2018,A02,2643044.0,38.387354503355,68851.94445397382,PACIFICO,56019.70731360465,22.906647956107395
2019,A02,2438468.0,42.439992533787,57456.84328428441,PACIFICO,63646.907402144745,-9.725632195684252
2020,A02,2380524.0,44.945820129668604,52964.302200564875,PACIFICO,71274.10749068484,-25.68928034982825
2021,A02,1617.0,19.042,84.91755067744984,PACIFICO,78901.30757922493,-99.89237497668567
2022,A02,1475.0,18.933,77.90630116727407,PACIFICO,86528.50766776502,-99.9099645847743
2015,A03,2872247.8005354754,41.7646152051633,68772.27974987743,PACIFICO,59446.36201922223,15.687953667609843
2016,A03,3057695.9600568227,45.8012131147541,66760.15223430484,PACIFICO,73744.41308966652,-9.470901676130294
2017,A03,3558393.815755868,49.7659652084051,71502.5580405076,PACIFICO,88042.46416010708,-18.786282593728075
2018,A03,3295646.0,27.6783532747377,119069.43911319927,PACIFICO,102340.51523055136,16.34633541267718
2019,A03,2989962.0,26.202937907570202,114107.89166264368,PACIFICO,116638.56630099192,-2.1696722778790867
2020,A03,3486098.0,18.942467297045702,184036.11025601177,PACIFICO,130936.61737143621,40.55358535339651
2021,A03,2920.0,5.949,490.8387964363759,PACIFICO,145234.6684418805,-99.66203744484548
2022,A03,3254.0,4.326,752.1960240406843,PACIFICO,159532.71951232105,-99.52850046915762
2015,B,16201409.7963274,813.436355997345,19917.243281391125,PACIFICO,23593.14142187778,-15.580367509169491
2016,B,16375013.2058312,793.457274242924,20637.54878478541,PACIFICO,22393.322853150312,-7.8406142754195995
2017,B,20133003.582032,838.658684791193,24006.194590406776,PACIFICO,21193.504284422845,13.271473505451613
2018,B,19400483.7283522,564.965768044881,34339.21987077104,PACIFICO,19993.685715695377,71.75032337241443
2019,B,2471963.0,349.774,7067.314894760617,PACIFICO,18793.867146967445,-62.39563236509847
2020,B,2344993.0,353.928,6625.621595352727,PACIFICO,17594.048578239977,-62.34168863471717
2021,B,2523971.0,374.51059999999995,6739.384679632567,PACIFICO,16394.23000951251,-58.89172790840351
2022,B,2613438.0,391.5018,6675.417584286969,PACIFICO,15194.411440785043,-56.06662613881361
2023,B,3004812.0,387.94620000000003,7745.434805135351,PACIFICO,13994.592872057576,-44.654089790633776
2024,B,257665.0,293.916,876.6620394942773,PACIFICO,12794.774303330109,-93.14828055023912
2015,B05_06,290321.21813592897,152.06628702825026,1909.1754248066454,PACIFICO,-6531.268465824425,-129.23131141824308
2016,B05_06,307516.6824322154,135.48873720140332,2269.684468127365,PACIFICO,8532.966568484902,-73.40099190696388
2017,B05_06,391149.20649505255,187.46285000238447,2086.5425149040316,PACIFICO,23597.201602790505,-91.15766966767244
2018,B05_06,292345.52352197346,4.38228010379954,66710.82555140714,PACIFICO,38661.43663709983,72.55133630339768
2019,B05_06,226767.46187558788,5.03818195956455,45009.78005470596,PACIFICO,53725.67167140916,-16.2229551451871
2020,B05_06,219427.0481153936,4.526258103002579,48478.68661529322,PACIFICO,68789.90670571476,-29.5264538986999
2021,B05_06,1636.53526970954,2.381,687.3310666566737,PACIFICO,83854.14174002409,-99.18032544082601
2022,B05_06,1977.01363366924,2.667,741.2874516945033,PACIFICO,98918.37677432969,-99.25060693890512
2015,B07_08,1791981.9063844,168.7486888094021,10619.23454948088,PACIFICO,-5782.356245785952,-283.6489157377658
2016,B07_08,2028121.6445134631,231.77117734905372,8750.53433179509,PACIFICO,18033.34326734394,-51.47580677598934
2017,B07_08,1951280.5821954228,241.33618155920186,8085.3213537596175,PACIFICO,41849.04278047383,-80.6797938099265
2018,B07_08,1693340.5294880406,17.74353076874499,95434.2487725633,PACIFICO,65664.74229361117,45.33560239350629
2019,B07_08,1645842.1150554423,19.058832037325,86355.87489475794,PACIFICO,89480.44180674106,-3.4918992898263945
2020,B07_08,1507439.9085702158,16.83606144362697,89536.37485926578,PACIFICO,113296.14131987095,-20.971381888041375
2021,B07_08,511.141078838175,6.947,73.57723892877141,PACIFICO,137111.84083300084,-99.94633779367138
2022,B07_08,617.483106105512,8.294,74.44937377688835,PACIFICO,160927.54034613818,-99.95373733195899
2015,B09,22106.946019086387,133.08902416234764,166.1064551207423,PACIFICO,-1147.5094758030027,-114.47538853694472
2016,B09,22851.67305432231,127.5070854495429,179.21884869186485,PACIFICO,533.435080432333,-66.40287538895765
2017,B09,24209.211309528317,132.92496843841369,182.12689153840077,PACIFICO,2214.379636667669,-91.77526344071353
2018,B09,15004.94698998747,3.982189127455459,3768.0146546870155,PACIFICO,3895.324192902539,-3.2682655386549686
2019,B09,14169.423068968295,2.09098600311042,6776.431333299576,PACIFICO,5576.268749137875,21.522681889162065
2020,B09,12637.043314392336,2.5476804533704516,4960.21520190029,PACIFICO,7257.2133053732105,-31.651241417587006
2021,B09,337.323651452282,1.981,170.27948079368096,PACIFICO,8938.157861608546,-98.09491526743928
2022,B09,407.503260225251,2.356,172.9640323536719,PACIFICO,10619.102417843882,-98.37119913201863
2015,BTE,693110927.6462281,26343.384763,26310.625376421685,PACIFICO,26598.055911843665,-1.0806449026749765
2016,BTE,717590266.5348123,26503.95103,27074.84124621899,PACIFICO,27168.35824459605,-0.3442129168613195
2017,BTE,757550181.2204235,26780.994614,28286.857607013873,PACIFICO,27738.660577348433,1.9762923596718274
2018,BTE,768448768.8558444,26828.649517,28642.841987589276,PACIFICO,28308.962910100818,1.1794111940756746
2019,BTE,748570947.5524498,26378.439017,28378.136669498203,PACIFICO,28879.265242853202,-1.7352538893939284
2020,BTE,750723453.5187029,25306.202197000002,29665.591370628485,PACIFICO,29449.567575605353,0.7335380883557452
2021,BTE,813809931.030478,25462.657166,31960.9193072414,PACIFICO,30019.869908357738,6.46588211344401
2022,BTE,825670738.2191964,25668.332981,32166.90148247522,PACIFICO,30590.172241110122,5.154365359362489
2023,BTE,862722034.7109524,25447.929762,33901.46242855511,PACIFICO,31160.474573862506,8.796361070160819
2024,BTE,465035.0,1399.885,332.1951446011637,PACIFICO,31730.776906614657,-98.95308222178475
2015,BTNXL,98339559.77727102,65117.455521,1510.1873835588842,PACIFICO,1516.8518644021824,-0.43936266946704716
2016,BTNXL,103555660.89241129,65805.183793,1573.6702630929658,PACIFICO,1606.0335402296332,-2.01510593184997
2017,BTNXL,107747942.32257596,66554.615225,1618.9402035954142,PACIFICO,1695.2152160571131,-4.49942943758529
2018,BTNXL,139470097.11867905,67681.10727000001,2060.6946715911645,PACIFICO,1784.396891884593,15.48409891113176
2019,BTNXL,116880128.80683812,68247.84007199999,1712.5835584471556,PACIFICO,1873.578567712073,-8.59291475892132
2020,BTNXL,111742282.0400545,66960.162733,1668.7874921335056,PACIFICO,1962.760243539553,-14.977517115178074
2021,BTNXL,134022930.30956234,67434.457828,1987.4547023334057,PACIFICO,2051.9419193670037,-3.1427408556228276
2022,BTNXL,149880423.31829825,68573.472928,2185.69101022006,PACIFICO,2141.1235951944836,2.0814966088647635
2023,BTNXL,166167137.61254248,67936.98437600001,2445.900993969407,PACIFICO,2230.3052710219636,9.666646344276163
2024,BTNXL,119.64291457407346,8083.877,0.014800189880928847,PACIFICO,2319.4869468494435,-99.99936191967362
2015,C,613139736.6151218,24604.698155000002,24919.62034049679,PACIFICO,25137.454296909506,-0.8665712678769477
2016,C,633496275.8025112,24767.635554,25577.583876398767,PACIFICO,25779.97522539529,-0.7850719297711084
2017,C,674054945.547929,25029.337306,26930.594977692257,PACIFICO,26422.496153881308,1.9229781351914887
2018,C,690398389.7141321,25080.471193,27527.32930738651,PACIFICO,27065.017082367092,1.7081541962913338
2019,C,668619387.888806,24620.197922999996,27157.352267431896,PACIFICO,27707.538010852877,-1.985689754194242
2020,C,655488508.7320476,23522.623035,27866.301634674288,PACIFICO,28350.05893933866,-1.7063714248336526
2021,C,718713463.567023,23664.882668,30370.46384932548,PACIFICO,28992.579867824446,4.752540090542912
2022,C,751955899.7060976,23839.728336,31542.133748671153,PACIFICO,29635.10079631023,6.435047970541619
2023,C,763351750.7630625,23656.479209999998,32268.18936100942,PACIFICO,30277.621724796016,6.574385710695418
2024,C,147758.0,911.244,162.1497644977635,PACIFICO,30920.1426532818,-99.47558532858012
2015,C10,24876957.05259579,2373.0384532052167,10483.16643120341,PACIFICO,10071.497029839084,4.087469818485401
2016,C10,26148458.669173304,2372.0544479936148,11023.549097404062,PACIFICO,11036.670353111345,-0.1188878102496238
2017,C10,26789029.15617665,2434.779092827534,11002.652862878938,PACIFICO,12001.843676383374,-8.32531101426186
2018,C10,27758425.49078198,2078.024352340716,13358.084788330078,PACIFICO,12967.016999655403,3.0158654738022372
2019,C10,29035810.11409278,2053.19560176117,14141.765202100922,PACIFICO,13932.190322927665,1.5042493270305712
2020,C10,30229887.77352543,1964.902320326435,15384.931587084315,PACIFICO,14897.363646199694,3.2728471457364128
2021,C10,31283894.93400728,2028.896680543511,15419.166108363288,PACIFICO,15862.536969471723,-2.7950816566210346
2022,C10,9011538.29334584,1700.1932974538202,5300.302210837652,PACIFICO,16827.710292743985,-68.5025346964577
2015,C10T12,34790030.0,3977.260135024676,8747.235237049475,PACIFICO,8521.892182744108,2.644284267778718
2016,C10T12,36444944.0,3981.520367203867,9153.524442622524,PACIFICO,9110.91621463513,0.46766128656687833
2017,C10T12,37267836.0,4084.079794629282,9125.148839895,PACIFICO,9699.940246526385,-5.925721107789517
2018,C10T12,38331947.0,3682.4533999243477,10409.350190497316,PACIFICO,10288.96427841764,1.1700488875464377
2019,C10T12,39583385.0,3577.530898575525,11064.442522568015,PACIFICO,10877.988310308661,1.7140504929818556
2020,C10T12,40223276.0,3466.739351389293,11602.624807625227,PACIFICO,11467.012342199916,1.1826311978948567
2021,C10T12,40748626.0,3427.372175569145,11889.174537408777,PACIFICO,12056.03637409117,-1.3840522001160038
2022,C10T12,12710869.0,3104.3249,4094.567872067772,PACIFICO,12645.060405982425,-67.6192304298474
2023,C10T12,14201500.0,3009.34,4719.1410741225645,PACIFICO,13234.084437873447,-64.34100827846258
2015,C10_11,32120826.445887603,2178.40040487651,14745.143442859615,PACIFICO,14351.916801463347,2.7398893599785534
2016,C10_11,33688892.1189464,2154.539508091177,15636.237809717963,PACIFICO,14865.085015592049,5.187678330241963
2017,C10_11,34735391.769611,2620.980411931263,13252.823871360531,PACIFICO,15378.25322972075,-13.821006369257283
2018,C10_11,35897536.0437727,2208.275300054116,16255.915212606413,PACIFICO,15891.421443849453,2.293651137784347
2019,C10_11,37091627.1000783,2181.71336862302,17001.14581205896,PACIFICO,16404.589657978155,3.6365198186513403
2020,C10_11,37996190.551130295,2178.150867081326,17444.241868353383,PACIFICO,16917.757872106857,3.1120199273839244
2021,C10_11,38718118.3530798,2158.746469851507,17935.463424634156,PACIFICO,17430.92608623556,2.8944953119674377
2022,C10_11,12055386.9666446,1646.98214363999,7319.682859463812,PACIFICO,17944.09430036426,-59.20840173407234
2015,C11,7263627.39329179,130.0069516712976,55871.069199874364,PACIFICO,52954.49320905795,5.507702583994378
2016,C11,7560463.44977308,129.05506009756482,58583.23915433782,PACIFICO,54707.53229776863,7.084411768884102
2017,C11,7946361.61343438,186.20131910372461,42676.183239109116,PACIFICO,56460.57138647931,-24.414184640489054
2018,C11,8139246.552990669,130.2509477134,62488.9622369582,PACIFICO,58213.61047519045,7.344247722944153
2019,C11,8055930.98598549,128.51776686185218,62683.403102117896,PACIFICO,59966.64956390113,4.530440766616062
2020,C11,7766686.77760487,213.2485467548927,36420.819254313035,PACIFICO,61719.6886526118,-40.98994980466123
2021,C11,7434235.41907253,129.8497893079933,57252.57975921023,PACIFICO,63472.72774132248,-9.799717458909152
2022,C11,3055380.67329876,95.5658461861743,31971.470930592648,PACIFICO,65225.76683003316,-50.98337285339295
2015,C12,2643760.55411234,5.944330148170507,444753.317566995,PACIFICO,479332.1391226845,-7.213958492117523
2016,C12,2730821.88105365,5.3870591126937395,506922.5757369001,PACIFICO,475332.6995406188,6.645845368267533
2017,C12,2532443.230388946,5.16448269802111,490357.5785739992,PACIFICO,471333.2599585531,4.03627756231737
2018,C12,2434274.956227302,5.14829987023295,472830.8407795127,PACIFICO,467333.82037648745,1.1762513568131627
2019,C12,2491643.899921668,5.63972995250081,441801.9871353602,PACIFICO,463334.38079442177,-4.647268700877039
2020,C12,2226702.448869671,7.384384307965091,301542.05902689294,PACIFICO,459334.9412123561,-34.352466583314765
2021,C12,2030468.646920159,5.53420571764271,366894.3206153593,PACIFICO,455335.5016302904,-19.4233001156894
2022,C12,641513.033355388,2.01785636000992,317918.0867721596,PACIFICO,451336.0620482238,-29.560672522066035
2015,C13,8618576.54175203,670.020601672893,12863.151551211042,PACIFICO,10356.740189987235,24.200774715261986
2016,C13,8668680.09211035,675.094746205471,12840.68664559265,PACIFICO,12864.926195372827,-0.18841577022723488
2017,C13,8348999.838765529,654.384208671132,12758.559464202186,PACIFICO,15373.11220075842,-17.007309270970172
2018,C13,8346160.852072318,634.328369021362,13157.476883697831,PACIFICO,17881.298206144944,-26.417664243325255
2019,C13,8189378.731927038,324.387247112437,25245.686459087243,PACIFICO,20389.484211530536,23.817190259332087
2020,C13,9301555.764150633,315.06385484236,29522.76378642228,PACIFICO,22897.67021691613,28.933483217920262
2021,C13,7958478.629146286,290.0885213578878,27434.65543515166,PACIFICO,25405.85622230172,7.9855573262239465
2022,C13,585993.6773292063,177.698277696358,3297.689121841255,PACIFICO,27914.042227687314,-88.18627164441862
2015,C13T15,20506224.69550434,1387.646269139523,14777.703188162079,PACIFICO,11381.23875546828,29.842660413937104
2016,C13T15,20352385.59340471,1388.9650564009742,14652.914052525502,PACIFICO,14656.436971875839,-0.024036669738336514
2017,C13T15,19472043.89143882,1361.932397127885,14297.364489237862,PACIFICO,17931.6351882834,-20.267369154488403
2018,C13T15,19265523.62810796,1292.980714865881,14900.085830055357,PACIFICO,21206.83340469096,-29.739223458229958
2019,C13T15,19028758.16169846,613.23531093703,31030.108381434067,PACIFICO,24482.031621097587,26.746459859538874
2020,C13T15,18617980.00708653,590.17926696421,31546.313212347348,PACIFICO,27757.229837505147,13.650797997581332
2021,C13T15,17709594.90248248,543.266172835685,32598.375875390426,PACIFICO,31032.428053912707,5.046165961481308
2022,C13T15,1472237.3604833,344.556843198532,4272.843188416965,PACIFICO,34307.62627032027,-87.5455003655749
2015,C13_14,18148821.211996276,1622.053816831945,11188.791039894708,PACIFICO,9533.335673117079,17.36491217282765
2016,C13_14,17936904.965888884,1619.6194361901419,11074.765197978957,PACIFICO,11138.968883915804,-0.5763880535617161
2017,C13_14,17310153.076793555,1567.695936922262,11041.779639218343,PACIFICO,12744.60209471453,-13.361126874273976
2018,C13_14,16990379.895053163,1500.033123967417,11326.669807207685,PACIFICO,14350.235305513255,-21.06979735129457
2019,C13_14,16839712.826428644,882.075774025804,19091.00478927338,PACIFICO,15955.868516311515,19.648797367293703
2020,C13_14,17154196.884514485,799.013520788913,21469.21977938138,PACIFICO,17561.50172711024,22.25161670678011
2021,C13_14,16277450.28799078,726.196010451725,22414.678755761146,PACIFICO,19167.134937908966,16.94329292495955
2022,C13_14,1224081.7106918239,542.806,2255.0998159412825,PACIFICO,20772.76814870769,-89.1439609791169
2023,C13_14,1322000.0,567.4372,2329.77323305557,PACIFICO,22378.40135950595,-89.58918827297767
2015,C14,9530244.670244254,580.431215159052,16419.249036481848,PACIFICO,12254.804004905745,33.982143083716586
2016,C14,9268224.873778535,575.140089984671,16114.7258470985,PACIFICO,16169.037735155784,-0.3359005585050645
2017,C14,8961153.238028029,571.0580282511299,15692.193778400484,PACIFICO,20083.27146540489,-21.864354592668846
2018,C14,8644219.042980846,530.814654946055,16284.816107534427,PACIFICO,23997.505195653997,-32.13954544540053
2019,C14,8650334.094501596,240.920326913367,35905.37255751021,PACIFICO,27911.738925903104,28.63896675455331
2020,C14,7852641.120363853,225.37306594655308,34842.85527812847,PACIFICO,31825.97265615221,9.479310042054824
2021,C14,8318971.658844494,208.6697890938372,39866.67976696673,PACIFICO,35740.20638640132,11.545745807823549
2022,C14,638088.0333626177,140.419722303642,4544.148235693156,PACIFICO,39654.440116651356,-88.54063196372046
2015,C15,2357403.483508035,137.193452307578,17183.061172794918,PACIFICO,11307.320748135448,51.964037772859385
2016,C15,2415480.627515795,138.73022021083202,17411.351498216645,PACIFICO,17044.046690227464,2.1550328666946283
2017,C15,2161890.814645302,136.495160205623,15838.589524995054,PACIFICO,22780.77263231948,-30.473870308838556
2018,C15,2275143.733054816,127.83869089846421,17796.988666458165,PACIFICO,28517.498574411497,-37.592742855689146
2019,C15,2189045.3352698055,47.927736911226,45673.872299133545,PACIFICO,34254.22451650351,33.33792530357271
2020,C15,1463783.1225720346,49.7413461752973,29427.895204392014,PACIFICO,39990.95045859553,-26.413613912827437
2021,C15,1432144.6144916902,44.507862383959605,32177.339862716646,PACIFICO,45727.676400687546,-29.632681134366933
2022,C15,248155.6497914761,26.439843198532,9385.670252585094,PACIFICO,51464.40234277956,-81.76279170586366
2015,C16,3384414.06872838,416.93217238265896,8117.421232780703,PACIFICO,6539.427763086744,24.130451881451997
2016,C16,3497666.10108443,415.577888921455,8416.391233330258,PACIFICO,8313.874950136524,1.2330746349757282
2017,C16,3399888.18374045,449.181050678775,7569.081951704655,PACIFICO,10088.32213718677,-24.9718451812308
2018,C16,3530291.98292884,343.355935662618,10281.726966845594,PACIFICO,11862.76932423655,-13.32776786075377
2019,C16,3467972.00368239,215.9789695698068,16056.989301273165,PACIFICO,13637.216511286795,17.74389068314384
2020,C16,3221427.95464489,194.6284600287566,16551.67982199993,PACIFICO,15411.663698336575,7.3970996641095965
2021,C16,3749928.75736314,193.4026906363086,19389.227445727916,PACIFICO,17186.11088538682,12.819168775492917
2022,C16,1486341.21925957,163.046124756467,9116.07817407274,PACIFICO,18960.5580724366,-51.9208340849155
2015,C16T18,19514084.66091662,1733.293079272225,11258.387225033051,PACIFICO,9466.100524597801,18.933738298869397
2016,C16T18,20703650.10437756,1755.334877531801,11794.701039319192,PACIFICO,11654.07717438694,1.2066495083910223
2017,C16T18,19812424.96119617,1748.889023666288,11328.577567296032,PACIFICO,13842.05382417515,-18.158260969115226
2018,C16T18,20973710.81488345,1557.534974405601,13465.964591188462,PACIFICO,16030.030473963358,-15.995389946011384
2019,C16T18,20745854.02908297,971.1278799554781,21362.638698040544,PACIFICO,18218.007123751566,17.261117272202586
2020,C16T18,19947112.33242993,932.0149667670561,21402.13735152971,PACIFICO,20405.983773539774,4.881673870983061
2021,C16T18,21074400.50994643,907.077143397393,23233.305638166297,PACIFICO,22593.960423328914,2.829717335333748
2022,C16T18,5940851.21925957,752.740524998425,7892.296245471838,PACIFICO,24781.937073117122,-68.15302927214184
2015,C17,11044163.45468822,863.617056387273,12788.264628409179,PACIFICO,11539.685740100686,10.819869071214416
2016,C17,12077910.44837092,886.164810057652,13629.417814035245,PACIFICO,13219.96902125189,3.09719933628545
2017,C17,11412076.50320264,886.639507200454,12871.157229656996,PACIFICO,14900.252302403096,-13.617857144733382
2018,C17,12367010.30384506,857.863178021118,14416.063797460976,PACIFICO,16580.5355835543,-13.054293543087924
2019,C17,12522630.17200127,602.1549612888276,20796.35804245198,PACIFICO,18260.81886470504,13.885134048658077
2020,C17,12380944.32248387,593.5190232450343,20860.231665013365,PACIFICO,19941.102145856246,4.609221257853657
2021,C17,12662642.4318625,577.2538818433452,21936.00221695673,PACIFICO,21621.38542700745,1.4551185492317709
2022,C17,2196439.0,476.3609,4610.871715121875,PACIFICO,23301.668708158657,-80.21226817327695
2023,C17,2624600.0,480.114,5466.6183448097745,PACIFICO,24981.951989309862,-78.11772936258537
2015,C18,5085507.13750002,697.926150502293,7286.597778060061,PACIFICO,6364.5277279927395,14.487642908865528
2016,C18,5128073.55492221,707.2303785526941,7250.9237589829145,PACIFICO,7413.439087655861,-2.192171902289608
2017,C18,5000460.27425308,672.6634657870591,7433.82170815866,PACIFICO,8462.350447318982,-12.154173306379413
2018,C18,5076408.5281095505,606.675460721865,8367.585071051471,PACIFICO,9511.261806982104,-12.024448061045623
2019,C18,4755251.85339931,397.1704490968436,11972.82392034111,PACIFICO,10560.17316664476,13.37715519815843
2020,C18,4344740.05530117,379.9488834932651,11435.064673319888,PACIFICO,11609.08452630788,-1.4989972085536873
2021,C18,4661829.32072081,364.6225709177392,12785.355851633616,PACIFICO,12657.995885971002,1.0061621666646925
2022,C18,2258071.0,330.92040024195796,6823.607726658658,PACIFICO,13706.907245634124,-50.217743475049126
2015,C19,20142711.0,88.265555296848,228205.7925343308,PACIFICO,235486.1069249938,-3.0916110023348042
2016,C19,21009468.0,96.20626762177362,218379.41039971382,PACIFICO,235152.30927711283,-7.13278084700123
2017,C19,23136333.0,90.75138440090683,254941.92901556235,PACIFICO,234818.51162923186,8.5697746939579
2018,C19,20836204.0,76.13405784777947,273677.8334035391,PACIFICO,234484.71398135088,16.714573311292824
2019,C19,17403764.0,87.5055289050257,198887.59279301323,PACIFICO,234150.9163334699,-15.060083510515
2020,C19,8617070.0,86.10583818112491,100075.32801520223,PACIFICO,233817.11868558894,-57.1993151836875
2021,C19,20153688.0,92.231980717603,218510.84453782695,PACIFICO,233483.32103770785,-6.41265356057824
2022,C19,2884535.0,74.6833,38623.56109063204,PACIFICO,233149.52338982688,-83.43399526232216
2023,C19,4135700.0,71.828,57577.82480369772,PACIFICO,232815.7257419459,-75.26892798147267
2015,C19T23,130655979.3022095,2457.470042485052,53166.865533826436,PACIFICO,53551.2089312505,-0.7177118968826335
2016,C19T23,136812233.7416212,2494.608990038093,54843.15750001849,PACIFICO,54952.39029563265,-0.1987771505961966
2017,C19T23,141295249.5762928,2541.60324378022,55592.96082977105,PACIFICO,56353.5716600148,-1.349711842281387
2018,C19T23,139919086.5368932,2288.464038107159,61141.04666142076,PACIFICO,57754.75302439695,5.863229361561562
2019,C19T23,136807015.7312648,2399.120176060072,57023.8277750365,PACIFICO,59155.934388779104,-3.6042142445594227
2020,C19T23,131949480.3844786,2385.413980546049,55315.12830082174,PACIFICO,60557.11575316172,-8.656270014092094
2021,C19T23,152494109.5482097,2375.268026603604,64200.80085288776,PACIFICO,61958.29711754387,3.619375999132979
2022,C19T23,21779649.091122,1712.28898237251,12719.61060039328,PACIFICO,63359.478481926024,-79.92469176648655
2015,C20,48432014.695003845,702.036872573298,68987.85033537846,PACIFICO,67030.9854072351,2.9193438172731234
2016,C20,51031969.33961663,699.619386651839,72942.4745987097,PACIFICO,72427.02852506004,0.7116764060965286
2017,C20,53224412.37743203,722.810715508657,73635.33942627968,PACIFICO,77823.07164288685,-5.381093457508024
2018,C20,54839103.392022975,666.9737571373751,82220.78126040555,PACIFICO,83219.11476071179,-1.199644460502669
2019,C20,53312959.6610853,583.746791098745,91328.91259365746,PACIFICO,88615.15787853673,3.062404649597794
2020,C20,53348602.221911915,587.2188483007491,90849.6080742098,PACIFICO,94011.20099636167,-3.362995992652229
2021,C20,61674321.187298045,598.2863188199821,103084.95990505039,PACIFICO,99407.24411418848,3.6996456582554016
2022,C20,6792620.3788324,390.22042496046,17407.136952199973,PACIFICO,104803.28723201342,-83.39065747655027
2015,C20_21,62461162.1135625,1361.100421118096,45890.19380528357,PACIFICO,44853.46927008778,2.3113586352776716
2016,C20_21,66383985.648706,1376.878654468731,48213.388618708945,PACIFICO,47860.294497719035,0.7377600257072015
2017,C20_21,69002299.6600074,1428.86167787165,48291.79809958179,PACIFICO,50867.11972534936,-5.062841457650236
2018,C20_21,71011264.344337,1319.460522488286,53818.4077007635,PACIFICO,53873.944952980615,-0.1030874057312614
2019,C20_21,71094419.2726108,1223.196916620162,58121.81040241101,PACIFICO,56880.77018061187,2.1818273871090366
2020,C20_21,74207619.79941359,1230.2092158633,60321.137935337574,PACIFICO,59887.595408242196,0.7239270906437278
2021,C20_21,82762744.3565177,1267.829297972813,65279.091190628445,PACIFICO,62894.42063587345,3.7915454672220017
2022,C20_21,10480335.0,990.9236999999999,10576.328934306446,PACIFICO,65901.24586350471,-83.95124584410401
2023,C20_21,11824500.0,978.6565,12082.380283582646,PACIFICO,68908.07109113503,-82.4659432599659
2015,C21,14029414.545413274,247.3643485447979,56715.588272707515,PACIFICO,52103.5078420341,8.851765690433332
2016,C21,15352313.409237737,258.03846781689157,59496.21984320569,PACIFICO,59427.03661536984,0.1164170919099039
2017,C21,15778186.407946285,274.16496236299247,57549.97382581687,PACIFICO,66750.56538870744,-13.783541022181488
2018,C21,16172160.95231402,219.0773653509106,73819.40588161633,PACIFICO,74074.09416204318,-0.34382908533406864
2019,C21,17781459.6115255,206.3493255214173,86171.63912018668,PACIFICO,81397.62293538079,5.865056020856829
2020,C21,20859017.577501692,210.3777675625507,99150.2943451464,PACIFICO,88721.15170871839,11.754967598558764
2021,C21,21088423.16921965,219.2455791528306,96186.30966565323,PACIFICO,96044.68048205413,0.14746176767754804
2022,C21,3686279.6211676,140.77957503954,26184.761675351376,PACIFICO,103368.20925539173,-74.6684576776824
2015,C22,32792474.188647002,973.252998018012,33693.67909004901,PACIFICO,34512.83682612376,-2.3734871178561323
2016,C22,33700300.0929152,986.274508602533,34169.29039427943,PACIFICO,33570.802335028304,1.7827636446646755
2017,C22,33087341.9162854,1010.8637944099429,32731.750903789172,PACIFICO,32628.767843932612,0.3156204376124183
2018,C22,31840010.1925562,965.963046733688,32961.93399967023,PACIFICO,31686.733352837153,4.0243992103367265
2019,C22,32422372.458654,1095.824852647824,29587.18483187559,PACIFICO,30744.69886174146,-3.7649223206615123
2020,C22,33546010.585065,1085.2948550346368,30909.58224803746,PACIFICO,29802.66437064577,3.7141574445335612
2021,C22,34552216.191692,1057.40246618759,32676.504260736434,PACIFICO,28860.62987955031,13.221729383979675
2022,C22,5299599.091122,781.9699823725099,6777.241084169149,PACIFICO,27918.595388454618,-75.72499264425103
2015,C22_23,48052106.188646995,1450.267266070108,33133.276405567085,PACIFICO,33726.266973295016,-1.7582454891834631
2016,C22_23,49418780.0929152,1469.629767947588,33626.68691852303,PACIFICO,33444.89957456465,0.5435428010572618
2017,C22_23,49156616.916285396,1485.6065815076638,33088.583160690454,PACIFICO,33163.53217583441,-0.22599828856157966
2018,C22_23,48071618.1925562,1379.043657771094,34858.663046428046,PACIFICO,32882.16477710416,6.010852030946934
2019,C22_23,48308832.458654,1552.816830534884,31110.451347963248,PACIFICO,32600.797378373914,-4.571501773755093
2020,C22_23,49124790.585065,1533.0357265016241,32044.12639304069,PACIFICO,32319.429979643668,-0.8518206749821289
2021,C22_23,49577677.191691995,1499.406847913188,33064.85978818367,PACIFICO,32038.06258091342,3.2049291516209166
2022,C22_23,8414779.091122,1123.60098237251,7489.116886809759,PACIFICO,31756.69518218306,-76.41720322645068
2015,C23,15259632.0,809.2720680520957,18855.99738630505,PACIFICO,18890.204153320985,-0.18108203986731963
2016,C23,15718480.0,815.419059345055,19276.566839908173,PACIFICO,19545.951813950902,-1.378213640383863
2017,C23,16069275.0,799.6595870977214,20095.144558100914,PACIFICO,20201.69947458082,-0.5274552104588048
2018,C23,16231608.0,737.2796110374061,22015.538958362005,PACIFICO,20857.447135210736,5.552414040145037
2019,C23,15886460.0,765.05027788706,20765.249630227867,PACIFICO,21513.194795840653,-3.4766810448692342
2020,C23,15578780.0,736.763371466987,21144.88939505872,PACIFICO,22168.94245647057,-4.619313994894492
2021,C23,15025461.0,734.195181725598,20465.213302932974,PACIFICO,22824.69011710072,-10.33738816195352
2022,C23,3115180.0,637.073,4889.832091455767,PACIFICO,23480.437777730636,-79.17486829784157
2023,C23,3564800.0,641.9814,5552.808850848327,PACIFICO,24136.185438360553,-76.99384244030941
2015,C24,40728271.0,1077.798383777651,37788.39494753057,PACIFICO,38418.192071959376,-1.6393200472556324
2016,C24,41267767.0,1064.798647047834,38756.404428588765,PACIFICO,39141.85344885825,-0.9847490251658764
2017,C24,43376725.0,1085.0626418366603,39976.24038237758,PACIFICO,39865.514825756894,0.27774771529891495
2018,C24,43260082.0,982.2179685060433,44043.26064793818,PACIFICO,40589.17620265577,8.509865852011078
2019,C24,41609197.0,1073.418032182594,38763.27372234982,PACIFICO,41312.837579554645,-6.1713598159294225
2020,C24,37825673.0,1006.435979254738,37583.78454237076,PACIFICO,42036.49895645329,-10.592495865783702
2021,C24,53423319.0,1057.761791393242,50506.00185664952,PACIFICO,42760.16033335216,18.114622262666625
2022,C24,11914752.0,876.3485999999999,13595.904643426145,PACIFICO,43483.821710250806,-68.73341829515167
2023,C24,14029800.0,876.42,16008.078318614364,PACIFICO,44207.48308714968,-63.788758823802794
2015,C241_2431,31439716.88697095,335.7546150497675,93638.97167075655,PACIFICO,97668.9403201323,-4.126151708175197
2016,C241_2431,30806285.217236757,328.98563773816255,93640.2130774939,PACIFICO,95235.63691547792,-1.6752382717826197
2017,C241_2431,32934200.28957637,334.41559960583146,98482.84687794233,PACIFICO,92802.33351082262,6.121088934102348
2018,C241_2431,33705296.07144156,337.3425710544491,99914.1494833788,PACIFICO,90369.03010616824,10.562378910116287
2019,C241_2431,31845247.25532059,406.523897414826,78335.4864445398,PACIFICO,87935.72670151293,-10.917337715943344
2020,C241_2431,27725614.508044768,401.22992518364697,69101.5618921108,PACIFICO,85502.42329685856,-19.181750378939665
2021,C241_2431,40637567.05892645,394.850456217742,102918.88085477274,PACIFICO,83069.11989220325,23.895475223919593
2022,C241_2431,8397997.90523194,256.883052194845,32691.911099149056,PACIFICO,80635.81648754887,-59.45733233296264
2015,C242_2432,9282818.113029085,192.52486872788364,48216.20279170013,PACIFICO,52530.40920969425,-8.212779003438541
2016,C242_2432,10455580.78276321,190.95520930967143,54754.100820614054,PACIFICO,51361.64809524454,6.605030895968489
2017,C242_2432,10436158.71042364,194.52554223082905,53649.2976230331,PACIFICO,50192.8869807953,6.886255902276117
2018,C242_2432,9554785.928558407,194.2393974515943,49190.772077737325,PACIFICO,49024.12586634606,0.3399269409628758
2019,C242_2432,9763352.74467939,216.223134767768,45154.06159089132,PACIFICO,47855.364751896355,-5.64472379431189
2020,C242_2432,10099085.49195523,214.90885407109062,46992.412367591474,PACIFICO,46686.603637447115,0.6550245816105305
2021,C242_2432,12784632.94107355,233.1781351754999,54827.75188784868,PACIFICO,45517.84252299741,20.453318630265784
2022,C242_2432,3515302.09476806,185.116947805155,18989.628645282624,PACIFICO,44349.08140854817,-57.18146116635818
2015,C24_25,81171324.0,2949.430090915712,27521.019823459752,PACIFICO,27581.882566371234,-0.22066203336565948
2016,C24_25,83146402.0,2974.467487451685,27953.373957109212,PACIFICO,28075.110204194207,-0.4336091513073015
2017,C24_25,85959021.0,3065.555679019871,28040.273934115292,PACIFICO,28568.33784201718,-1.84842363186154
2018,C24_25,85117365.0,2770.174676321943,30726.353008545033,PACIFICO,29061.56547984027,5.7284853765348975
2019,C24_25,84340374.0,2948.895199381709,28600.668486856885,PACIFICO,29554.79311766324,-3.2283245123990723
2020,C24_25,78605686.0,2785.568700691551,28218.900499738236,PACIFICO,30048.020755486214,-6.087323589904048
2021,C24_25,96880274.0,2863.209042949245,33836.25594455674,PACIFICO,30541.248393309303,10.788712723247018
2022,C24_25,17390372.0,2352.1596,7393.363953704502,PACIFICO,31034.476031132275,-76.17693320716019
2023,C24_25,20069700.0,2316.5613,8663.573892907561,PACIFICO,31527.703668955248,-72.52075830236116
2015,C25,40443053.0,1871.6317071380608,21608.44617333506,PACIFICO,21480.319570320076,0.5964836910155702
2016,C25,41878634.0,1909.668840403851,21929.788617770835,PACIFICO,21863.552059547044,0.3029542411196129
2017,C25,42582295.0,1980.4940371832108,21500.844839989193,PACIFICO,22246.784548774012,-3.353022577934428
2018,C25,41857283.0,1787.9567078158998,23410.68036883917,PACIFICO,22630.01703800098,3.4496807029675614
2019,C25,42731177.0,1875.4771671991148,22784.162743935627,PACIFICO,23013.249527227832,-0.9954560437940962
2020,C25,40780013.0,1779.132721436813,22921.28771993266,PACIFICO,23396.4820164548,-2.0310502074112446
2021,C25,43456956.0,1805.447251556003,24069.911742116612,PACIFICO,23779.714505681768,1.2203562677991941
2022,C25,5475620.0,1475.817,3710.2296558448643,PACIFICO,24162.946994908736,-84.64496215371979
2023,C25,6039900.0,1440.1413,4193.963467334768,PACIFICO,24546.179484135704,-82.91398679763853
2015,C252,2096631.280920984,17.9717956348066,116662.31485853119,PACIFICO,141721.99008930195,-17.682277263380332
2016,C252,2471911.67148853,16.055989370513927,153955.73666908874,PACIFICO,139135.8125927681,10.651408720842115
2017,C252,2441627.086322804,16.81349513260597,145218.29441564597,PACIFICO,136549.63509623427,6.348357733290477
2018,C252,2365461.5443130764,13.720371312092631,172405.06765500185,PACIFICO,133963.45759970043,28.695594115053204
2019,C252,2320430.4038701947,24.55306221099,94506.7618829054,PACIFICO,131377.2801031666,-28.064607663751218
2020,C252,2602824.932643294,23.45407481252416,110975.38288968963,PACIFICO,128791.10260663275,-13.833036099828844
2021,C252,107855.990858477,9.89183960774965,10903.532116915689,PACIFICO,126204.9251100989,-91.36045435041173
2022,C252,107676.939209905,9.93243539273357,10840.94030842425,PACIFICO,123618.74761356506,-91.23034287459919
2015,C25X252,38334168.71907907,955.159611503254,40133.783147245726,PACIFICO,41154.171345505165,-2.4794283663079675
2016,C25X252,39394088.32851143,964.458051033337,40845.82868721343,PACIFICO,40642.64364237315,0.4999306802681458
2017,C25X252,40127872.9136772,970.374542050606,41352.97369702068,PACIFICO,40131.11593924125,3.0446642939840673
2018,C25X252,39489338.45568693,971.498336503808,40647.87037906795,PACIFICO,39619.58823610924,2.595388263075238
2019,C25X252,40408269.596129835,1072.545104988125,37675.12378565862,PACIFICO,39108.06053297722,-3.664044516117848
2020,C25X252,38174775.067356765,1052.359646624288,36275.407547041636,PACIFICO,38596.532829845324,-6.0138181142759155
2021,C25X252,5373744.00914152,721.10816039225,7452.063787793564,PACIFICO,38085.00512671331,-80.43307657961533
2022,C25X252,5364823.06079009,724.067564607266,7409.285159320688,PACIFICO,37573.47742358141,-80.28054450272796
2015,C26,125459371.33780186,1566.809222910379,80073.1636649155,PACIFICO,86411.61612990685,-7.335185648492493
2016,C26,133140849.68039906,1503.83763843149,88534.05864961966,PACIFICO,91855.30965248868,-3.6157419918719236
2017,C26,161411733.54571405,1531.3113493774488,105407.52121463453,PACIFICO,97299.00317506865,8.333608541678839
2018,C26,176236023.9165907,1446.416295242318,121843.22348709842,PACIFICO,102742.69669764861,18.590641868841406
2019,C26,154584087.28441203,1705.528690864118,90637.04885907895,PACIFICO,108186.39022023045,-16.22139469246274
2020,C26,158458006.90565178,1673.588095105516,94681.60497142002,PACIFICO,113630.08374281041,-16.675582862614323
2021,C26,179201135.85961714,1724.845295861081,103894.03402706674,PACIFICO,119073.77726539038,-12.748183174277905
2022,C26,9575659.850045579,1105.2925,8663.462250983861,PACIFICO,124517.47078797221,-93.04237212966206
2023,C26,8766400.0,1095.4029,8002.900120129315,PACIFICO,129961.16431055218,-93.84208339269277
2015,C265_267,2930256.26043599,155.20593629107168,18879.795003076535,PACIFICO,14457.494294490665,30.588292953856346
2016,C265_267,2782213.93613406,150.62003522534292,18471.73871637717,PACIFICO,18856.931847767904,-2.0427137060280987
2017,C265_267,2894789.49706768,151.16057158615249,19150.427037237176,PACIFICO,23256.369401045144,-17.655130484913293
2018,C265_267,2923037.95157984,151.18587123140512,19334.068241772657,PACIFICO,27655.806954324245,-30.09038472931055
2019,C265_267,9278921.81554435,229.4160996816115,40445.81800676514,PACIFICO,32055.244507601485,26.17535329413552
2020,C265_267,9884690.37330547,211.8145042455165,46666.73044187766,PACIFICO,36454.682060878724,28.012995323741908
2021,C265_267,9991718.56545114,211.1634221226803,47317.468456474526,PACIFICO,40854.11961415596,15.820555927679347
2022,C265_267,1692870.41056572,120.317583815738,14070.016674855184,PACIFICO,45253.5571674332,-68.90848464619552
2015,C266,5107474.185628287,60.265864003898,84749.04110389813,PACIFICO,103489.51672264002,-18.1085739041258
2016,C266,5603350.182516925,57.543903124903,97375.21923659694,PACIFICO,99118.99369656108,-1.7592737727972318
2017,C266,6910390.782835516,58.1206659456121,118897.30907939166,PACIFICO,94748.470670484,25.487312077988488
2018,C266,7268079.3927239925,59.4411674646021,122273.49668144081,PACIFICO,90377.94764440693,35.29129601673107
2019,C266,1855351.453048091,36.778022251494,50447.287251089816,PACIFICO,86007.42461832985,-41.345427473317784
2020,C266,2047168.678723747,38.6766352446823,52930.37167717982,PACIFICO,81636.90159225278,-35.16366907021023
2021,C266,2600176.606732502,39.611958229687296,65641.20338751121,PACIFICO,77266.3785661757,-15.045580489718402
2022,C266,533760.97148696,24.8898341234831,21444.938879016725,PACIFICO,72895.85554009862,-70.58140175442446
2015,C26T28,215021780.0,6256.986795557346,34365.06852670236,PACIFICO,35423.39128899714,-2.9876381785713058
2016,C26T28,222758100.0,6212.86992285467,35854.29966601454,PACIFICO,37119.75515071163,-3.4091159264363458
2017,C26T28,261081687.0,6411.315565561609,40722.01474567882,PACIFICO,38816.11901242612,4.910062576432672
2018,C26T28,278645571.0,6229.452212747341,44730.348910905355,PACIFICO,40512.48287414061,10.411275087405315
2019,C26T28,258742254.0,6736.52465490243,38408.86321282937,PACIFICO,42208.8467358551,-9.00281295721298
2020,C26T28,262235677.0,6473.49366746618,40509.142430758395,PACIFICO,43905.21059756959,-7.735000289462645
2021,C26T28,285852352.0,6613.48803042169,43222.630884806094,PACIFICO,45601.57445928408,-5.216801399263204
2022,C26T28,34619897.0,5313.7744,6515.123600279304,PACIFICO,47297.93832099857,-86.22535393390112
2023,C26T28,34169700.0,5243.5983,6516.460271184389,PACIFICO,48994.30218271306,-86.69955488521352
2015,C26_27,158739422.11607546,2858.709399639299,55528.35210745961,PACIFICO,58523.44545035064,-5.1177665973750175
2016,C26_27,165701845.61198473,2774.772002401274,59717.2832465468,PACIFICO,61989.706470992416,-3.6658073635321586
2017,C26_27,196267007.55460653,2822.797509588539,69529.25489268095,PACIFICO,65455.96749163512,6.222942776861973
2018,C26_27,213367452.98951685,2681.3951625784302,79573.29675509024,PACIFICO,68922.2285122769,15.453749062852928
2019,C26_27,192767180.24886054,3063.119731500151,62931.65045639713,PACIFICO,72388.48953291867,-13.064009399202947
2020,C26_27,197192820.4799453,2986.940800304142,66018.32231153236,PACIFICO,75854.75055356044,-12.967451834256128
2021,C26_27,219554178.627165,3063.004011180601,71679.36373107793,PACIFICO,79321.01157420222,-9.633825504073123
2022,C26_27,16846226.80628988,2195.653,7672.536054781827,PACIFICO,82787.27259484399,-90.7322275341395
2023,C26_27,16301000.0,2195.3043,7425.394283607972,PACIFICO,86253.53361548577,-91.39119990525833
2015,C27,33280050.778273605,1291.90017672892,25760.543560368882,PACIFICO,25476.793837583158,1.1137575810938216
2016,C27,32560995.93158569,1270.934363969784,25619.730534219634,PACIFICO,26394.481444731122,-2.9352761187363408
2017,C27,34855274.008892484,1291.48616021109,26988.499825035276,PACIFICO,27312.169051879086,-1.1850733137635627
2018,C27,37131429.07292616,1234.978867336112,30066.44895310623,PACIFICO,28229.856659026816,6.505850583170236
2019,C27,38183092.9644485,1357.591040636033,28125.62238666489,PACIFICO,29147.54426617478,-3.506030800323068
2020,C27,38734813.57429353,1313.352705198626,29493.077846468852,PACIFICO,30065.23187332251,-1.9030421227562266
2021,C27,40353042.76754786,1338.15871531952,30155.64768631539,PACIFICO,30982.919480470475,-2.670089868956793
2022,C27,7270566.956244303,1090.3605,6668.03956695451,PACIFICO,31900.607087618206,-79.09745244458806
2023,C27,7534600.0,1099.9014,6850.250395171785,PACIFICO,32818.29469476617,-79.1267326383529
2015,C28,56282357.88392454,3381.3723959180465,16644.826802238033,PACIFICO,16666.40766242682,-0.12948717339633653
2016,C28,57056254.388015255,3425.777920453396,16654.977559217838,PACIFICO,17127.631347421324,-2.7595980939573828
2017,C28,64814679.445393465,3574.85305597307,18130.72549572279,PACIFICO,17588.855032415944,3.080760301385088
2018,C28,65278118.01048314,3534.1590501689107,18470.6225961628,PACIFICO,18050.078717410448,2.329872824026591
2019,C28,65975073.75113947,3656.5219234022793,18043.122708738396,PACIFICO,18511.30240240507,-2.52915588265602
2020,C28,65042856.5200547,3473.174867162038,18727.2046492729,PACIFICO,18972.526087399572,-1.2930351867567191
2021,C28,66298173.372835,3538.749019241089,18734.91819068116,PACIFICO,19433.749772394192,-3.5959688166085524
2022,C28,17770200.0,3088.7984,5753.110983222472,PACIFICO,19894.973457388696,-71.0825903058149
2023,C28,17868700.0,3048.294,5861.8689667072795,PACIFICO,20356.197142383317,-71.20351642447805
2015,C29,61103659.042437226,1256.8595567825992,48616.13910058084,PACIFICO,48675.584177900106,-0.1221250413800945
2016,C29,61968899.63832075,1333.119846298655,46484.11754605148,PACIFICO,47194.43164264923,-1.505080306880624
2017,C29,60542091.05137994,1322.525473291382,45777.63700891768,PACIFICO,45713.27910739835,0.14078600961466847
2018,C29,58532116.940931514,1259.5100052155408,46472.13336817826,PACIFICO,44232.12657214748,5.064207782045216
2019,C29,60104113.14373236,1458.258340357935,41216.36851326328,PACIFICO,42750.9740368966,-3.589638735035283
2020,C29,55934753.012728356,1441.733490845622,38796.874296039874,PACIFICO,41269.821501645725,-5.992144176119673
2021,C29,57129640.75537831,1409.500065695556,40531.84681987662,PACIFICO,39788.668966395315,1.8678128039643083
2022,C29,13112609.579949979,976.917911567646,13422.427232302829,PACIFICO,38307.51643114444,-64.96137446960606
2015,C29_30,79667882.0,2843.426554414387,28018.2661571886,PACIFICO,27955.76797429705,0.2235609586866305
2016,C29_30,81789349.0,2972.4019242389354,27516.248167192814,PACIFICO,27224.541456212988,1.0714843864275903
2017,C29_30,76431738.0,2977.4578283013407,25670.132847391094,PACIFICO,26493.31493812916,-3.1071313373221554
2018,C29_30,74323437.0,2827.777510151401,26283.33973701512,PACIFICO,25762.088420045096,2.0233271017129573
2019,C29_30,76638593.0,3068.171574361934,24978.587781857666,PACIFICO,25030.861901961267,-0.2088386740670134
2020,C29_30,70946263.0,2865.475220425132,24758.98674477951,PACIFICO,24299.635383877205,1.8903631830092582
2021,C29_30,68827697.0,2868.900049622243,23990.97068894497,PACIFICO,23568.408865793375,1.7929162106691487
2022,C29_30,14811178.0,2299.4698000000003,6441.127428592451,PACIFICO,22837.182347709313,-71.7954372368598
2023,C29_30,17424400.0,2411.8836,7224.3950744554995,PACIFICO,22105.955829625484,-67.3192368150231
2015,C30,18564222.9575628,385.422597631788,48165.89134012858,PACIFICO,50664.84332554089,-4.932319575836031
2016,C30,19820449.361679252,366.62127794027697,54062.46324008512,PACIFICO,49843.68890736764,8.464009035442555
2017,C30,15889646.948620053,361.3228550099551,43976.31295197827,PACIFICO,49022.5344891944,-10.293677366535226
2018,C30,15791320.059068514,283.8465049358585,55633.30808895082,PACIFICO,48201.38007102115,15.41849633138983
2019,C30,16534479.856267624,382.08193400400097,43274.696824829414,PACIFICO,47380.225652847905,-8.66506811955573
2020,C30,15011509.987271614,350.25022957951296,42859.386574259865,PACIFICO,46559.07123467466,-7.946216628263558
2021,C30,11698056.244621681,357.020583926687,32765.7753397878,PACIFICO,45737.91681650141,-28.361898353957173
2022,C30,1698568.4200499814,220.409088432354,7706.43548381305,PACIFICO,44916.76239832817,-82.84285181671979
2015,C301,14319672.393613592,182.740441523725,78360.71902975283,PACIFICO,86692.79611060023,-9.611037427167046
2016,C301,14548886.649028331,166.7215419960455,87264.5878561597,PACIFICO,80507.72599454038,8.392811718564186
2017,C301,11698008.816401634,152.31852111653637,76799.64807071415,PACIFICO,74322.65587848052,3.3327552183866738
2018,C301,10831352.498249007,142.0666892104277,76241.32411649096,PACIFICO,68137.58576242253,11.893198538504123
2019,C301,11297752.409049867,213.3785170249605,52947.00031928839,PACIFICO,61952.51564636268,-14.536157625106894
2020,C301,9716829.786506105,193.1378532144476,50310.333395479836,PACIFICO,55767.44553030282,-9.785479831343014
2021,C301,7496195.098588659,192.4486009171471,38951.67365657243,PACIFICO,49582.37541424297,-21.44048498857677
2022,C301,618009.339053276,79.4850720806289,7775.162340248911,PACIFICO,43397.30529818311,-82.08376698316697
2015,C302_309,1618581.046112916,66.81293996577863,24225.562397672486,PACIFICO,23709.044062093366,2.1785709041088674
2016,C302_309,1485434.1577488421,69.25796184226836,21447.846835744982,PACIFICO,22133.94462057948,-3.099753779073733
2017,C302_309,1387495.088303755,69.13123377977723,20070.451696605407,PACIFICO,20558.845179066062,-2.3755881140539836
2018,C302_309,1387419.629496269,69.53524906248288,19952.75271466366,PACIFICO,18983.745737552177,5.104403474993191
2019,C302_309,1297177.218661966,75.86891079560223,17097.612250644797,PACIFICO,17408.646296038758,-1.7866641673611072
2020,C302_309,1711399.7314508879,70.5125202705699,24270.86317272341,PACIFICO,15833.546854524873,53.287594976152434
2021,C302_309,466585.382910026,55.4688973964785,8411.657790400708,PACIFICO,14258.447413011454,-41.00579434248427
2022,C302_309,400181.042544298,67.1432561868635,5960.107764666215,PACIFICO,12683.34797149757,-53.00840300163677
2015,C303,2406935.043598884,62.4524986753487,38540.252106021035,PACIFICO,44414.07157193264,-13.225131716191385
2016,C303,3509216.7699203333,64.59400882218989,54327.27947850818,PACIFICO,45917.11711473996,18.31596339716297
2017,C303,2626424.381725946,60.7096060389715,43262.08903480542,PACIFICO,47420.16265754728,-8.76857730912921
2018,C303,3292281.353076562,59.3159534449009,55504.146218180416,PACIFICO,48923.208200354595,13.451566771490109
2019,C303,3625085.976593107,79.7299639984735,45467.04645022181,PACIFICO,50426.25374316191,-9.834574105383743
2020,C303,3239996.02385089,72.7070561293026,44562.33268596193,PACIFICO,51929.29928596923,-14.186531883355846
2021,C303,2562730.629901444,81.4222871464808,31474.55960419075,PACIFICO,53432.34482877655,-41.094556667781134
2022,C303,679564.416830786,59.5277601648616,11415.924519060325,PACIFICO,54935.39037158433,-79.2193621600889
2015,C304,214187.60138253,1.10671746693566,193534.12933436784,PACIFICO,216902.48997033015,-10.773670988820294
2016,C304,272101.808556756,1.13076527977332,240635.0932629477,PACIFICO,205589.9110506624,17.046158555732482
2017,C304,172440.652126094,1.11549407467003,154586.79345930458,PACIFICO,194277.33213099465,-20.429835141512076
2018,C304,279415.395063493,1.11461321804694,250683.7264617168,PACIFICO,182964.7532113269,37.01203213286306
2019,C304,313577.417127809,2.37654218496466,131946.91813664229,PACIFICO,171652.17429165542,-23.13122820544624
2020,C304,342607.70071899,3.62279996519253,94569.8641964027,PACIFICO,160339.59537198767,-41.019020300630835
2015,C31T33,13206810.34136958,748.235433191078,17650.608024596102,PACIFICO,15929.752922234125,10.802773343458917
2016,C31T33,12881396.56059655,748.972374279973,17198.76059912106,PACIFICO,19005.331660640426,-9.505601342704962
2017,C31T33,14047614.57107218,742.622167913506,18916.23382391181,PACIFICO,22080.910399045795,-14.332183401598975
2018,C31T33,15521428.02011535,516.999473476327,30022.13506282432,PACIFICO,25156.489137452096,19.341514226356903
2019,C31T33,15086336.07795383,566.797205825822,26616.814484773404,PACIFICO,28232.067875857465,-5.721342829673981
2020,C31T33,14743873.27600491,577.706545750534,25521.388643520113,PACIFICO,31307.646614262834,-18.481932040547168
2021,C31T33,14579233.03936139,601.544058600993,24236.35115484012,PACIFICO,34383.225352669135,-29.511117976142177
2022,C31T33,2418768.32913513,409.076649430535,5912.750905000897,PACIFICO,37458.804091074504,-84.21532387786573
2015,C31_32,9064906.238326833,208.21369124743302,43536.55220277735,PACIFICO,36666.188346378505,18.737600405844823
2016,C31_32,8962108.619812971,243.0284655677554,36876.78560153839,PACIFICO,45426.82120108977,-18.821558219324118
2017,C31_32,9648994.385910304,230.9985879033303,41770.79381086206,PACIFICO,54187.454055801034,-22.914271322200474
2018,C31_32,10525170.27751585,122.45681303442171,85950.05877343305,PACIFICO,62948.08691051602,36.54117701085264
2019,C31_32,10315899.374502929,164.257857934792,62803.07989038912,PACIFICO,71708.71976522729,-12.419186821344786
2020,C31_32,9936357.502570605,168.326908661475,59030.11931713055,PACIFICO,80469.35261993855,-26.642731182474844
2021,C31_32,9386121.826959537,170.846680912176,54938.859665552925,PACIFICO,89229.98547464982,-38.430047507784224
2022,C31_32,734.488759970993,36.904,19.90268697081598,PACIFICO,97990.61832936108,-99.97968919136328
2015,C325,3819784.75023047,30.2528907248098,126261.81031678867,PACIFICO,134359.52109199855,-6.026897617225968
2016,C325,3930478.38027854,29.2694730593058,134285.9289716151,PACIFICO,131137.64654829446,2.4007464722658467
2017,C325,3892541.88043855,30.1460072873904,129122.96621339765,PACIFICO,127915.77200459037,0.9437414869872152
2018,C325,4424273.81758118,30.4648540999407,145225.5048741491,PACIFICO,124693.89746088628,16.46560724409398
2019,C325,3354353.9960903,32.0430750215199,104682.64964699987,PACIFICO,121472.02291718125,-13.821596831089455
2020,C325,3176107.56990567,32.2496130850682,98485.13721785489,PACIFICO,118250.14837347716,-16.71457619925951
2015,C33,1738830.761673168,174.4734533236571,9966.162350484052,PACIFICO,2202.223526265472,352.5499901176997
2016,C33,1668277.3801870295,143.7652324862666,11604.17822401111,PACIFICO,17246.957420308143,-32.71753422231279
2017,C33,2001515.6140896953,152.6667252113227,13110.359256866084,PACIFICO,32291.69131434709,-59.400208774319616
2018,C33,2472118.7224841816,34.5404636595644,71571.67161534734,PACIFICO,47336.42520838976,51.197880491115335
2019,C33,2226034.625497091,40.3222691928969,55206.08512502132,PACIFICO,62381.159102428705,-11.50198887075189
2020,C33,2715259.4974293937,51.53050818223569,52692.2709131255,PACIFICO,77425.89299647138,-31.944897405927353
2021,C33,2861408.1730404613,52.4066152206898,54600.13322727997,PACIFICO,92470.62689051405,-40.954079080779934
2022,C33,285.511240029007,13.785,20.711733045267103,PACIFICO,107515.36078455299,-99.98073602423493
2015,D,38052276.54830964,286.8650283757053,132648.7120572704,PACIFICO,130500.8312638579,1.6458751814919292
2016,D,40205760.94124818,283.5661827350125,141786.1627696972,PACIFICO,132960.3215564536,6.637951164623379
2017,D,35253878.913713545,293.0388884360763,120304.43843771216,PACIFICO,135419.81184905022,-11.16186265875696
2018,D,28892251.140767388,217.1680209382888,133041.0021509452,PACIFICO,137879.30214164592,-3.5090836083071064
2019,D,25409272.0,170.168,149318.74382962717,PACIFICO,140338.79243424255,6.398766327986105
2020,D,31922423.0,186.798,170892.74510433731,PACIFICO,142798.28272683825,19.674229858381096
2021,D,23506588.0,176.54399999999998,133148.608845387,PACIFICO,145257.77301943488,-8.33632784142142
2022,D,1924508.0,195.774,9830.25325119781,PACIFICO,147717.26331203058,-93.34522382097421
2023,D,35176.0,82.541,426.1639669982191,PACIFICO,150176.7536046272,-99.71622507693822
2024,D,36716.0,109.529,335.2171570999461,PACIFICO,152636.2438972229,-99.78038167833476
2015,D_E,63769781.234778866,1629.5142520026552,39134.22736647225,PACIFICO,39514.39183042082,-0.962091142842525
2016,D_E,67718977.52646986,1677.3992017570763,40371.413945788336,PACIFICO,38926.06230817875,3.713069218681042
2017,D_E,63362232.090462446,1712.268623208807,37004.843300650486,PACIFICO,38337.73278593668,-3.4767039895878593
2018,D_E,58649895.41336014,1559.8465559551191,37599.785177233585,PACIFICO,37749.403263694374,-0.39634556714882585
2019,D_E,55262824.0,1470.601,37578.39413953887,PACIFICO,37161.0737414523,1.1230041440408067
2020,D_E,62983462.0,1508.3638,41756.147953166204,PACIFICO,36572.74421921023,14.172859720035259
2021,D_E,52910368.0,1499.2228000000002,35291.86455808969,PACIFICO,35984.41469696793,-1.9245835862840677
2022,D_E,29818926.0,1505.0072,19813.14507997038,PACIFICO,35396.08517472586,-44.02447337843532
2023,D_E,58393188.0,1457.0927,40075.13591962955,PACIFICO,34807.755652483786,15.132777647989215
2024,D_E,59612.0,194.725,306.1342919501862,PACIFICO,34219.42613024148,-99.10537865017076
2015,E,10326703.68646922,257.5453236269498,40096.64606229574,PACIFICO,36805.985469860956,8.940558309814527
2016,E,11748417.58522165,287.0208190220639,40932.28367632288,PACIFICO,41462.23132587597,-1.2781455136553599
2017,E,11901752.176748909,305.7127347727307,38931.16256866685,PACIFICO,46118.47718189098,-15.584457797419038
2018,E,13475244.27259275,251.5138350168303,53576.55284327019,PACIFICO,50774.72303790599,5.518158717030297
2019,E,12802053.0,224.378,57055.74075889793,PACIFICO,55430.968893922865,2.931162664835174
2020,E,13741639.0,224.754,61140.79838401097,PACIFICO,60087.21474993788,1.7534239828851161
2021,E,14131181.0,231.727,60982.021948240814,PACIFICO,64743.46060595289,-5.809758425804978
2022,E,14631517.0,238.26399999999998,61408.84481079811,PACIFICO,69399.7064619679,-11.514258573339797
2023,E,14422212.0,207.05,69655.69669162038,PACIFICO,74055.95231798291,-5.941798719255709
2024,E,23780.0,85.196,279.1210854969717,PACIFICO,78712.19817399792,-99.64539030547724
2015,E36,2554281.1271538422,65.2854338037873,39124.824303544185,PACIFICO,16020.253985852003,144.22099885617646
2016,E36,2601444.171077361,81.5186918268795,31912.241386331665,PACIFICO,46022.82684543729,-30.659971206233173
2017,E36,2602907.8472895925,80.69987911320419,32254.172817759554,PACIFICO,76025.39970502257,-57.5744778154337
2018,E36,2902326.380276,20.2275401702442,143483.9014456873,PACIFICO,106027.97256460786,35.326459589006845
2019,E36,2821068.86239793,21.155077196611,133351.85857179758,PACIFICO,136030.54542419314,-1.9691804102103916
2015,E37T39,6731049.872846157,138.8065661962127,48492.30160575654,PACIFICO,41053.855648394674,18.118751186413174
2016,E37T39,8001231.828922639,152.26630817312048,52547.61821522309,PACIFICO,54290.12599978596,-3.2096219201438903
2017,E37T39,8102378.152710407,163.3871208867958,49590.06627165069,PACIFICO,67526.39635117725,-26.56195361921435
2018,E37T39,9042573.619724,98.1724598297558,92109.06638587883,PACIFICO,80762.66670256853,14.049065176483877
2019,E37T39,9958531.13760207,104.944922803389,94892.92927737975,PACIFICO,93998.93705395609,0.9510663114312701
2015,ENERGYP,49537318.21813593,249.57091642968192,198489.94797474073,PACIFICO,164228.5301989913,20.86203763392134
2016,ENERGYP,51806290.68243222,258.46814071537517,200435.88559520475,PACIFICO,220046.06374539435,-8.91185137166538
2017,ENERGYP,48871188.206495054,257.74367660914345,189611.58950411802,PACIFICO,275863.5972918123,-31.266179602688105
2018,ENERGYP,40248005.523521975,94.48553795157903,425970.00976115366,PACIFICO,331681.13083821535,28.4275679730873
2019,ENERGYP,37175573.46187559,101.9037774335052,364810.5536238202,PACIFICO,387498.6643846333,-5.855016506145361
2020,ENERGYP,34886523.048115395,107.05743845785807,325867.3432752463,PACIFICO,443316.19793103635,-26.493246852681153
2021,ENERGYP,10080.53526970954,16.28565617640762,618.9824444601016,PACIFICO,499133.7314774543,-99.87598865686198
2022,ENERGYP,8764.01363366924,36.394,240.80929916110458,PACIFICO,554951.2650238723,-99.95660712672657
2015,F,119855541.4082116,11036.890098,10859.53926730961,PACIFICO,11277.74699737248,-3.708256003262933
2016,F,133412519.8550414,10901.596104,12237.888707515942,PACIFICO,11940.233817072818,2.492873213399882
2017,F,144785989.47806078,11127.999124,13010.963414419908,PACIFICO,12602.720636773156,3.2393225987692675
2018,F,148361206.8694796,11215.195846,13228.588150102963,PACIFICO,13265.207456473494,-0.27605528591005957
2019,F,152314828.6669992,11136.873590000001,13676.62364451774,PACIFICO,13927.694276173832,-1.802671904463038
2020,F,153341057.61768842,10808.594337999999,14186.956492444544,PACIFICO,14590.18109587417,-2.7636709975015328
2021,F,159006690.5681246,10811.732461,14706.865078440698,PACIFICO,15252.667915574508,-3.57840897182643
2022,F,167601144.3471059,10915.478687,15354.447491772733,PACIFICO,15915.154735274846,-3.5231026831259338
2023,F,178641185.80682033,10912.231206,16370.729545081114,PACIFICO,16577.641554975184,-1.2481390022091032
2024,F,198741.0,1095.959,181.33981289446047,PACIFICO,17240.12837467552,-98.9481527692054
2015,G,226318030.0,20744.2,10909.942538155243,PACIFICO,10855.895236065844,0.4978613086633388
2016,G,233861774.0,20773.358500000002,11257.773941560772,PACIFICO,11284.635566362645,-0.23803714921856178
2017,G,242087106.0,20908.9752,11578.143055045566,PACIFICO,11713.375896659447,-1.1545163649400836
2018,G,244717835.0,19933.0685,12276.977576232179,PACIFICO,12142.116226956248,1.1106906469609434
2019,G,245683369.0,19585.6616,12544.042372303626,PACIFICO,12570.85655725305,-0.2133043585956229
2020,G,242076142.0,19113.5103,12665.184898035186,PACIFICO,12999.596887549851,-2.5724796884659007
2021,G,256289184.0,19150.0684,13383.19940413372,PACIFICO,13428.337217846652,-0.33613851797631433
2022,G,272282147.0,18851.655000000002,14443.408125175214,PACIFICO,13857.077548143454,4.231271528896907
2023,G,284761746.0,18283.3416,15574.928928746811,PACIFICO,14285.817878440372,9.023711916780886
2024,G,225383.0,1781.343,126.52420112241157,PACIFICO,14714.558208737173,-99.1401427122203
2015,G45,15490492.178868085,742.964683670911,20849.567306929286,PACIFICO,16534.854189971462,26.094654766140835
2016,G45,19573726.002045583,777.468355513985,25176.234972425824,PACIFICO,24737.394647680223,1.7739957299292675
2017,G45,15837885.820337681,765.389992095446,20692.56977998565,PACIFICO,32939.935105388984,-37.180903017017975
2018,G45,14259928.2147723,303.00409854214803,47061.832771838686,PACIFICO,41142.47556309961,14.387459985631267
2019,G45,15173670.8658316,297.99349165450997,50919.47069576865,PACIFICO,49345.01602080837,3.190706583814551
2020,G45,12737152.1829534,273.250034533153,46613.54281149422,PACIFICO,57547.55647851713,-18.999961659718167
2021,G45,2549.0,92.862,27.449333419482674,PACIFICO,65750.09693622589,-99.95825202593069
2022,G45,2779.0,91.307,30.435782579648876,PACIFICO,73952.63739393465,-99.95884422293486
2015,G46,84809738.4768434,1874.34200663423,45247.73930086371,PACIFICO,41396.364216763526,9.303655422329493
2016,G46,86136532.1263014,1809.4853850106301,47602.778579941594,PACIFICO,51490.56824571639,-7.5504889501743495
2017,G46,97900308.9751451,1858.81758628364,52668.056132865924,PACIFICO,61584.772274672985,-14.478767741541365
2018,G46,101440735.736651,1182.7026680016,85770.27724817289,PACIFICO,71678.97630362585,19.658903727722787
2019,G46,95585165.1569471,1247.27803934323,76635.01011152148,PACIFICO,81773.18033258244,-6.283441832839742
2020,G46,105078866.881483,1312.95080939453,80032.59994937688,PACIFICO,91867.38436153531,-12.882465844008106
2021,G46,19127.0,160.898,118.87655533319246,PACIFICO,101961.5883904919,-99.88341045171057
2022,G46,19533.0,152.854,127.78860873774974,PACIFICO,112055.79241944477,-99.88595983663262
2015,G47,55821370.6748054,2819.1253096948612,19800.954034514856,PACIFICO,13864.114322628826,42.821629811548775
2016,G47,57867524.855687,2846.87725947538,20326.666582861664,PACIFICO,22241.289358071983,-8.608416285521903
2017,G47,56387138.3977868,2861.74642162091,19703.750818651777,PACIFICO,30618.46439351514,-35.647488504273426
2018,G47,58218726.048577,1359.56523345625,42821.57605676259,PACIFICO,38995.63942895457,9.811190901942823
2019,G47,65443497.9772213,1297.468469002263,50439.37447477744,PACIFICO,47372.81446439773,6.473248518270602
2020,G47,55264851.9355633,1145.893156072316,48228.62554218414,PACIFICO,55749.989499840885,-13.491238339476652
2021,G47,14487.0,286.993,50.478583101329995,PACIFICO,64127.16453528404,-99.92128361909162
2022,G47,14641.0,307.611,47.595827197336895,PACIFICO,72504.3395707272,-99.9343545124621
2015,GTI,401287056.68412006,35031.298149,11455.100949365622,PACIFICO,11490.95728273457,-0.3120395671718512
2016,GTI,416217731.14672,35223.932842,11816.333315581216,PACIFICO,11766.275474053691,0.42543489346233976
2017,GTI,427910996.20988107,35418.839903,12081.45149253284,PACIFICO,12041.59366537293,0.3310012633504389
2018,GTI,436078554.49127996,35655.157856,12230.448011265706,PACIFICO,12316.911856692052,-0.7019928893894578
2019,GTI,444231754.1101082,35187.692132000004,12624.634558119253,PACIFICO,12592.23004801129,0.2573373420308611
2020,GTI,412640595.2706288,33283.291744,12397.830071751114,PACIFICO,12867.548239330412,-3.6504092220426054
2021,GTI,452030829.4858483,33185.269654,13621.430056132225,PACIFICO,13142.86643064965,3.641242403305167
2022,GTI,497269316.6150925,33491.026821,14847.83728109787,PACIFICO,13418.184621968772,10.654590761766801
2023,GTI,528564700.2919978,32788.39858,16120.47929094065,PACIFICO,13693.50281328801,17.723562120990177
2024,GTI,417424.0,3333.761,125.21113541132672,PACIFICO,13968.821004607133,-99.10363848623996
2015,GTN,1001417126.5545403,58846.161176999994,17017.543821464158,PACIFICO,16980.86753161112,0.21598596058043373
2016,GTN,1040243428.9881101,59643.783037,17440.936439977246,PACIFICO,17436.51331894484,0.025367004007614824
2017,GTN,1077661395.9726453,60378.728675,17848.36182579072,PACIFICO,17892.159106278676,-0.24478476984137743
2018,GTN,1115524810.566325,61039.610007,18275.4249320793,PACIFICO,18347.804893612396,-0.3944883976736424
2019,GTN,1145983087.2912426,60702.987871,18878.528512082023,PACIFICO,18803.450680946233,0.39927687959884217
2020,GTN,1142154342.71939,58752.095029,19440.231742470176,PACIFICO,19259.096468279953,0.9405180273568625
2021,GTN,1226599953.2108111,59669.101042,20556.70241030495,PACIFICO,19714.74225561379,4.27071347814052
2022,GTN,1302745376.153732,60429.606773,21558.064758677196,PACIFICO,20170.38804294751,6.879772034008447
2023,GTN,1360908516.050455,59277.937526,22958.094914377623,PACIFICO,20626.033830281347,11.306396097695458
2024,GTN,1300289.0,5774.536,225.17636049026277,PACIFICO,21081.679617615067,-98.93188605189638
2015,GTNXL,51799229.23623599,41231.69606,1256.2963493148138,PACIFICO,1273.1594658815593,-1.3245093814755693
2016,GTNXL,56141841.66732806,41891.896459,1340.159945307671,PACIFICO,1356.7036407853593,-1.2194037798934132
2017,GTNXL,59067488.09265801,42387.586687,1393.50910748532,PACIFICO,1440.2478156891884,-3.2451851476339777
2018,GTNXL,74868461.68541928,43167.949907,1734.3529597007525,PACIFICO,1523.7919905929884,13.818222592561579
2019,GTNXL,64604036.46993036,43742.386265,1476.9207166373221,PACIFICO,1607.3361654967885,-8.113763110603445
2020,GTNXL,60548326.9047894,42822.858498,1413.9253900488043,PACIFICO,1690.8803404006176,-16.379334701247682
2021,GTNXL,72928223.0820675,43266.728401,1685.5497463584963,PACIFICO,1774.4245153044176,-5.008653125527518
2022,GTNXL,77235207.31829879,44087.91466,1751.8453279980738,PACIFICO,1857.9686902082176,-5.711794971004103
2023,GTNXL,81955644.9145873,43698.697008,1875.4711358918444,PACIFICO,1941.5128651120467,-3.4015602166195813
2024,GTNXL,116.64403298123813,5588.033,0.020873898379132356,PACIFICO,2025.0570400158467,-99.99896921923845
2015,GTU,92181348.66619574,70045.45141899999,1316.0219086144875,PACIFICO,1254.474703280197,4.906213347575439
2016,GTU,94426673.24383582,71351.955302,1323.3929307777362,PACIFICO,1353.167978396581,-2.200395523261378
2017,GTU,95868358.90931778,72463.43000800001,1322.989525871655,PACIFICO,1451.861253512965,-8.876311515958458
2018,GTU,122130463.5388923,73954.17615900001,1651.4343054314368,PACIFICO,1550.554528629349,6.506045091575263
2019,GTU,124116693.76061726,75429.436591,1645.4675968695549,PACIFICO,1649.247803745704,-0.2292079375557532
2020,GTU,115694290.3550179,74686.28865399999,1549.0700159301816,PACIFICO,1747.941078862088,-11.37744660485762
2021,GTU,132779017.45758277,75750.420312,1752.848590287605,PACIFICO,1846.634353978472,-5.078740330418463
2022,GTU,139511244.90462342,77525.000999,1799.5645676473193,PACIFICO,1945.327629094856,-7.49298263528797
2023,GTU,141100821.85533065,76878.666104,1835.370318008017,PACIFICO,2044.0209042112401,-10.20784991843019
2024,GTU,119.76595752592004,10460.872,0.011448945893413097,PACIFICO,2142.714179327624,-99.99946568021046
2015,H,96098529.0,9325.848,10304.535201517332,PACIFICO,10091.054075551452,2.1155483299123423
2016,H,96563142.0,9406.092700000001,10266.020661267774,PACIFICO,10361.224000596092,-0.9188425935279576
2017,H,97120705.0,9371.449,10363.467271710062,PACIFICO,10631.393925640848,-2.520146048624905
2018,H,97314400.0,8953.3058,10869.102672668681,PACIFICO,10901.563850685605,-0.29776625135192747
2019,H,101054594.0,8900.4742,11353.843821040457,PACIFICO,11171.733775730245,1.630096536186998
2020,H,89487317.0,8489.225999999999,10541.281030803046,PACIFICO,11441.903700775001,-7.871265949484907
2021,H,105809397.0,8736.9384,12110.580635431745,PACIFICO,11712.073625819641,3.402531629698613
2022,H,121109596.0,8765.9826,13815.860871090483,PACIFICO,11982.243550864398,15.302787933181406
2023,H,122692180.0,8580.422999999999,14299.08292400037,PACIFICO,12252.413475909154,16.70421466036387
2024,H,124821.0,642.964,194.1337306598814,PACIFICO,12522.583400953794,-98.4497309824657
2015,H49,19158512.0191909,1205.276391022629,15895.534137971179,PACIFICO,12903.5004789792,23.18776725638312
2016,H49,19809744.7685274,1215.843729890795,16293.002366600746,PACIFICO,17500.38718240708,-6.899189162055253
2017,H49,18515433.5952329,1180.585484352866,15683.263804807895,PACIFICO,22097.273885834962,-29.02625054187633
2018,H49,19742671.5760132,633.260988178181,31176.20056275785,PACIFICO,26694.160589264706,16.790338690386243
2019,H49,20729200.2041489,659.359920873196,31438.368557034893,PACIFICO,31291.047292692587,0.4708096311519361
2020,H49,25845950.4822322,618.375114217647,41796.55663364116,PACIFICO,35887.93399612047,16.464092466731085
2021,H49,5164.0,97.172,53.1428806652122,PACIFICO,40484.82069955021,-99.86873381245874
2022,H49,5279.0,101.462,52.02933117817508,PACIFICO,45081.70740297809,-99.8845888184467
2015,H50,10197179.988938292,42.5907017835911,239422.6805829942,PACIFICO,172535.8631019378,38.766906936639735
2016,H50,4414917.241337917,46.551398281755795,94839.6268274543,PACIFICO,175061.56032494456,-45.824984850234664
2017,H50,7085389.489193943,46.8308532105966,151297.46744803496,PACIFICO,177587.2575479513,-14.803871889748443
2018,H50,5947409.090720964,28.8974214051333,205811.06553903365,PACIFICO,180112.95477095805,14.267774797628952
2019,H50,6244541.978864211,31.768258680743102,196565.4473422382,PACIFICO,182638.6519939648,7.625327495700973
2020,H50,6806434.773211464,35.788870948892004,190182.99803118507,PACIFICO,185164.34921697155,2.7103753154624766
2021,H50,410.057339821509,4.659,88.01402443045912,PACIFICO,187690.0464399783,-99.95310671711161
2022,H50,573.573172832293,6.042,94.93101172331895,PACIFICO,190215.74366298504,-99.9500929786908
2015,H51,17321713.047051713,156.6235757472745,110594.54468720454,PACIFICO,88095.92672935128,25.538772101204653
2016,H51,19476715.35728999,157.8343990077745,123399.68650516176,PACIFICO,135759.839782089,-9.104425356399048
2017,H51,19009209.539357003,142.8286901947029,133090.97432346264,PACIFICO,183423.7528348267,-27.44070914124671
2018,H51,17711928.568834934,63.5202219625118,278839.21090968663,PACIFICO,231087.66588756442,20.663822466992123
2019,H51,18596702.185445074,68.57333989380051,271194.34774864075,PACIFICO,278751.57894030213,-2.7110989722070267
2020,H51,13818370.359080296,58.2713716006652,237138.23751700658,PACIFICO,326415.49199303985,-27.350801866333274
2021,H51,2914.42635550988,15.465,188.45304594308956,PACIFICO,374079.40504577756,-99.94962218090568
2022,H51,4076.59273321018,20.041,203.4126407469777,PACIFICO,421743.3180985153,-99.95176861564421
2015,H52,16491392.692240749,362.532203152636,45489.455967853486,PACIFICO,36570.39227972552,24.38875585448028
2016,H52,19402336.7084858,414.319877242339,46829.36488016292,PACIFICO,51363.420144010335,-8.827401390201528
2017,H52,18460585.12465716,407.92421047969,45254.93866360327,PACIFICO,66156.44800829142,-31.59406221759148
2018,H52,19820877.72110076,196.87317854092697,100678.40560099606,PACIFICO,80949.47587257251,24.37190545801686
2019,H52,17265931.85352021,186.59805330101202,92530.07492885012,PACIFICO,95742.50373685732,-3.3552797165576242
2020,H52,13744655.310681708,230.45447170405,59641.52142091049,PACIFICO,110535.53160113841,-46.043122462988876
2021,H52,3951.48623172124,44.782,88.23827054890894,PACIFICO,125328.55946542323,-99.92959444285862
2022,H52,5527.19406587875,43.883,125.9529673422225,PACIFICO,140121.5873297043,-99.91011166106343
2015,H53,4434031.252578447,210.3661282938694,21077.686263181873,PACIFICO,8363.44780831039,152.02149575487164
2016,H53,4930127.9243588215,186.1835955773361,26479.9264890712,PACIFICO,26494.836041018367,-0.05627342597660512
2017,H53,4663587.251559074,204.1627617621444,22842.496894670192,PACIFICO,44626.224273726344,-48.813736168760535
2018,H53,4452418.043330192,80.2051899132467,55512.84210094277,PACIFICO,62757.61250643432,-11.544050380738701
2019,H53,8219837.778021603,84.5504272512483,97218.16962078387,PACIFICO,80889.0007391423,20.187131417658687
2020,H53,6400099.074794215,77.39217152874551,82696.98276158395,PACIFICO,99020.38897185028,-16.484894050362474
2021,H53,972.030072947363,23.525,41.319025417528714,PACIFICO,117151.77720455825,-99.96473034690257
2022,H53,1359.64002807878,24.227,56.12085805418665,PACIFICO,135283.16543725878,-99.95851600761057
2015,HDI,339419518.5800099,4636.264122542228,73209.70281431985,PACIFICO,73889.74204692431,-0.9203432218948482
2016,HDI,353264950.7901726,4701.924848880925,75131.98575988531,PACIFICO,75369.68112708814,-0.315372658671631
2017,HDI,360774142.0480664,4658.315195598018,77447.34456547469,PACIFICO,76849.62020725198,0.7777844010298685
2018,HDI,376773947.1443274,4676.50891204545,80567.35360299589,PACIFICO,78329.55928741582,2.8568963440339434
2019,HDI,393026339.3081728,5045.80420231613,77891.71429358386,PACIFICO,79809.49836758012,-2.4029521713862745
2020,HDI,399486484.5458355,4947.041192213121,80752.60929192309,PACIFICO,81289.43744774396,-0.6603910331720031
2021,HDI,71971.0,410.6,175.28251339503166,PACIFICO,82769.37652790779,-99.78822781957778
2022,HDI,81535.0,443.6,183.8029756537421,PACIFICO,84249.31560807163,-99.7818344584438
2015,I,52263356.0,6688.305,7814.140652975604,PACIFICO,7796.178654154879,0.2303949103469094
2016,I,57060304.0,6903.4727,8265.449358552543,PACIFICO,8253.315107222414,0.14702275597731074
2017,I,59029161.0,6847.0931,8621.05423979119,PACIFICO,8710.451560289948,-1.0263224573374696
2018,I,61762972.0,6685.655999999999,9238.131905081567,PACIFICO,9167.588013357483,0.7694923857976654
2019,I,64532847.0,6712.744600000001,9613.481645048732,PACIFICO,9624.724466425017,-0.11681187773743273
2020,I,50849092.0,5746.8332,8848.193471145118,PACIFICO,10081.860919492552,-12.236505325740287
2021,I,51164629.0,5427.9263,9426.183439520908,PACIFICO,10538.997372560087,-10.559011390747308
2022,I,62908912.0,5839.509099999999,10772.979530077282,PACIFICO,10996.133825627505,-2.029388684140432
2023,I,74204310.0,5932.7715,12507.528732566221,PACIFICO,11453.27027869504,9.204868375736108
2024,I,67220.0,909.454,73.91247935574532,PACIFICO,11910.406731762574,-99.37942942654816
2015,I55,4444698.982834619,144.358739441264,30789.261530252257,PACIFICO,34971.278261186555,-11.958432573440636
2016,I55,6628456.63919982,152.811408936009,43376.71306973905,PACIFICO,37069.01218501944,17.016101894586555
2017,I55,5846952.035148026,153.517340700595,38086.590143268186,PACIFICO,39166.746108851396,-2.757839424754005
2018,I55,6060663.253094079,146.997309874465,41229.75623342942,PACIFICO,41264.48003268335,-0.08414936823735175
2019,I55,6449646.122371856,152.288818441377,42351.40956756863,PACIFICO,43362.213956516236,-2.331071909661353
2020,I55,4876791.579223916,135.787705908226,35914.824148512846,PACIFICO,45459.94788034819,-20.996776672420236
2021,I55,1916.00168350168,21.362,89.69205521494617,PACIFICO,47557.68180418108,-99.8114036432973
2022,I55,2454.08838383838,28.699,85.5112855443876,PACIFICO,49655.41572801303,-99.82779061600698
2015,I56,35052905.01716538,1397.8482605587399,25076.330533297107,PACIFICO,24410.67998239165,2.726882460405089
2016,I56,36490187.36080017,1455.67659106399,25067.509902133268,PACIFICO,25975.732949609403,-3.4964289525073466
2017,I56,38891709.96485199,1427.2266592994101,27249.84830646518,PACIFICO,27540.78591682762,-1.0563881918296048
2018,I56,41343350.74690592,1389.7026901255301,29749.781043578056,PACIFICO,29105.838884045836,2.2124157358858865
2019,I56,44205068.877628125,1446.47918155862,30560.459798665048,PACIFICO,30670.891851263586,-0.36005491178434657
2020,I56,36950621.420776114,1297.4292940917699,28479.872921816823,PACIFICO,32235.944818481803,-11.651812651421078
2021,I56,4763.99831649832,132.87,35.854582046348455,PACIFICO,33800.99778570002,-99.89392448627207
2022,I56,6101.91161616162,135.59,45.00266698253278,PACIFICO,35366.05075291777,-99.87275178872264
2015,ICT2,159114639.48383853,651.505191038219,244226.20367809848,PACIFICO,278510.3003840437,-12.309812835888001
2016,ICT2,170301572.20266122,624.24756307348,272810.95237950503,PACIFICO,276149.462651724,-1.2089504865086198
2017,ICT2,198239747.71625236,625.056316674126,317155.0185606794,PACIFICO,273788.6249194043,15.839370117747208
2018,ICT2,212481348.0609181,640.2992971363669,331846.91754497605,PACIFICO,271427.78718708456,22.259743920856167
2019,ICT2,194364089.59258482,957.911418818314,202904.03243376478,PACIFICO,269066.94945476484,-24.58975996683059
2020,ICT2,198097171.45148727,928.6421668935053,213319.16481260175,PACIFICO,266706.11172244605,-20.017144176059475
2021,ICT2,6361.859617137647,59.900000000000006,106.2080069639006,PACIFICO,264345.2739901263,-99.95982224105589
2022,ICT2,6492.850045578849,64.6,100.5085146374435,PACIFICO,261984.4362578066,-99.9616356925346
2015,ICT_MANUF,117415569.55393599,698.5064226154091,168095.18961085327,PACIFICO,187444.93052874785,-10.322893696464607
2016,ICT_MANUF,124749635.88134883,678.554900081244,183846.04674789385,PACIFICO,191655.83826430235,-4.0749040504774126
2017,ICT_MANUF,151600819.72009695,680.061211845685,222922.31504962998,PACIFICO,195866.74599985685,13.81325293972715
2018,ICT_MANUF,166044282.65569586,672.80285654631,246794.85385666878,PACIFICO,200077.65373541135,23.349534167887455
2019,ICT_MANUF,143449126.7314074,909.775368931012,157675.32473423678,PACIFICO,204288.56147096585,-22.817350321081918
2020,ICT_MANUF,146525340.94797108,914.043555615317,160304.5500926189,PACIFICO,208499.46920652036,-23.1151279652247
2021,ICT_MANUF,166608404.82781622,928.499515508713,179438.33254079148,PACIFICO,212710.376942073,-15.641946988953158
2022,ICT_MANUF,7348168.61794732,440.792582060779,16670.354531814948,PACIFICO,216921.2846776275,-92.31502129604792
2015,ICT_WHSL,2473620.29552802,81.8968844078064,30204.083017500416,PACIFICO,31584.752185355872,-4.371315499811324
2016,ICT_WHSL,2351404.07444737,75.9613618765297,30955.264839372234,PACIFICO,47665.01492134482,-35.05663453488149
2017,ICT_WHSL,6325045.56282386,75.3700758875534,83919.85132481971,PACIFICO,63745.27765733376,31.64873447714116
2018,ICT_WHSL,7162905.23858259,75.2972956992496,95128.31997569301,PACIFICO,79825.54039332643,19.1702799717544
2019,ICT_WHSL,6300999.26947903,80.2482172674137,78518.8691292918,PACIFICO,95905.80312931538,-18.129178248556833
2020,ICT_WHSL,7089107.38619107,91.1886544640357,77741.11185056443,PACIFICO,111986.06586530432,-30.5796562725307
2015,INFO,7519.5845847552455,3363.6782229103787,2.235524353530173,PACIFICO,2.2808465798102304,-1.9870791258493337
2016,INFO,7503.5360486309,3322.71883843149,2.258251875495126,PACIFICO,2.2418977786414587,0.7294755813343823
2017,INFO,7478.223904073903,3358.442449377449,2.2266940752431634,PACIFICO,2.202948977472701,1.0778777907831216
2018,INFO,7805.431948889264,3471.029895242318,2.2487365953223386,PACIFICO,2.1640001763039294,3.9157306892246835
2019,INFO,7880.781797895599,3852.669490864118,2.045537987772736,PACIFICO,2.125051375135172,-3.741716002389739
2020,INFO,8244.905651777575,3898.834695105516,2.1147102394795017,PACIFICO,2.0861025739664,1.371345104028543
2021,INFO,8756.381243815431,4103.974895861081,2.1336342121990977,PACIFICO,2.0471537727976283,4.224423223629437
2022,INFO,8814.235923992708,2791.0,3.1580924127526724,PACIFICO,2.008204971628871,57.259465909553995
2023,INFO,96.5591322698685,2764.0,0.03493456304988007,PACIFICO,1.969256170460099,-98.22600210303173
2015,J,100193998.19490846,4328.636633,23146.779619029403,PACIFICO,23683.078346210998,-2.2644806529865447
2016,J,105860645.79652981,4262.059403,24837.90951435733,PACIFICO,24270.347141254693,2.3385012575196873
2017,J,108469377.95628543,4317.8051479999995,25121.41568188372,PACIFICO,24857.61593629839,1.0612431468140615
2018,J,112769753.70115824,4446.793141,25359.79302958951,PACIFICO,25444.884731342085,-0.33441574859155443
2019,J,116877344.26115564,4526.238139,25822.18183663174,PACIFICO,26032.15352638578,-0.8065859381983786
2020,J,122172885.38831678,4672.807382999999,26145.499990603144,PACIFICO,26619.422321429476,-1.7803629436571544
2021,J,136129529.0514729,5031.908439000001,27053.260348776566,PACIFICO,27206.691116473172,-0.5639449760346138
2022,J,137854936.87854367,5323.67082,25894.71466955646,PACIFICO,27793.959911516868,-6.833302084361959
2023,J,141131953.7708536,5467.16381,25814.473221510005,PACIFICO,28381.228706560563,-9.043849058082643
2024,J,109235.341208814,495.303,220.54245827062223,PACIFICO,28968.49750160426,-99.23868174986153
2015,J58,22305124.48155694,382.34628885382403,58337.494391332984,PACIFICO,58465.07511158474,-0.21821697826994724
2016,J58,24268515.726851966,396.106373321441,61267.67293178094,PACIFICO,64455.96443386935,-4.946464660162741
2017,J58,27805540.945337486,385.014342347852,72219.49389151792,PACIFICO,70446.85375615396,2.51628006198803
2018,J58,30595186.3293679,368.760385160491,82967.66019498633,PACIFICO,76437.74307843857,8.542791628275737
2019,J58,31918425.352201343,412.159384360866,77441.94737115382,PACIFICO,82428.63240072317,-6.04970006699469
2020,J58,32835576.827347275,398.255542150625,82448.51195298236,PACIFICO,88419.52172300965,-6.753044637283345
2021,J58,805.137877211239,5.803,138.7451106688332,PACIFICO,94410.41104529426,-99.85304045482624
2022,J58,816.142039542143,5.678,143.73759062031402,PACIFICO,100401.30036757886,-99.8568369233326
2015,J581,2858071.15458887,75.032461497367,38091.12879349112,PACIFICO,40037.8875211291,-4.862291314971645
2016,J581,3230751.39146299,75.6326778653189,42716.34275882806,PACIFICO,49581.12099191919,-13.845548659962647
2017,J581,5131518.78683698,71.7879839744777,71481.58372383539,PACIFICO,59124.35446270928,20.900404534513804
2018,J581,5342143.73747975,73.8533315330246,72334.49902108929,PACIFICO,68667.58793349937,5.340090132685482
2019,J581,5481496.5495703,77.206114501507,70998.21801631145,PACIFICO,78210.82140428945,-9.22200183871541
2020,J581,4591735.37776959,63.0711988308562,72802.41160602745,PACIFICO,87754.05487507954,-17.038122386864273
2015,J582,19438760.467967,249.338827356457,77961.22518927699,PACIFICO,81372.73176999809,-4.19244445469007
2016,J582,21030335.5320591,252.857695456122,83170.63672562207,PACIFICO,82521.59516450064,0.7865111669589142
2017,J582,22666524.0008522,258.400358373374,87718.62447690706,PACIFICO,83670.4585590032,4.838226044917815
2018,J582,25252324.3868934,285.589053627466,88421.89175721546,PACIFICO,84819.32195350574,4.24734567635956
2019,J582,26436209.1304146,326.051269859359,81079.91464599343,PACIFICO,85968.1853480083,-5.686139217928854
2020,J582,28243077.3939065,329.204343319769,85791.93430164711,PACIFICO,87117.04874251084,-1.5210736130195746
2015,J58T60,26170619.4199901,588.85603187216,44443.154189633424,PACIFICO,40195.597772287205,10.56721793617581
2016,J58T60,28319450.2098274,632.57527535801,44768.50631539436,PACIFICO,48232.495889985934,-7.181858435218913
2017,J58T60,31468437.9519336,626.380132703323,50238.56330838996,PACIFICO,56269.3940076828,-10.717781496757217
2018,J58T60,34802840.8556726,498.824598105951,69769.69657835604,PACIFICO,64306.29212537967,8.495909610717778
2019,J58T60,36051989.6918272,499.840072045804,72127.04964663876,PACIFICO,72343.19024307653,-0.2987711707370555
2020,J58T60,41134073.4541645,505.884528212011,81311.19091455122,PACIFICO,80380.0883607734,1.158374633278214
2021,J58T60,2195.0,21.85,100.45766590389016,PACIFICO,88416.98647847213,-99.8863819386919
2022,J58T60,2225.0,24.924,89.27138501043171,PACIFICO,96453.884596169,-99.90744656331448
2015,J59_60,3865494.9384331494,206.5087430183363,18718.311302151138,PACIFICO,11689.761630602181,60.125688561083955
2016,J59_60,4050934.4829753856,236.467902036569,17131.0120658529,PACIFICO,18896.86678061448,-9.344695791437218
2017,J59_60,3662897.006596117,241.364790355471,15175.77191437728,PACIFICO,26103.971930624917,-41.864127211333624
2018,J59_60,4207654.526304693,130.06321294546,32350.84257121272,PACIFICO,33311.07708063722,-2.8826282233385125
2019,J59_60,4133564.339625819,87.6796876849381,47143.921799528674,PACIFICO,40518.182230649516,16.352509426909066
2020,J59_60,8298496.626817194,107.6289860613862,77102.8040911223,PACIFICO,47725.28738065995,61.555452722883366
2021,J59_60,1389.86212278876,16.047,86.61196004167508,PACIFICO,54932.39253067225,-99.84232989671202
2022,J59_60,1408.85796045786,19.245,73.20644117733748,PACIFICO,62139.49768068269,-99.88219016260234
2015,J61,20620001.376274455,278.336499880784,74082.99445134337,PACIFICO,44902.01283532381,64.98813699742047
2016,J61,21747324.086249657,276.4191197165651,78675.1803151278,PACIFICO,91337.47906792164,-13.86320148312581
2017,J61,21257136.11752549,294.085326295062,72282.20593433402,PACIFICO,137772.94530051947,-47.5352684254029
2018,J61,21114891.742766604,89.2985254541899,236452.86005980617,PACIFICO,184208.4115331173,28.361597655542603
2019,J61,21147602.72940204,93.00903611721299,227371.48574199982,PACIFICO,230643.87776571512,-1.4188072345190816
2020,J61,22037262.439377237,75.3835031108883,292335.34566522687,PACIFICO,277079.34399832785,5.50600468687088
2021,J61,2639.65858363185,27.56,95.77861333932692,PACIFICO,323514.8102309257,-99.97039436516957
2022,J61,2690.77032240287,25.256,106.53984488449754,PACIFICO,369950.2764635235,-99.9712015771679
2015,J62,15570652.845168423,239.340259206125,65056.555452957204,PACIFICO,67751.19334839075,-3.9772552515453974
2016,J62,16626360.09574834,227.983457360884,72927.92331607561,PACIFICO,68040.98321880796,7.182347852840554
2017,J62,15469892.2868126,227.772157775826,67918.2760433701,PACIFICO,68330.77308922517,-0.6036768313984031
2018,J62,15684683.833005026,239.229669984822,65563.2883412837,PACIFICO,68620.56295964238,-4.455333046679833
2019,J62,17914962.84422207,255.24317836189502,70187.82229243928,PACIFICO,68910.3528300596,1.8538135561866342
2020,J62,16732824.602865886,244.075539227766,68555.92598835222,PACIFICO,69200.1427004768,-0.9309470862119307
2021,J62,2747.01129787821,77.152,35.605185839358796,PACIFICO,69489.93257089402,-99.94876209470625
2022,J62,2800.20170845963,87.604,31.964313369933222,PACIFICO,69779.72244131123,-99.95419254727358
2015,J62_63,22175946.203735445,685.576468247056,32346.42265426191,PACIFICO,23224.57389177382,39.27671097431442
2016,J62_63,24093793.703922942,708.509604925425,34006.30497656974,PACIFICO,37378.11642930284,-9.020816924016383
2017,J62_63,24256086.93054091,757.424541001615,32024.427012180997,PACIFICO,51531.65896683186,-37.854849515336994
2018,J62_63,24324032.401560795,310.541876439859,78327.70472188314,PACIFICO,65685.20150436461,19.247110350538343
2019,J62_63,26960399.57877076,333.03589183698296,80953.43546925431,PACIFICO,79838.74404189363,1.3961785605943078
2020,J62_63,26051202.10645826,320.642968677101,81246.75932841914,PACIFICO,93992.28657942265,-13.56018426068788
2021,J62_63,2886.34141636815,80.345,35.924343971225966,PACIFICO,108145.82911695167,-99.96678157237818
2022,J62_63,2942.22967759713,91.494,32.15762429882976,PACIFICO,122299.3716544807,-99.97370581396797
2015,J63,6573023.358567022,59.7432090409308,110021.26374001376,PACIFICO,119830.07942527812,-8.18560392541573
2016,J63,7433067.608174654,60.52214756454091,122815.66182442583,PACIFICO,120915.8084054254,1.571220044802013
2017,J63,8748267.64372831,62.6043832257889,139738.89994534117,PACIFICO,122001.53738557221,14.538638561342054
2018,J63,8639348.568555752,71.3122064550372,121148.24373023595,PACIFICO,123087.2663657195,-1.5753235023696743
2019,J63,9045436.734548694,77.7877134750881,116283.61768784397,PACIFICO,124172.99534586631,-6.353537366194306
2020,J63,9318377.503592364,76.5674294493347,121701.58474183088,PACIFICO,125258.72432601359,-2.8398337946700325
2021,J63,139.330118489942,3.193,43.63611603192672,PACIFICO,126344.4533061604,-99.96546257877567
2022,J63,142.027969137503,3.89,36.511046050771974,PACIFICO,127430.18228630768,-99.97134819601156
2015,K,118265483.07191566,3809.807092,31042.380943710956,PACIFICO,30169.604186834767,2.8929009193201294
2016,K,119110436.86411542,3978.8259220000004,29936.076420313268,PACIFICO,31012.17784992815,-3.4699318274978075
2017,K,126752915.2236876,4037.670408,31392.58592592078,PACIFICO,31854.7515130213,-1.4508529030954787
2018,K,134417043.08141646,4029.4263300000002,33358.85361165455,PACIFICO,32697.32517611445,2.0231882332177875
2019,K,133983499.11502859,3994.2778339999995,33543.860663506515,PACIFICO,33539.89883920783,0.011812272653766165
2020,K,142275362.60737318,3994.265089,35619.90990512678,PACIFICO,34382.47250230098,3.599035534000583
2021,K,156004921.00243652,4010.089562,38903.101437123594,PACIFICO,35225.04616539413,10.44159106125706
2022,K,170563329.40173578,3876.462994,43999.73111203026,PACIFICO,36067.61982848751,21.99233362573507
2023,K,176974423.06284285,3863.209812,45810.2023123674,PACIFICO,36910.19349158066,24.112604077290634
2024,K,200420.0,517.971,386.93285917551367,PACIFICO,37752.767154674046,-98.97508742182993
2015,K64,57483500.8987716,748.2687451067629,76821.99914760553,PACIFICO,56432.2595526427,36.131354222919796
2016,K64,60523545.4855874,761.969955287783,79430.35688687842,PACIFICO,90569.3333927095,-12.298839009372376
2017,K64,66375660.0360832,757.612101330803,87611.66818677966,PACIFICO,124706.40723277628,-29.74565611272546
2018,K64,70478038.9518958,381.18710764541197,184890.93030254295,PACIFICO,158843.48107284307,16.398185845445525
2019,K64,71487655.9868155,367.0229340375,194777.08164011178,PACIFICO,192980.55491290987,0.9309366573293731
2020,K64,9091.0,77.111,117.89498255761175,PACIFICO,227117.62875297666,-99.94809078308676
2021,K64,9926.0,80.246,123.69463898512076,PACIFICO,261254.70259304345,-99.95265362201813
2022,K64,12732.0,85.119,149.57882493920278,PACIFICO,295391.77643311024,-99.94936256291716
2015,K65,17655335.173034,485.278267383681,36381.87893354591,PACIFICO,30809.458496419713,18.086719822660147
2016,K65,16109600.7716892,471.40775092139,34173.38968271561,PACIFICO,37452.724699765444,-8.755931760207469
2017,K65,16296255.4095029,484.381041688865,33643.46249531904,PACIFICO,44095.990903111175,-23.70403339105972
2018,K65,17525318.2603515,296.072604331337,59192.637224681515,PACIFICO,50739.25710645877,16.660433361265525
2019,K65,16425877.8093114,287.72612721086,57088.58617929299,PACIFICO,57382.5233098045,-0.5122415564135396
2020,K65,4720.0,24.164,195.33189869226948,PACIFICO,64025.78951315023,-99.69491684495019
2021,K65,5130.0,27.825,184.36657681940702,PACIFICO,70669.05571649596,-99.7391127206241
2022,K65,5858.0,30.95,189.27302100161552,PACIFICO,77312.32191984169,-99.7551838875078
2015,K66,12629100.9281944,438.277987509556,28815.275437302316,PACIFICO,21429.98959292844,34.46238651842792
2016,K66,12356729.7427234,461.217293790828,26791.557708431123,PACIFICO,31692.796535033733,-15.464835427775203
2017,K66,13625883.5544139,456.741856980332,29832.789235694356,PACIFICO,41955.603477139026,-28.894386534209215
2018,K66,15154802.7877527,245.913288023252,61626.61200447109,PACIFICO,52218.410419240594,18.017020261045545
2019,K66,15176561.2038731,242.00493875163897,62711.78299980176,PACIFICO,62481.21736134589,0.369015919012039
2020,K66,4311.0,34.824,123.79393521709167,PACIFICO,72744.02430345118,-99.82982253676165
2021,K66,4824.0,32.713,147.4643108244429,PACIFICO,83006.83124555275,-99.82234677723305
2022,K66,5014.0,37.092,135.17739674323306,PACIFICO,93269.63818765804,-99.85506816647958
2015,L,202925194.5113984,1887.255517,107523.96412859361,PACIFICO,107455.53453601245,0.06368177579372247
2016,L,212711365.6744676,1939.544378,109670.79077293872,PACIFICO,108829.76147949276,0.77279347304684
2017,L,221184119.5441185,2017.5106879999998,109632.19221573636,PACIFICO,110203.98842297355,-0.5188525528155852
2018,L,228408774.67217672,2077.8601,109925.00153026507,PACIFICO,111578.21536645386,-1.4816636300904906
2019,L,234633110.64250332,2053.358106,114267.99346733303,PACIFICO,112952.44230993418,1.164694742756489
2020,L,243298746.0028082,2136.731131,113864.93250039525,PACIFICO,114326.66925341496,-0.4038749279017595
2021,L,246497667.20369232,2218.225341,111123.81715582084,PACIFICO,115700.89619689528,-3.9559581572171654
2022,L,244301091.2128279,2184.573213,111830.12304601936,PACIFICO,117075.12314037606,-4.480029534598751
2023,L,247555520.0828487,2212.408618,111894.12212045935,PACIFICO,118449.35008385638,-5.534203403189841
2024,L,319969.712797471,186.503,1715.6276992727785,PACIFICO,119823.57702733716,-98.56820523820502
2015,L68A,18106.0,26.411,685.5476884631403,PACIFICO,643.8796496298892,6.471401737452398
2016,L68A,19297.0,32.256,598.2452876984127,PACIFICO,620.5264988059935,-3.590694539307171
2017,L68A,20772.0,36.884,563.1710226656545,PACIFICO,597.1733479820905,-5.693878575012312
2018,L68A,22127.0,40.825,541.9963257807716,PACIFICO,573.8201971581948,-5.5459657110413225
2019,L68A,23810.0,39.889,596.9064153024643,PACIFICO,550.4670463342918,8.43635768524651
2020,L68A,25464.0,32.271,789.0675838988566,PACIFICO,527.1138955103961,49.695841946039934
2021,L68A,27240.0,45.027,604.9703511226597,PACIFICO,503.7607446864931,20.090808484720803
2015,LDI,273.9338013035675,19857.721735024676,0.01379482525532666,PACIFICO,0.013895377679828194,-0.7236393771973937
2016,LDI,280.6242656654659,19994.119567203867,0.014035339976948561,PACIFICO,0.013933880066552135,0.7281526029492502
2017,LDI,285.5223696700783,20261.28989462928,0.014092013448056067,PACIFICO,0.013972382453276075,0.8561961081443359
2018,LDI,286.8236628585281,20680.24359992435,0.01386945281725682,PACIFICO,0.014010884840000015,-1.0094439027820479
2019,LDI,293.7719443196792,20878.897098575526,0.014070280768792236,PACIFICO,0.014049387226723956,0.14871497049022686
2020,LDI,300.0,20497.326251389295,0.014636055274754003,PACIFICO,0.014087889613447896,3.8910417127547836
2021,LDI,304.27750382004916,20296.852675569146,0.014991363867280812,PACIFICO,0.014126392000171836,6.123091211814402
2022,LDI,209.9221940040512,15364.8,0.013662539961734041,PACIFICO,0.014164894386895777,-3.5464749078995883
2023,LDI,98.94675268601534,14868.0,0.00665501430495126,PACIFICO,0.014203396773619717,-53.1449102561736
2015,LTN,381670588.603596,15676.419303,24346.79637144916,PACIFICO,24160.852592081646,0.7696076893762172
2016,LTN,399054615.1807449,16178.96487,24665.02760758791,PACIFICO,24687.716853384743,-0.09190499847183675
2017,LTN,414528106.5827913,16604.413215999997,24964.935598166903,PACIFICO,25214.581114687608,-0.990083933519259
2018,LTN,432259459.2924702,16908.23268,25565.02902895172,PACIFICO,25741.445375990705,-0.6853397098032787
2019,LTN,450890489.80495,16994.779766,26531.11696728239,PACIFICO,26268.3096372938,1.0004729410356683
2020,LTN,465065499.4530711,16801.730813000002,27679.618524374644,PACIFICO,26795.173898596666,3.3007609098752555
2021,LTN,482434673.6710534,17441.833387,27659.630898127296,PACIFICO,27322.038159899763,1.2356059831693411
2022,LTN,497057793.2583605,17738.446138,28021.49576075571,PACIFICO,27848.90242120286,0.6197491626149132
2023,LTN,514344033.0460819,17926.696324,28691.51257711024,PACIFICO,28375.766682505724,1.112730796448158
2024,LTN,573209.658791186,1427.501,401.5476408010825,PACIFICO,28902.63094380882,-98.61068827408221
2015,M,78061812.9513603,2424.9775195156863,32190.736748335185,PACIFICO,30478.878854280338,5.616538266513182
2016,M,80461809.7060099,2462.3373500289604,32677.004921792523,PACIFICO,33772.33521541953,-3.243276743051249
2017,M,83054358.5022189,2550.8590583850532,32559.36788401024,PACIFICO,37065.79157655779,-12.157904906036421
2018,M,88050211.1060835,1922.0465593025056,45810.654627448865,PACIFICO,40359.247937696986,13.507205828431879
2019,M,83343089.0,1980.06,42091.19370120097,PACIFICO,43652.70429883618,-3.5771222487053
2020,M,89368348.0,1939.094,46087.682185598016,PACIFICO,46946.16065997444,-1.8286446906580545
2021,M,98762550.0,2064.515,47838.1363177308,PACIFICO,50239.617021113634,-4.78005376190187
2022,M,106334224.0,2163.682,49145.033327448305,PACIFICO,53533.073382251896,-8.196876767135851
2023,M,111663365.0,2034.652,54880.817456744444,PACIFICO,56826.52974339109,-3.42395056575302
2024,M,160167.945993715,858.774,186.50767954515973,PACIFICO,60119.98610452935,-99.68977424708501
2015,M69,15856537.04907961,201.8973838277808,78537.60533422907,PACIFICO,80614.33234069217,-2.576126286931757
2016,M69,17918373.8973673,216.36823375589188,82814.25413669056,PACIFICO,79960.5803941593,3.568850711768601
2017,M69,17543393.04540298,226.97093343547039,77293.56697733591,PACIFICO,79306.82844762667,-2.538572667321193
2018,M69,18418585.8403357,223.4574120281299,82425.48623993318,PACIFICO,78653.0765010938,4.796264693838026
2019,M69,17988924.166564886,238.37999345971798,75463.22954994415,PACIFICO,77999.32455456117,-3.2514320080336057
2020,M69,14267681.097282201,198.49990858442,71877.51973807233,PACIFICO,77345.57260802854,-7.0696391345722915
2021,M69,10398.538020999,63.274,164.34140438409142,PACIFICO,76691.82066149567,-99.78571195341748
2022,M69,11545.8281896277,72.706,158.80158707159933,PACIFICO,76038.06871496304,-99.79115515457542
2015,M69T71,49904580.23470225,785.4950680423141,63532.64618080826,PACIFICO,61870.308877528645,2.6868094461435232
2016,M69T71,53058567.24034472,831.2039800127272,63833.38929576865,PACIFICO,64002.29797804635,-0.2639103401187892
2017,M69T71,52969712.70538326,839.6331665754836,63086.73217546278,PACIFICO,66134.28707856406,-4.608131481754607
2018,M69T71,56195728.830281526,823.7576658987218,68218.76281900435,PACIFICO,68266.27617908083,-0.0696000466640978
2019,M69T71,52346631.8979818,727.037514214116,71999.90492177749,PACIFICO,70398.26527959853,2.275112370763366
2020,M69T71,54238906.129023604,783.478342357518,69228.341355061,PACIFICO,72530.25438011624,-4.5524630421818095
2021,M69T71,27232.3305758829,170.539,159.68388800147125,PACIFICO,74662.24348063301,-99.78612498023463
2022,M69T71,30236.9245943366,175.786,172.0098562703321,PACIFICO,76794.23258115072,-99.7760120122451
2015,M69_70,22337620.933272302,429.088382318721,52058.321440826665,PACIFICO,49917.31075947452,4.289114635338742
2016,M69_70,26071899.73202943,462.21362693634387,56406.60121779589,PACIFICO,53963.59054923337,4.527146254906178
2017,M69_70,24455759.117535967,468.2983726654908,52222.60111291249,PACIFICO,58009.870338992216,-9.97635263147576
2018,M69_70,26617900.809022553,461.0149092454722,57737.61384981494,PACIFICO,62056.15012875013,-6.959078624721915
2019,M69_70,23642747.105171274,330.094332077039,71624.21407361038,PACIFICO,66102.42991850898,8.353375453683999
2020,M69_70,29604949.338914927,423.75080587882,69864.05436449141,PACIFICO,70148.70970826782,-0.4057884242778309
2021,M69_70,18490.2418071906,91.39,202.32237451789692,PACIFICO,74194.98949802667,-99.72730992229162
2022,M69_70,20530.3048043271,101.691,201.88910330636045,PACIFICO,78241.26928778552,-99.74196596611466
2015,M70,6481083.884192664,227.1849984909402,28527.78100333557,PACIFICO,23782.189999397844,19.95439025614496
2016,M70,8153525.834662081,245.84539318045202,33165.257762944304,PACIFICO,30540.817368043587,8.593222516849863
2017,M70,6912366.072132933,241.3274392300204,28643.10040411292,PACIFICO,37299.44473669119,-23.207702939510753
2018,M70,8199314.968686877,237.5574972173423,34515.07557004312,PACIFICO,44058.072105336934,-21.66004112135863
2019,M70,5653822.938606392,91.7143386173212,61646.0089430183,PACIFICO,50816.69947398268,21.31053291758953
2020,M70,15337268.241632728,225.2508972944,68089.70985623696,PACIFICO,57575.32684263028,18.26195974943481
2021,M70,8091.70378619157,28.116,287.7971185869814,PACIFICO,64333.954211276025,-99.55265128326818
2022,M70,8984.47661469936,28.985,309.96986767981235,PACIFICO,71092.58157992177,-99.56399126211032
2015,M71,27566959.30142995,356.4116857235931,77345.8346222937,PACIFICO,76557.1852627307,1.0301441423904212
2016,M71,26986667.508315284,368.99035307638337,73136.51233242099,PACIFICO,76390.68274850928,-4.259904871909004
2017,M71,28513953.5878473,371.33479390999287,76787.72378857323,PACIFICO,76224.18023428792,0.7393238635734267
2018,M71,29577828.02125898,362.7467566532496,81538.50442150884,PACIFICO,76057.67772006651,7.206145212078052
2019,M71,28703884.79281052,396.943182137077,72312.32600664285,PACIFICO,75891.17520584515,-4.715764632047314
2020,M71,24633956.790108677,359.72753647869797,68479.48597776426,PACIFICO,75724.67269162374,-9.5678019545417
2021,M71,8742.08876869232,79.149,110.45103246651657,PACIFICO,75558.17017740238,-99.8538198685765
2022,M71,9706.61979000953,74.095,131.00235899871151,PACIFICO,75391.66766318097,-99.8262376160931
2015,M72,19209447.399711315,216.49999996262062,88727.23973684935,PACIFICO,86490.6763075525,2.5859011916427255
2016,M72,17665340.86616702,237.20652708267906,74472.40631793287,PACIFICO,82672.22058581468,-9.918463795671627
2017,M72,19648938.75751732,238.24339254690832,82474.22330358476,PACIFICO,78853.76486407686,4.591357743981672
2018,M72,20197626.57133663,242.03968820469098,83447.58134978122,PACIFICO,75035.30914233904,11.211084892692892
2019,M72,19506188.446714137,299.416344284529,65147.37361223615,PACIFICO,71216.85342060123,-8.52253296353771
2020,M72,23546298.2986007,242.855722812858,96955.91286002028,PACIFICO,67398.39769886341,43.85492262474857
2021,M72,185.461342666242,16.333,11.35500781646005,PACIFICO,63579.94197712559,-99.98214058166246
2022,M72,205.923639834553,17.352,11.867429681567138,PACIFICO,59761.486255387776,-99.98014201047334
2015,M73,4771132.312722627,82.5002248359846,57831.74921290123,PACIFICO,58349.94066627696,-0.8880753732714908
2016,M73,4986798.545285817,81.3210497004541,61322.35827814174,PACIFICO,60510.985146560706,1.3408691489914526
2017,M73,4979244.998208913,81.0255111240409,61452.80577849427,PACIFICO,62672.02962684352,-1.9454034847900203
2018,M73,5584707.516079357,83.4657521335383,66910.16822258172,PACIFICO,64833.074107127264,3.2037569466818017
2019,M73,5581935.193637068,84.7763550257869,65843.06664209826,PACIFICO,66994.11858741101,-1.718138800215585
2020,M73,5901397.067295622,82.83101655693251,71246.22288366334,PACIFICO,69155.16306769382,3.023721907679766
2021,M73,1991.80400890869,14.035,141.91692261551052,PACIFICO,71316.20754797757,-99.80100326770737
2022,M73,2211.56347438753,16.214,136.3983887003534,PACIFICO,73477.25202826131,-99.81436650808894
2015,M73T75,8865315.316946717,165.9454515107514,53423.0690641879,PACIFICO,54911.21598512493,-2.7100964606942224
2016,M73T75,9647243.599498212,170.993842933554,56418.66066047189,PACIFICO,57057.69766184781,-1.1199838541736562
2017,M73T75,10340066.039318265,170.0854992626612,60793.34266673853,PACIFICO,59204.17933856975,2.6842080169388938
2018,M73T75,11556378.704465339,174.9852051990926,66042.03304683306,PACIFICO,61350.6610152917,7.6468157863401665
2019,M73T75,11384580.655304065,191.841141501355,59343.7912546181,PACIFICO,63497.142692013644,-6.541005250489684
2020,M73T75,11471723.572375694,183.143934829624,62637.74764393734,PACIFICO,65643.62436873652,-4.579084037033699
2021,M73T75,4522.20808145084,45.573,99.22998445243543,PACIFICO,67790.10604545847,-99.85362173001191
2022,M73T75,5021.15176582882,51.818,96.89976004146861,PACIFICO,69936.58772218041,-99.86144625696295
2015,M74,3253914.565338956,65.0901290200122,49990.90667555027,PACIFICO,53536.911636102945,-6.623476872658085
2016,M74,3755823.6582560763,69.8315123486723,53784.08016574318,PACIFICO,56201.728083490394,-4.301732349147125
2017,M74,4411499.333557015,67.25549718740946,65593.14134968388,PACIFICO,58866.54453087691,11.42685862133237
2018,M74,4859277.284520522,69.90244021819103,69515.13093610099,PACIFICO,61531.36097826436,12.975123304450964
2019,M74,4601559.136280271,82.9865402397291,55449.46352730722,PACIFICO,64196.17742565181,-13.624976204345673
2020,M74,4594164.64336241,77.64605112031501,59168.0398046722,PACIFICO,66860.99387303833,-11.505892483402514
2021,M74,1504.01527203308,20.873,72.05553931074019,PACIFICO,69525.81032042578,-99.89636145342477
2022,M74,1669.95609290486,21.616,77.25555574134253,PACIFICO,72190.62676781323,-99.89298395207203
2015,M74_75,4094183.0042240927,83.45122667476681,49060.7887668361,PACIFICO,51424.989557807334,-4.59737728933054
2016,M74_75,4660445.054212395,89.6727932330999,51971.67263539794,PACIFICO,53780.19707658328,-3.362807389139899
2017,M74_75,5360821.041109362,89.05498813862025,60196.75206474536,PACIFICO,56135.4045953583,7.234912616489608
2018,M74_75,5971671.188385971,91.51945306555427,65250.29366279686,PACIFICO,58490.612114134245,11.556865801767092
2019,M74_75,5802645.461666986,107.0647864755681,54197.515847016,PACIFICO,60845.81963291019,-10.926475846663209
2020,M74_75,5570326.505080062,100.3129182726914,55529.50308890071,PACIFICO,63201.02715168614,-12.138290164767929
2021,M74_75,2530.40407254215,31.538,80.23349840009354,PACIFICO,65556.23467046209,-99.877611185567
2022,M74_75,2809.58829144129,35.604,78.91215288847573,PACIFICO,67911.44218923803,-99.88380138847798
2015,M75,840268.4388851369,18.361097654754616,45763.51886389259,PACIFICO,44427.799151484855,3.0064953428220687
2016,M75,904621.395956323,19.84228088442755,45590.595215607515,PACIFICO,45838.48118752055,-0.5407813816931673
2017,M75,949321.7075523443,21.798490951210788,43549.88194720032,PACIFICO,47249.16322355624,-7.829305375955586
2018,M75,1112393.9038654456,21.617012847363238,51459.18687840958,PACIFICO,48659.84525959194,5.752878176828613
2019,M75,1201086.3253867147,24.078246235839,49882.63321267024,PACIFICO,50070.52729562763,-0.37525884608329285
2020,M75,976161.8617176488,22.6668671523764,43065.583574274744,PACIFICO,51481.209331663325,-16.346985369305578
2021,M75,1026.38880050907,10.67,96.19388945726992,PACIFICO,52891.891367699485,-99.81813112186036
2022,M75,1139.63219853643,13.988,81.4721331524471,PACIFICO,54302.57340373518,-99.8499663495748
2015,MED,18024622.63518309,141.5983006168322,127294.06042773121,PACIFICO,129483.98338482343,-1.6912693754437713
2016,MED,19758463.13602921,142.05646217804352,139088.8019671034,PACIFICO,137781.8074119445,0.9485973364039557
2017,MED,21592623.26110094,145.1421460226816,148768.8025346313,PACIFICO,146079.63143906556,1.8408939487826403
2018,MED,22934857.27216452,149.0846467909398,153837.82143795054,PACIFICO,154377.45546618663,-0.34955494415069843
2019,MED,17864837.61090462,110.6807801543163,161408.67082791278,PACIFICO,162675.2794933077,-0.7786116423712852
2020,MED,20463746.64098518,116.9559194305722,174969.73851873266,PACIFICO,170973.10352042876,2.337581125926258
2015,MHDI,507578926.4199901,6052.740286111536,83859.3599637288,PACIFICO,85059.21217898745,-1.410608192248286
2016,MHDI,533040892.2098274,6059.1606870725145,87972.72753421008,PACIFICO,88700.62843266875,-0.8206265404435142
2017,MHDI,586782615.9519336,6211.921799738964,94460.72163635274,PACIFICO,92342.04468634911,2.2943795074063855
2018,MHDI,622978694.8556726,6309.972910878328,98729.2185964323,PACIFICO,95983.4609400304,2.8606570647805807
2019,MHDI,616368366.6918272,6374.804723812922,96688.1957010226,PACIFICO,99624.8771937117,-2.9477391344523096
2020,MHDI,622198150.4541645,6341.108760634056,98121.34974198898,PACIFICO,103266.29344739206,-4.982210103264839
2021,MHDI,67037.0,612.5,109.44816326530612,PACIFICO,106907.70970107336,-99.89762369470702
2022,MHDI,70665.0,638.7,110.63879755753874,PACIFICO,110549.12595475465,-99.89991888529013
2015,MLDI,100043214.17757058,18309.863202540288,5463.897412608234,PACIFICO,5463.574342043303,0.005913172306359904
2016,MLDI,103313774.74855626,18782.58493389075,5500.508854994708,PACIFICO,5472.80435634686,0.5062212504585162
2017,MLDI,103700168.21163134,18995.252819927977,5459.267596735495,PACIFICO,5482.034370650417,-0.4152979054055206
2018,MLDI,105174755.02246581,19289.653429294984,5452.392154580552,PACIFICO,5491.2643849539745,-0.7078921655990889
2019,MLDI,106613495.6827058,19264.809686378812,5534.1058343331,PACIFICO,5500.494399257532,0.6110620725312321
2020,MLDI,106426170.39156511,19467.902748201806,5466.750669965998,PACIFICO,5509.724413561089,-0.7799617615959153
2021,MLDI,109563236.26002733,19866.416342388533,5514.99748982179,PACIFICO,5518.954427864646,-0.07169724074688189
2022,MLDI,105581532.4516053,14669.11882557104,7197.537473590901,PACIFICO,5528.1844421682035,30.19712979706519
2015,M_N,178745394.0921976,13789.163786,12962.743561990033,PACIFICO,12768.409670584486,1.5219897890122347
2016,M_N,186343249.5062773,14239.420492,13086.43491573051,PACIFICO,13136.50241874007,-0.3811326745400412
2017,M_N,193343987.0386728,14586.902528,13254.62939562002,PACIFICO,13504.595166895655,-1.8509682681076223
2018,M_N,203850684.62029362,14830.372580000001,13745.48640100946,PACIFICO,13872.687915051356,-0.916920461418913
2019,M_N,216257379.1624467,14941.42166,14473.681560128509,PACIFICO,14240.78066320694,1.6354503480507931
2020,M_N,221766753.4502629,14664.999681999998,15122.179219851068,PACIFICO,14608.873411362525,3.5136577204461394
2021,M_N,235937006.4673612,15223.608046,15498.100434170967,PACIFICO,14976.96615951811,3.4795716909707286
2022,M_N,252756702.04553258,15553.872925,16250.402923073425,PACIFICO,15345.058907673694,5.8999057667155075
2023,M_N,266788561.105091,15714.287706,16977.451736690953,PACIFICO,15713.151655829279,8.046126636807728
2024,M_N,253239.945993715,1240.998,204.0615262826491,PACIFICO,16081.244403984863,-98.73105885865347
2015,N,58441367.76150239,2153.748666484314,27134.72034640864,PACIFICO,25885.081375616603,4.827641654505999
2016,N,62121839.800268,2200.36364197104,28232.533302822867,PACIFICO,29015.362278806046,-2.6979810503865
2017,N,66183228.53645389,2209.481469614947,29954.19035941851,PACIFICO,32145.64318199549,-6.817262327494489
2018,N,70814173.51421002,1913.4435206974952,37008.760775126815,PACIFICO,35275.924085184,4.912236135213277
2019,N,67904502.0,1768.4379999999999,38398.0111262029,PACIFICO,38406.20498837344,-0.021334735293476736
2020,N,67495518.0,1750.781,38551.66237239267,PACIFICO,41536.48589156289,-7.186028030783687
2021,N,67574493.0,1783.2649999999999,37893.691066667045,PACIFICO,44666.76679475233,-15.163568384540028
2022,N,71570099.0,1834.7559999999999,39007.96563684763,PACIFICO,47797.04769794084,-18.38833669526383
2023,N,75330035.0,1682.454,44773.90466544702,PACIFICO,50927.328601130284,-12.082754200358137
2024,N,93072.0,382.224,243.5011930177069,PACIFICO,54057.60950431973,-99.54955242148054
2015,N77,11774964.97083882,161.6540121246185,72840.5365018812,PACIFICO,56037.987137012184,29.984212894347895
2016,N77,13012945.16898801,160.979478993361,80836.04972733624,PACIFICO,84637.89774333686,-4.491897976400194
2017,N77,13523301.54424468,168.65187447542291,80184.70939802917,PACIFICO,113237.80834966153,-29.189101620166735
2018,N77,13735301.98961588,90.2811127012969,152139.26344771966,PACIFICO,141837.71895599365,7.262909025576003
2019,N77,14116424.3843667,78.3425453998584,180188.48267332677,PACIFICO,170437.62956231833,5.721068250038752
2020,N77,13369048.0304893,70.9741930740894,188364.91760509988,PACIFICO,199037.54016865045,-5.362115385121491
2021,N77,3842.0,16.058,239.2576908705941,PACIFICO,227637.45077497512,-99.89489528631775
2022,N77,4358.0,17.436,249.9426473961918,PACIFICO,256237.3613812998,-99.90245659491308
2015,N78,3280172.7803128646,620.1330858272573,5289.465850603851,PACIFICO,5788.510880692047,-8.621302445034573
2016,N78,3430121.043097359,671.0840317340726,5111.313756391983,PACIFICO,5404.271797261317,-5.420860605452793
2017,N78,3935956.4351151157,682.9909979270325,5762.823297907676,PACIFICO,5020.032713830471,14.796528756292272
2018,N78,3877271.9392972905,643.5021267933537,6025.266705206072,PACIFICO,4635.793630399625,29.97271202270213
2019,N78,1726016.8411272964,592.869310145094,2911.2939590428205,PACIFICO,4251.554546968895,-31.52401252576191
2020,N78,1544619.7998776564,566.827995790444,2725.023836770232,PACIFICO,3867.315463538049,-29.537068737671092
2021,N78,897.093319415449,30.56,29.355147886631183,PACIFICO,3483.076380107319,-99.15720631180282
2022,N78,1056.17912317328,27.851,37.92248476439912,PACIFICO,3098.8372966764728,-98.77623504773642
2015,N79,874017.7101227805,73.14004227010662,11949.920768366906,PACIFICO,8799.680554727092,35.79948378861935
2016,N79,945007.6983097091,67.92667714903881,13912.173213423283,PACIFICO,12977.75507678464,7.20015234614948
2017,N79,893098.4324325414,67.67662735133416,13196.55643884469,PACIFICO,17155.82959884219,-23.078296139434162
2018,N79,924089.5151205586,66.72976760919171,13848.235176429262,PACIFICO,21333.904120897874,-35.088134370754666
2019,N79,969347.8179090557,29.488320767150558,32872.26239714847,PACIFICO,25511.978642955422,28.850305408300557
2020,N79,559964.6981962494,15.993470203752508,35012.08249757243,PACIFICO,29690.05316501297,17.92529404706822
2021,N79,246.506680584551,6.63,37.18049480913288,PACIFICO,33868.127687068656,-99.89021981034007
2022,N79,290.220876826723,9.506,30.530283697319902,PACIFICO,38046.202209126204,-99.91975471420378
2015,N80T82,42465164.30022791,766.960526262331,55368.12240804051,PACIFICO,52839.41864688881,4.785638877010223
2016,N80T82,44684091.889872886,792.986454094568,56349.12382064986,PACIFICO,58314.718925336376,-3.3706672018829043
2017,N80T82,47775936.12466154,775.4579698611581,61609.96208887451,PACIFICO,63790.019203783944,-3.4175520592727993
2018,N80T82,52209673.07017632,752.220513593652,69407.4039815137,PACIFICO,69265.31948222965,0.2051307932254609
2019,N80T82,51024499.956596896,669.4768236878971,76215.48371984267,PACIFICO,74740.61976067722,1.973309779726251
2020,N80T82,51955500.4714368,730.3553409317141,71137.29106869703,PACIFICO,80215.92003912292,-11.317739628240965
2021,N80T82,1715.4,76.268,22.49173965490114,PACIFICO,85691.22031757049,-99.97375257398419
2022,N80T82,2019.6,89.726,22.50852595680182,PACIFICO,91166.52059601806,-99.97531053526048
2015,O,131351896.11988868,6383.377176040109,20577.179210546365,PACIFICO,19864.1548633324,3.5895025593570606
2016,O,137550919.95104915,6382.516622106138,21551.204343853213,PACIFICO,21637.593787981663,-0.39925624343883914
2017,O,144872634.235566,6577.257008649711,22026.299724192755,PACIFICO,23411.032712630462,-5.914873578774815
2018,O,153341370.23693362,6046.343539065713,25361.008557682464,PACIFICO,25184.471637279727,0.7009752793122548
2019,O,151788213.0,5511.6603,27539.471726876927,PACIFICO,26957.910561928526,2.1572931760138525
2020,O,157873447.0,5610.7022,28137.91239891506,PACIFICO,28731.34948657779,-2.0654688981454283
2021,O,167115012.0,5715.3007,29239.933429924346,PACIFICO,30504.78841122659,-4.146414537452559
2022,O,178042547.0,5814.9123,30618.26865385399,PACIFICO,32278.227335875854,-5.142657509499882
2023,O,184677243.0,5651.1322,32679.68903647308,PACIFICO,34051.66626052465,-4.0291045188648456
2024,O,148089.0,940.962,157.3804255644755,PACIFICO,35825.10518517392,-99.56069793863549
2015,OTQ,355850579.1860023,25634.782172999996,13881.552680436049,PACIFICO,13743.674362005899,1.0032129312617544
2016,OTQ,374420376.3284799,26267.996341000002,14253.861294478389,PACIFICO,14279.258117876481,-0.1778581435284643
2017,OTQ,392495298.4714716,26817.601715999997,14635.734493636688,PACIFICO,14814.841873746831,-1.2089726075817042
2018,OTQ,414885413.9308044,27235.394495,15233.317586311112,PACIFICO,15350.42562961718,-0.7628976950327715
2019,OTQ,439044098.2530977,27321.164356999998,16069.743313871963,PACIFICO,15886.009385487763,1.156576984979285
2020,OTQ,449491597.9355119,27605.375046999998,16282.756425885262,PACIFICO,16421.593141358113,-0.8454521694560069
2021,OTQ,479284030.9488019,27817.090483,17229.840455158643,PACIFICO,16957.176897228695,1.6079537271000977
2022,OTQ,507493960.83546376,28520.076588000004,17794.270617386595,PACIFICO,17492.760653099045,1.7236271064746678
2023,OTQ,531778237.98847765,29206.584475,18207.477784458657,PACIFICO,18028.344408969628,0.9936207752937465
2024,OTQ,509397.0,4224.629,120.57792530421015,PACIFICO,18563.928164839977,-99.35047192472666
2015,OTU,428374051.94492066,35195.012842,12171.441842286249,PACIFICO,12108.684940491687,0.5182800783320562
2016,OTU,450263703.1647759,35800.633165,12576.9759738487,PACIFICO,12561.599792582681,0.12240623423696029
2017,OTU,469601157.4394011,36407.363133,12898.521535984293,PACIFICO,13014.514644673793,-0.8912595809861368
2018,OTU,495553016.3583816,36975.333452,13402.259563167701,PACIFICO,13467.429496764904,-0.4839077391335711
2019,OTU,522746528.1020047,37276.80062,14023.37430808204,PACIFICO,13920.344348855899,0.7401394437100306
2020,OTU,521681632.635628,37003.321025,14098.238163087364,PACIFICO,14373.25920094701,-1.9134215421476974
2021,OTU,555974763.2366862,37213.18067,14940.264530650404,PACIFICO,14826.174053038005,0.7695206949834832
2022,OTU,598349676.099858,38134.224726,15690.621230642244,PACIFICO,15279.088905129116,2.69343498207526
2023,OTU,628668664.9682329,38870.793678,16173.291190708185,PACIFICO,15732.00375722011,2.8050300540104267
2024,OTU,575272.0,4686.336,122.75517589861246,PACIFICO,16184.918609311222,-99.24154591776575
2015,P,106179114.33667201,6853.923977210982,15491.726300103886,PACIFICO,14817.23012995068,4.552107001360661
2016,P,109485419.10214075,7080.055375559803,15463.92129644664,PACIFICO,15731.196421448607,-1.6990133352956627
2017,P,112655615.6474463,7221.418192593134,15600.206585874634,PACIFICO,16645.162712946534,-6.277836660972613
2018,P,116967792.93696931,6588.665054313813,17752.881952981767,PACIFICO,17559.12900444446,1.1034314315263805
2019,P,110696992.0,5851.6963000000005,18917.07742932592,PACIFICO,18473.09529594239,2.4033987064477014
2020,P,109669507.0,5860.99,18711.771731396915,PACIFICO,19387.061587440316,-3.4831985909658414
2021,P,116120186.0,5951.3174,19511.67753210407,PACIFICO,20301.027878938243,-3.8882284756285745
2022,P,120995432.0,5935.279,20385.80359912314,PACIFICO,21214.99417043617,-3.908511898007183
2023,P,123883375.0,5677.5962,21819.68752902857,PACIFICO,22128.960461934097,-1.3975935898007164
2024,P,131642.0,1196.873,109.98827778720047,PACIFICO,23042.926753432024,-99.52268095557429
2015,Q,118319568.72944161,17123.33801974891,6909.842496420953,PACIFICO,6835.569610403152,1.086564693961467
2016,Q,127384037.27529004,17722.55934333406,7187.677287885775,PACIFICO,7237.571695465362,-0.6893804949918203
2017,Q,134967048.5884593,18049.127514757154,7477.760267254406,PACIFICO,7639.573780527688,-2.1180960865346155
2018,Q,144576250.75690144,17593.071901620475,8217.794570804017,PACIFICO,8041.575865590014,2.191345429793734
2019,Q,145909498.0,17360.27,8404.79428027329,PACIFICO,8443.577950652223,-0.45932743921593966
2020,Q,150344895.0,17645.5294,8520.282480161803,PACIFICO,8845.580035714549,-3.6775152589128
2021,Q,159963045.0,17772.4912,9000.597789014519,PACIFICO,9247.582120776875,-2.670799010342906
2022,Q,169350675.0,18501.9626,9153.11951825046,PACIFICO,9649.5842058392,-5.1449334706910825
2023,Q,178940367.0,18544.8104,9649.080424138498,PACIFICO,10051.58629090141,-4.00440144584201
2024,Q,229666.0,2086.794,110.05686234482178,PACIFICO,10453.588375963736,-98.94718580465748
2015,Q86,56083598.39581664,2226.944654079536,25184.100688392587,PACIFICO,18707.19143274054,34.62256362179752
2016,Q86,60199801.8101671,2398.0843856472657,25103.2875116772,PACIFICO,30538.450270351022,-17.797768749092935
2017,Q86,67057188.755105145,2383.903904875431,28129.149257217716,PACIFICO,42369.709107961506,-33.610237479935655
2018,Q86,72475731.838673,991.732244568384,73079.93890045944,PACIFICO,54200.96794557199,34.831427685655925
2019,Q86,80328232.61088148,1330.99384494289,60352.06918205409,PACIFICO,66032.22678318247,-8.602099123173968
2015,Q87_88,15414219.604183367,1675.126345920464,9201.825069328379,PACIFICO,7816.325319794938,17.725717557131947
2016,Q87_88,17590815.189832896,1736.2966143527342,10131.227029081372,PACIFICO,10659.323282935657,-4.954313138243071
2017,Q87_88,17775485.24489485,1881.368095124569,9448.169813742856,PACIFICO,13502.321246075444,-30.025588626184994
2018,Q87_88,19656968.161327,959.067755431616,20495.911837303545,PACIFICO,16345.319209216163,25.39315736181591
2019,Q87_88,21651688.38911851,1187.40415505711,18234.47248091964,PACIFICO,19188.31717235688,-4.970965837542907
2015,R,20419445.0,650.115,31408.973796943617,PACIFICO,30804.573001650162,1.9620489310502087
2016,R,21804557.0,615.41,35430.94359857656,PACIFICO,34435.64921270963,2.89030237158876
2017,R,22329081.0,661.0,33780.75794251134,PACIFICO,38066.72542376816,-11.259091591263426
2018,R,25377742.0,565.631,44866.250258560794,PACIFICO,41697.80163482763,7.598598725854067
2019,R,27148175.0,605.355,44846.70152224728,PACIFICO,45328.877845887095,-1.0637287895790437
2020,R,20081129.0,574.655,34944.669410341856,PACIFICO,48959.95405694563,-28.62601674483295
2021,R,22405746.0,586.126,38226.842010079745,PACIFICO,52591.030268005095,-27.313000305803325
2022,R,26206688.0,598.861,43760.886082079145,PACIFICO,56222.10647906456,-22.16427163152559
2023,R,31260498.0,590.24,52962.350908105174,PACIFICO,59853.182690123096,-11.512891165192851
2024,R,20978.0,246.62,85.0620387640905,PACIFICO,63484.25890118256,-99.86601081868736
2015,R90T92,10353822.04684098,264.8479902126553,39093.45144936743,PACIFICO,29894.83135804534,30.76993471263234
2016,R90T92,10755213.592056328,248.71321329248178,43243.43467593904,PACIFICO,46730.52910090983,-7.462133410560712
2017,R90T92,11051450.447274694,274.42560106485473,40271.20794995696,PACIFICO,63566.22684376687,-36.64684857112005
2018,R90T92,13026369.459016822,129.4111786715951,100658.7652838991,PACIFICO,80401.92458663136,25.19447239778625
2019,R90T92,14285015.932765588,151.061444228924,94564.27485968926,PACIFICO,97237.6223294884,-2.7492933349815285
2020,R90T92,8240284.8636761205,170.794321397443,48246.831605722735,PACIFICO,114073.32007234544,-57.705420009582845
2021,R90T92,3340.58435809149,29.011,115.1488869081207,PACIFICO,130909.01781520993,-99.91203899560941
2022,R90T92,4053.12346286276,27.466,147.56875638472147,PACIFICO,147744.71555806696,-99.90011909676274
2015,R93,10065622.95315902,385.267009787345,26126.355741476335,PACIFICO,22556.45293752849,15.826525623664821
2016,R93,11049343.407943672,366.695786707518,30132.17988445772,PACIFICO,31025.3613255471,-2.8788752263584794
2017,R93,11277630.552725306,386.57439893514504,29173.247332959923,PACIFICO,39494.26971356571,-26.132961706747704
2018,R93,12335620.540983178,216.394821328405,57005.15597026419,PACIFICO,47963.178101584315,18.85191562896289
2019,R93,12848694.067234412,233.466555771076,55034.409638668374,PACIFICO,56432.08648960665,-2.476741403484506
2020,R93,11826749.13632392,212.186678602557,55737.47237203513,PACIFICO,64900.99487762526,-14.119232721884313
2021,R93,780.41564190851,33.098,23.57893654929331,PACIFICO,73369.90326564386,-99.96786293084791
2022,R93,946.876537137237,44.132,21.45555463466956,PACIFICO,81838.81165366247,-99.97378315471458
2015,RTU,72523473.75891837,9560.230669,7585.954384352143,PACIFICO,7660.621958854317,-0.9746933721989981
2016,RTU,75843327.83629596,9532.636824,7956.175110473921,PACIFICO,7857.535973334336,1.2553443913503104
2017,RTU,77105859.96792948,9589.761417,8040.435691261524,PACIFICO,8054.449987814412,-0.1739944574004504
2018,RTU,80667591.42757717,9739.938957,8282.145481990125,PACIFICO,8251.364002294431,0.373047167560836
2019,RTU,83702402.848907,9955.636262999999,8407.539270994257,PACIFICO,8448.278016774508,-0.48221360257512114
2020,RTU,72189995.70011611,9397.945978,7681.465276466619,PACIFICO,8645.192031254526,-11.147545957380645
2021,RTU,76690944.7878844,9396.090187,8162.006032465554,PACIFICO,8842.106045734603,-7.691606612172741
2022,RTU,90859000.78705305,9614.148138,9450.551362728862,PACIFICO,9039.020060214621,4.552830945973896
2023,RTU,96896115.24443299,9664.209203,10026.284945730906,PACIFICO,9235.93407469464,8.557346389053745
2024,RTU,65875.0,461.707,142.677065758154,PACIFICO,9432.848089174717,-98.48744446630184
2015,S,25134095.0,1114.565,22550.587000309537,PACIFICO,22186.6510950597,1.6403372626654589
2016,S,26746973.0,1153.8650000000002,23180.331321255082,PACIFICO,23583.724258868024,-1.7104717354438082
2017,S,27043211.0,1097.167,24648.217636877525,PACIFICO,24980.797422676347,-1.3313417509119296
2018,S,27547580.0,1027.992,26797.465349924903,PACIFICO,26377.870586484205,1.5907074912093089
2019,S,28399359.0,1024.2350000000001,27727.38580501545,PACIFICO,27774.94375029253,-0.1712260723357173
2020,S,26929908.0,926.0899999999999,29079.14781500718,PACIFICO,29172.016914100852,-0.31834994257383675
2021,S,26986221.0,936.369,28820.070933574265,PACIFICO,30569.09007790871,-5.721528314637025
2022,S,29211959.0,972.9680000000001,30023.55575928499,PACIFICO,31966.163241717033,-6.077074273013993
2023,S,31765789.0,885.51,35872.87438877032,PACIFICO,33363.23640552536,7.522165873660058
2024,S,44897.0,210.267,213.5237578887795,PACIFICO,34760.309569333214,-99.38572538468658
2015,S94,8104026.260450581,434.765809878106,18639.980597192505,PACIFICO,16018.86671654787,16.362667391051854
2016,S94,6759705.351548481,432.952034987047,15613.058272726947,PACIFICO,17398.506312788,-10.262076571186673
2017,S94,7602379.440684161,423.651634758331,17944.883996543253,PACIFICO,18778.145909028128,-4.437402481169672
2018,S94,7521880.362509684,450.514565951928,16696.197927843034,PACIFICO,20157.785505268257,-17.1724596261853
2019,S94,12115293.523891449,484.67748744064596,24996.60875083475,PACIFICO,21537.42510150792,16.06126838757822
2020,S94,12418507.46619704,447.577922324892,27746.023310735556,PACIFICO,22917.06469774805,21.071453419870245
2021,S94,337.362982929021,52.426,6.435031910293003,PACIFICO,24296.70429398818,-99.97351479512434
2022,S94,387.026055705301,64.36,6.013456427987896,PACIFICO,25676.34389022831,-99.97657977921742
2015,S95,3059186.942142837,59.8603750035958,51105.37550022152,PACIFICO,52641.23670773208,-2.9176009219497923
2016,S95,3056142.3903310243,55.5588863461132,55007.26510773243,PACIFICO,58578.571233140305,-6.096608452934471
2017,S95,3916229.7153479448,54.300544218427106,72121.37137327173,PACIFICO,64515.90575854853,11.788512499827153
2018,S95,3909780.2172684856,54.2274339767686,72099.67226078708,PACIFICO,70453.24028395675,2.3369144842657397
2019,S95,3610415.9885186446,49.9740298001956,72245.8445507333,PACIFICO,76390.57480936311,-5.425708955552722
2020,S95,3327998.5310029676,59.887503759654095,55570.834015042434,PACIFICO,82327.90933477134,-32.50061314071048
2021,S95,1208.37286612758,4.02,300.5902652058657,PACIFICO,88265.24386017956,-99.65944662693957
2022,S95,1386.25696316262,3.609,384.11110090402326,PACIFICO,94202.57838558778,-99.59224990707601
2015,S951,772718.586417651,16.3961956102787,47127.919475005365,PACIFICO,50720.46260318905,-7.0830251614420465
2016,S951,786664.083289601,14.7255139568365,53421.842225369845,PACIFICO,59456.43003254384,-10.149596610275669
2017,S951,1061258.78636534,13.6059538054317,77999.58764681897,PACIFICO,68192.3974618949,14.381647441570312
2018,S951,1210880.4046357,13.4860056730446,89787.92045564456,PACIFICO,76928.36489124596,16.716273097157618
2019,S951,1065173.90503407,14.6668233847086,72624.71750662816,PACIFICO,85664.33232059702,-15.221755030049577
2020,S951,867522.456259942,15.5236226588797,55884.02110274876,PACIFICO,94400.29974995181,-40.80101307858688
2015,S96,13940898.797406571,321.24781511829894,43396.08906685594,PACIFICO,49486.59273624292,-12.307381318104838
2016,S96,16899855.258120485,304.81807866684,55442.43088216459,PACIFICO,49172.24566684209,12.751472157291799
2017,S96,15492103.843967874,304.744821023242,50836.31541940571,PACIFICO,48857.898597441264,4.049328519561124
2018,S96,16081519.42022185,320.74400007130305,50138.176915692406,PACIFICO,48543.551528040436,3.2849376229319827
2019,S96,12641749.487589896,284.234482759159,44476.480703087866,PACIFICO,48229.20445863961,-7.781019400330358
2020,S96,11151268.00279998,239.268573915454,46605.65246959804,PACIFICO,47914.85738923878,-2.7323569159464434
2021,S96,5281.2641509434,28.621,184.52409597649978,PACIFICO,47600.51031983795,-99.61234849219758
2022,S96,6058.71698113208,30.014,201.86302995708937,PACIFICO,47286.16325043712,-99.5731033856818
2015,T,2213100.0,7.106,311441.0357444413,PACIFICO,421915.47163951397,-26.184021047102625
2016,T,2789400.0,10.025,278244.38902743143,PACIFICO,484342.85248981416,-42.552184346875855
2017,T,2830000.0,4.289,659827.4656096993,PACIFICO,546770.2333400995,20.677283688059966
2018,T,2951500.0,2.045,1443276.283618582,PACIFICO,609197.6141903996,136.9143033392606
2019,T,3015100.0,73.428,41061.9927003323,PACIFICO,671624.9950406849,-93.88617264045617
2020,T,2602800.0,97.06,26816.40222542757,PACIFICO,734052.3758909851,-96.34679988701377
2021,T,2580300.0,88.292,29224.618311964845,PACIFICO,796479.7567412853,-96.3307770141536
2022,T,2770700.0,79.101,35027.370071174824,PACIFICO,858907.1375915706,-95.92186762245407
2023,T,0.0,73.879,0.0,PACIFICO,921334.5184418708,-100.0
2024,T,0.0,3.016,0.0,PACIFICO,983761.8992921561,-100.0
2015,U,0.0,3.234,0.0,PACIFICO,0.0,
2016,U,0.0,1.64,0.0,PACIFICO,0.0,
2017,U,0.0,1.697,0.0,PACIFICO,0.0,
2018,U,0.0,3.7859999999999996,0.0,PACIFICO,0.0,
2019,U,0.0,13.967,0.0,PACIFICO,0.0,
2020,U,0.0,18.934,0.0,PACIFICO,0.0,
2021,U,0.0,17.866,0.0,PACIFICO,0.0,
2022,U,0.0,17.206000000000003,0.0,PACIFICO,0.0,
2023,U,0.0,19.143,0.0,PACIFICO,0.0,
2024,U,0.0,1.804,0.0,PACIFICO,0.0,
2015,_T,2286003747.067696,154391.311082,14806.556994995388,PACIFICO,14861.397825210355,-0.3690152895438725
2016,_T,2384728223.46524,155692.892352,15316.872770747304,PACIFICO,15331.618705991656,-0.09617989807291227
2017,_T,2494543914.864005,156741.03743,15915.065740062233,PACIFICO,15801.83958677284,0.7165377971826148
2018,_T,2571473523.14333,157670.030337,16309.209287568008,PACIFICO,16272.06046755414,0.228298193015819
2019,_T,2612261332.257061,156784.347611,16661.493140491177,PACIFICO,16742.281348335324,-0.48254002046250744
2020,_T,2612082750.772979,151875.584524,17198.83257707039,PACIFICO,17212.502229116508,-0.07941699506650579
2021,_T,2803273366.745855,153514.887993,18260.596111522933,PACIFICO,17682.723109897808,3.2680091071587425
2022,_T,2932078387.374513,155868.48481199998,18811.23301423649,PACIFICO,18152.943990678992,3.6263485630513292
2023,_T,3073955457.8508415,157134.625284,19562.559507779235,PACIFICO,18623.164871460292,5.044226600595425
2024,_T,2602323.0,13161.01,197.72973350829457,PACIFICO,19093.385752241476,-98.96440717181298
